"COUNTRY","YEAR","env","gen","loc","SEASON","check","PL_EMERG_C","PL_EMERG_P","FLW_DAYS","FLW_CL","PUB_CL","NDM","LOD","PODDING_MA","Pod_Shatte","PH_R8","W100G","GY","R6_BB_Sev","R6_BP_Sev","R6_BS_Sev","R6_BTS_Sev","R6_CLB_Sev","R6_DM_Sev","R6_MLS_Sev","R6_FELS_Se","R6_RLB_Sev","R6_RUST_Se","R6_RUST_RR","R6_Others_","PROT","OIL","SOWING","HARVEST","LAT","LON","ELEV","RAINFED","SOURCE","COMPANY"
"Malawi",2017,"E016","G003","L011",2,0,0,0,66.66666667,NA,NA,128.6666667,1,0,1,0,10,806.2866667,1,1,0,0,0,0,0,2,0,3,0,2,44.42333333,18.27,"12/18/2017","5/9/2018",-13.983,33.633,1097,"Rainfed","Savanna Agricultural Research Institute CSIRSARI","Public"
"Malawi",2017,"E016","G031","L011",2,0,0,0,63.66666667,NA,NA,131,3,0,1.333333333,0,11.66666667,1014.886667,1,1,0,0,0,0,0,1,0,2,0,1,44.84,17.72666667,"12/18/2017","5/9/2018",-13.983,33.633,1097,"Rainfed","Savanna Agricultural Research Institute CSIRSARI","Public"
"Malawi",2017,"E016","G034","L011",2,0,0,0,52.66666667,NA,NA,119.6666667,1,0,1.333333333,0,10,1597.84,3,1,0,0,0,0,0,1,0,3,0,1,41.49666667,21.89333333,"12/18/2017","5/9/2018",-13.983,33.633,1097,"Rainfed","ZamSeed","Private"
"Malawi",2017,"E016","G056","L011",2,0,0,0,47.66666667,NA,NA,117,1,0,1.333333333,0,15,1627.5,1,1,0,0,0,0,0,1,0,1,0,1,38.61,22.96333333,"12/18/2017","5/9/2018",-13.983,33.633,1097,"Rainfed","ZamSeed","Private"
"Malawi",2017,"E016","G059","L011",2,0,0,0,54.66666667,NA,NA,112,1,0,1,0,16.66666667,1498.723333,1,1,0,0,0,0,0,1,0,1,0,1,41.62,19.82,"12/18/2017","5/9/2018",-13.983,33.633,1097,"Rainfed","Makerere University","Public"
"Malawi",2017,"E016","G060","L011",2,0,0,0,56.33333333,NA,NA,119.6666667,2,0,1,0,13.33333333,1980.11,1,1,0,0,0,0,0,1,0,2,0,1,39.88,22.92333333,"12/18/2017","5/9/2018",-13.983,33.633,1097,"Rainfed","Makerere University","Public"
"Malawi",2017,"E016","G061","L011",2,0,0,0,52.66666667,NA,NA,120,1,0,1,0,18.33333333,1673.81,1,1,0,0,0,0,0,1,0,2,0,1,40.90666667,21.64,"12/18/2017","5/9/2018",-13.983,33.633,1097,"Rainfed","Makerere University","Public"
"Malawi",2017,"E016","G062","L011",2,0,0,0,54.66666667,NA,NA,124,4,0,1.333333333,0,13.33333333,1808.803333,1,1,0,0,0,0,0,2,0,1,0,1,42.32333333,21.09,"12/18/2017","5/9/2018",-13.983,33.633,1097,"Rainfed","Makerere University","Public"
"Malawi",2017,"E016","G063","L011",2,0,0,0,53,NA,NA,119,2,0,1.333333333,0,13.33333333,1815.11,1,1,0,0,0,0,0,1,0,1,0,1,40.15333333,21.10666667,"12/18/2017","5/9/2018",-13.983,33.633,1097,"Rainfed","Makerere University","Public"
"Malawi",2017,"E016","G065","L011",2,1,0,0,47.33333333,NA,NA,118,4,0,1,0,16.66666667,2400.773333,1,1,0,0,0,0,0,1,0,4,0,1,41.19666667,21.44333333,"12/18/2017","5/9/2018",-13.983,33.633,1097,"Rainfed","Department of Agricultural Research Services DARS","Public"
"Malawi",2017,"E016","G070","L011",2,0,0,0,56.66666667,NA,NA,124,2,0,1,0,10,2149.633333,1,1,0,0,0,0,0,2,0,4,0,1,41.52666667,20.80333333,"12/18/2017","5/9/2018",-13.983,33.633,1097,"Rainfed","MRISyngenta Synergy Agribusiness Zambia Limited","Private"
"Malawi",2017,"E016","G074","L011",2,1,0,0,47,NA,NA,119,1,0,1.333333333,0,16.66666667,1784.59,1,1,0,0,0,0,0,1,0,3,0,1,42.15,21.06,"12/18/2017","5/9/2018",-13.983,33.633,1097,"Rainfed","Department of Agricultural Research Services DARS","Public"
"Malawi",2017,"E016","G089","L011",2,0,0,0,64.33333333,NA,NA,131.6666667,4,0,1.333333333,0,11.66666667,1118.65,1,1,0,0,0,0,0,1,0,2,0,1,47.89,16.60666667,"12/18/2017","5/9/2018",-13.983,33.633,1097,"Rainfed","Savanna Agricultural Research Institute CSIRSARI","Public"
"Malawi",2017,"E016","G091","L011",2,0,0,0,48,NA,NA,125.3333333,1,0,1,0,16.66666667,2944.193333,1,1,0,0,0,0,0,1,0,1,0,1,41.95,22.49,"12/18/2017","5/9/2018",-13.983,33.633,1097,"Rainfed","SeedCo","Private"
"Malawi",2017,"E016","G092","L011",2,0,0,0,51.66666667,NA,NA,121,1,0,1,0,13.33333333,2529.036667,1,1,0,0,0,0,0,1,0,3,0,1,40.05,21.62,"12/18/2017","5/9/2018",-13.983,33.633,1097,"Rainfed","SeedCo","Private"
"Malawi",2017,"E016","G094","L011",2,0,0,0,48.66666667,NA,NA,118.6666667,1,0,1,0,11.66666667,2223.143333,3,1,0,0,0,0,0,1,0,4,0,1,37.94333333,22.29,"12/18/2017","5/9/2018",-13.983,33.633,1097,"Rainfed","SeedCo","Private"
"Malawi",2017,"E016","G096","L011",2,0,0,0,49.33333333,NA,NA,125.3333333,1,0,1,0,15,2991.886667,1,1,0,0,0,0,0,1,0,1,0,1,39.62666667,22.17333333,"12/18/2017","5/9/2018",-13.983,33.633,1097,"Rainfed","SeedCo","Private"
"Malawi",2017,"E016","G125","L011",2,0,0,0,63.66666667,NA,NA,138.6666667,1,0,1,0,0,NA,0,0,0,0,0,0,0,0,0,0,0,0,NA,NA,"12/18/2017","5/9/2018",-13.983,33.633,1097,"Rainfed","Savanna Agricultural Research Institute CSIRSARI","Public"
"Malawi",2017,"E016","G143","L011",2,0,0,0,47,NA,NA,120.6666667,1,0,1,0,18.33333333,2235.233333,3,1,0,0,0,0,0,2,0,3,0,1,40.10666667,22.67666667,"12/18/2017","5/9/2018",-13.983,33.633,1097,"Rainfed","SeedCo","Private"
"Malawi",2017,"E016","G156","L011",2,0,0,0,69,NA,NA,132.3333333,1,0,1,0,13.33333333,410.6933333,1,1,0,0,0,0,0,2,0,1,0,1,48.92666667,15.62,"12/18/2017","5/9/2018",-13.983,33.633,1097,"Rainfed","Savanna Agricultural Research Institute CSIRSARI","Public"
"Malawi",2017,"E016","G158","L011",2,0,0,0,57.33333333,NA,NA,124,4,0,1,0,10,1709.016667,1,1,0,0,0,0,0,1,0,2,0,3,43.27,18.56333333,"12/18/2017","5/9/2018",-13.983,33.633,1097,"Rainfed","Savanna Agricultural Research Institute CSIRSARI","Public"
"Malawi",2017,"E016","G182","L011",2,0,0,0,46.66666667,NA,NA,107.6666667,1,0,1.333333333,0,10,2319.11,1,1,0,0,0,0,0,1,0,1,0,1,40.86,20.63666667,"12/18/2017","5/9/2018",-13.983,33.633,1097,"Rainfed","International Institute of Tropical Agriculture IITA","Public"
"Malawi",2017,"E016","G183","L011",2,0,0,0,56,NA,NA,124,4,0,1,0,16.66666667,1645.393333,1,1,0,0,0,0,0,2,0,2,0,2,44.10666667,19.39,"12/18/2017","5/9/2018",-13.983,33.633,1097,"Rainfed","International Institute of Tropical Agriculture IITA","Public"
"Malawi",2017,"E016","G186","L011",2,0,0,0,51,NA,NA,120.6666667,4,0,1.333333333,0,11.66666667,2305.216667,1,1,0,0,0,0,0,2,0,2,0,2,42.86666667,20.37333333,"12/18/2017","5/9/2018",-13.983,33.633,1097,"Rainfed","International Institute of Tropical Agriculture IITA","Public"
"Malawi",2017,"E016","G188","L011",2,0,0,0,46.66666667,NA,NA,107,1,0,1,0,16.66666667,2207.08,1,1,0,0,0,0,0,1,0,1,0,1,40.36666667,21.21,"12/18/2017","5/9/2018",-13.983,33.633,1097,"Rainfed","International Institute of Tropical Agriculture IITA","Public"
"Malawi",2017,"E016","G196","L011",2,0,0,0,56.33333333,NA,NA,128.6666667,3,0,1.333333333,0,13.33333333,2140.876667,1,1,0,0,0,0,0,1,0,1,0,1,42.04666667,20.15333333,"12/18/2017","5/9/2018",-13.983,33.633,1097,"Rainfed","International Institute of Tropical Agriculture IITA","Public"
"Malawi",2017,"E016","G199","L011",2,0,0,0,54.66666667,NA,NA,120.6666667,2,0,1,0,15,2345.483333,1,1,0,0,0,0,0,1,0,2,0,1,43.36,20.73666667,"12/18/2017","5/9/2018",-13.983,33.633,1097,"Rainfed","International Institute of Tropical Agriculture IITA","Public"
"Malawi",2017,"E016","G201","L011",2,0,0,0,53.66666667,NA,NA,122,1,0,1,0,10,2090.163333,2,1,0,0,0,0,0,1,0,2,0,1,41.94666667,20.78333333,"12/18/2017","5/9/2018",-13.983,33.633,1097,"Rainfed","International Institute of Tropical Agriculture IITA","Public"
"Malawi",2017,"E016","G203","L011",2,0,0,0,50.66666667,NA,NA,119,1,0,1,0,20,2211.986667,2,1,0,0,0,0,0,1,0,2,0,1,42,21.84,"12/18/2017","5/9/2018",-13.983,33.633,1097,"Rainfed","International Institute of Tropical Agriculture IITA","Public"
"Malawi",2017,"E016","G206","L011",2,0,0,0,47,NA,NA,116.6666667,1,0,1,0,18.33333333,1868.24,1,1,0,0,0,0,0,1,0,1,0,1,38.47666667,22.65,"12/18/2017","5/9/2018",-13.983,33.633,1097,"Rainfed","International Institute of Tropical Agriculture IITA","Public"
"Malawi",2017,"E016","G208","L011",2,0,0,0,52.66666667,NA,NA,117.3333333,1,0,1.333333333,0,15,1942.213333,1,1,0,0,0,0,0,1,0,1,0,1,41.54333333,22.02666667,"12/18/2017","5/9/2018",-13.983,33.633,1097,"Rainfed","International Institute of Tropical Agriculture IITA","Public"
"Malawi",2017,"E016","G210","L011",2,0,0,0,46.66666667,NA,NA,113,2,0,1.333333333,0,16.66666667,2173.916667,1,1,0,0,0,0,0,1,0,1,0,1,40.40666667,22.45333333,"12/18/2017","5/9/2018",-13.983,33.633,1097,"Rainfed","International Institute of Tropical Agriculture IITA","Public"
"Malawi",2017,"E016","G212","L011",2,0,0,0,53.33333333,NA,NA,119.3333333,1,0,1,0,15,1378.053333,3,1,0,0,0,0,0,2,0,3,0,1,41.66666667,22.24,"12/18/2017","5/9/2018",-13.983,33.633,1097,"Rainfed","International Institute of Tropical Agriculture IITA","Public"
"Malawi",2017,"E016","G234","L011",2,0,0,0,48.66666667,NA,NA,117.3333333,1,0,1,0,11.66666667,1980.663333,1,1,0,0,0,0,0,1,0,1,0,1,41.49,21.44333333,"12/18/2017","5/9/2018",-13.983,33.633,1097,"Rainfed","International Institute of Tropical Agriculture IITA","Public"
"Malawi",2017,"E016","G246","L011",2,0,0,0,50.33333333,NA,NA,117.3333333,2,0,1,0,16.66666667,2273.58,1,1,0,0,0,0,0,1,0,2,0,1,43.3,21.34,"12/18/2017","5/9/2018",-13.983,33.633,1097,"Rainfed","International Institute of Tropical Agriculture IITA","Public"
"Malawi",2017,"E016","G365","L011",2,1,0,0,46.66666667,NA,NA,119,1,0,1,0,11.66666667,1770.453333,1,1,0,0,0,0,0,1,0,1,0,1,40.96333333,21.48666667,"12/18/2017","5/9/2018",-13.983,33.633,1097,"Rainfed","Department of Agricultural Research Services DARS","Public"
"Malawi",2017,"E015","G003","L010",2,0,0,0,39.33333333,NA,NA,108.6666667,1,0,1,0,11.33333333,1080.85,1,1,0,0,0,0,0,1,0,1,0,2,42.08666667,20.93666667,"12/19/2017","5/29/2018",-13.667,34.25,606,"Rainfed","Savanna Agricultural Research Institute CSIRSARI","Public"
"Malawi",2017,"E015","G031","L010",2,0,0,0,39.33333333,NA,NA,109,1,0,1.333333333,0,13,566.78,1,1,0,0,0,0,0,1,0,1,0,1,41.76,19.90333333,"12/19/2017","5/29/2018",-13.667,34.25,606,"Rainfed","Savanna Agricultural Research Institute CSIRSARI","Public"
"Malawi",2017,"E015","G034","L010",2,0,0,0,39.66666667,NA,NA,109,1,0,1,0,12.33333333,1068.996667,1,1,0,0,0,0,0,1,0,2,0,2,37.92666667,24.52666667,"12/19/2017","5/29/2018",-13.667,34.25,606,"Rainfed","ZamSeed","Private"
"Malawi",2017,"E015","G056","L010",2,0,0,0,41,NA,NA,110,2,0,1.333333333,0,15.66666667,1575.806667,1,1,0,0,0,0,0,1,0,2,0,1,36.47333333,25.11333333,"12/19/2017","5/29/2018",-13.667,34.25,606,"Rainfed","ZamSeed","Private"
"Malawi",2017,"E015","G059","L010",2,0,0,0,39.66666667,NA,NA,103.6666667,2,0,1,0,12.66666667,1063.343333,1,1,0,0,0,0,0,1,0,2,0,1,39.78666667,22.68,"12/19/2017","5/29/2018",-13.667,34.25,606,"Rainfed","Makerere University","Public"
"Malawi",2017,"E015","G060","L010",2,0,0,0,38.66666667,NA,NA,107.6666667,2,0,1,0,14.33333333,749.9666667,1,1,0,0,0,0,0,1,0,1,0,2,36.68333333,26.21666667,"12/19/2017","5/29/2018",-13.667,34.25,606,"Rainfed","Makerere University","Public"
"Malawi",2017,"E015","G061","L010",2,0,0,0,40.66666667,NA,NA,109.3333333,2,0,1,0,17.33333333,1153.816667,1,1,0,0,0,0,0,1,0,2,0,2,40.18,22.92,"12/19/2017","5/29/2018",-13.667,34.25,606,"Rainfed","Makerere University","Public"
"Malawi",2017,"E015","G062","L010",2,0,0,0,40,NA,NA,111,1,0,1.333333333,0,15.66666667,1299.456667,1,1,0,0,0,0,0,1,0,1,0,2,37.33333333,24.35666667,"12/19/2017","5/29/2018",-13.667,34.25,606,"Rainfed","Makerere University","Public"
"Malawi",2017,"E015","G063","L010",2,0,0,0,39,NA,NA,104,2,0,1.333333333,0,14,1640.93,1,1,0,0,0,0,0,1,0,2,0,1,40.85333333,23.45333333,"12/19/2017","5/29/2018",-13.667,34.25,606,"Rainfed","Makerere University","Public"
"Malawi",2017,"E015","G065","L010",2,1,0,0,39.33333333,NA,NA,108.3333333,2,0,1,0,16.66666667,1123.48,1,1,0,0,0,0,0,1,0,2,0,1,35.24666667,25.26666667,"12/19/2017","5/29/2018",-13.667,34.25,606,"Rainfed","Department of Agricultural Research Services DARS","Public"
"Malawi",2017,"E015","G070","L010",2,0,0,0,40,NA,NA,108.6666667,1,0,1,0,13.33333333,1227.05,1,1,0,0,0,0,0,1,0,1,0,1,40.91666667,23.09333333,"12/19/2017","5/29/2018",-13.667,34.25,606,"Rainfed","MRISyngenta Synergy Agribusiness Zambia Limited","Private"
"Malawi",2017,"E015","G074","L010",2,1,0,0,38.66666667,NA,NA,109,2,0,1,0,15,1009.816667,1,1,0,0,0,0,0,1,0,2,0,1,40.36333333,21.14,"12/19/2017","5/29/2018",-13.667,34.25,606,"Rainfed","Department of Agricultural Research Services DARS","Public"
"Malawi",2017,"E015","G089","L010",2,0,0,0,40.33333333,NA,NA,111.3333333,1,0,1.333333333,0,12.33333333,1358.07,1,1,0,0,0,0,0,1,0,1,0,1,43.04333333,20.77333333,"12/19/2017","5/29/2018",-13.667,34.25,606,"Rainfed","Savanna Agricultural Research Institute CSIRSARI","Public"
"Malawi",2017,"E015","G091","L010",2,0,0,0,39.66666667,NA,NA,110.6666667,2,0,1,0,16.33333333,1660.103333,1,1,0,0,0,0,0,1,0,2,0,2,39.44333333,23.54,"12/19/2017","5/29/2018",-13.667,34.25,606,"Rainfed","SeedCo","Private"
"Malawi",2017,"E015","G092","L010",2,0,0,0,39.66666667,NA,NA,107.6666667,2,0,1,0,17,1227.593333,1,1,0,0,0,0,0,1,0,1,0,2,36.88666667,24.25333333,"12/19/2017","5/29/2018",-13.667,34.25,606,"Rainfed","SeedCo","Private"
"Malawi",2017,"E015","G094","L010",2,0,0,0,38.66666667,NA,NA,111.3333333,2,0,1,0,13.66666667,1067.306667,1,1,0,0,0,0,0,1,0,1,0,2,38.88333333,22.70666667,"12/19/2017","5/29/2018",-13.667,34.25,606,"Rainfed","SeedCo","Private"
"Malawi",2017,"E015","G096","L010",2,0,0,0,39.66666667,NA,NA,109.3333333,2,0,1,0,14.33333333,877.2333333,1,1,0,0,0,0,0,1,0,1,0,1,38.09666667,24.91,"12/19/2017","5/29/2018",-13.667,34.25,606,"Rainfed","SeedCo","Private"
"Malawi",2017,"E015","G125","L010",2,0,0,0,40.33333333,NA,NA,110.6666667,1,0,1,0,12.33333333,1217.046667,1,1,0,0,0,0,0,1,0,2,0,1,41.98,20.53,"12/19/2017","5/29/2018",-13.667,34.25,606,"Rainfed","Savanna Agricultural Research Institute CSIRSARI","Public"
"Malawi",2017,"E015","G143","L010",2,0,0,0,38.66666667,NA,NA,110.3333333,1,0,1,0,21.33333333,955.5266667,1,1,0,0,0,0,0,1,0,1,0,2,37.1,26.10333333,"12/19/2017","5/29/2018",-13.667,34.25,606,"Rainfed","SeedCo","Private"
"Malawi",2017,"E015","G156","L010",2,0,0,0,41,NA,NA,111.3333333,1,0,1,0,11,1432.04,1,1,0,0,0,0,0,1,0,1,0,2,42.51666667,20.26,"12/19/2017","5/29/2018",-13.667,34.25,606,"Rainfed","Savanna Agricultural Research Institute CSIRSARI","Public"
"Malawi",2017,"E015","G158","L010",2,0,0,0,39,NA,NA,109,2,0,1,0,11.33333333,585.4333333,1,1,0,0,0,0,0,1,0,1,0,1,42.38,20.54333333,"12/19/2017","5/29/2018",-13.667,34.25,606,"Rainfed","Savanna Agricultural Research Institute CSIRSARI","Public"
"Malawi",2017,"E015","G182","L010",2,0,0,0,38.66666667,NA,NA,104.3333333,3,0,1,0,11.33333333,1073.03,1,1,0,0,0,0,0,1,0,2,0,1,39.57,22.63666667,"12/19/2017","5/29/2018",-13.667,34.25,606,"Rainfed","International Institute of Tropical Agriculture IITA","Public"
"Malawi",2017,"E015","G183","L010",2,0,0,0,40.33333333,NA,NA,108.6666667,2,0,1,0,12.66666667,1318.103333,1,1,0,0,0,0,0,1,0,1,0,1,40.41333333,21.94,"12/19/2017","5/29/2018",-13.667,34.25,606,"Rainfed","International Institute of Tropical Agriculture IITA","Public"
"Malawi",2017,"E015","G186","L010",2,0,0,0,39.33333333,NA,NA,106,2,0,1.333333333,0,11.66666667,1617.436667,1,1,0,0,0,0,0,1,0,1,0,2,41.53333333,22.22,"12/19/2017","5/29/2018",-13.667,34.25,606,"Rainfed","International Institute of Tropical Agriculture IITA","Public"
"Malawi",2017,"E015","G188","L010",2,0,0,0,38.66666667,NA,NA,104,3,0,1,0,10.66666667,1451.223333,1,1,0,0,0,0,0,1,0,1,0,1,39.17666667,22.34666667,"12/19/2017","5/29/2018",-13.667,34.25,606,"Rainfed","International Institute of Tropical Agriculture IITA","Public"
"Malawi",2017,"E015","G196","L010",2,0,0,0,38.33333333,NA,NA,107,2,0,1,0,13,1797.963333,1,1,0,0,0,0,0,1,0,2,0,1,40.16333333,21.32,"12/19/2017","5/29/2018",-13.667,34.25,606,"Rainfed","International Institute of Tropical Agriculture IITA","Public"
"Malawi",2017,"E015","G199","L010",2,0,0,0,39.33333333,NA,NA,109,2,0,1,0,13,1331.886667,1,1,0,0,0,0,0,1,0,2,0,1,41.39333333,20.94333333,"12/19/2017","5/29/2018",-13.667,34.25,606,"Rainfed","International Institute of Tropical Agriculture IITA","Public"
"Malawi",2017,"E015","G201","L010",2,0,0,0,41.33333333,NA,NA,108.6666667,3,0,1,0,13.33333333,1415.8,1,1,0,0,0,0,0,1,0,1,0,3,37.37,23.91333333,"12/19/2017","5/29/2018",-13.667,34.25,606,"Rainfed","International Institute of Tropical Agriculture IITA","Public"
"Malawi",2017,"E015","G203","L010",2,0,0,0,39.33333333,NA,NA,105.3333333,2,0,1,0,13.33333333,1094.166667,1,1,0,0,0,0,0,1,0,2,0,1,37.59333333,24.7,"12/19/2017","5/29/2018",-13.667,34.25,606,"Rainfed","International Institute of Tropical Agriculture IITA","Public"
"Malawi",2017,"E015","G206","L010",2,0,0,0,39,NA,NA,103.6666667,2,0,1,0,16,1256.04,1,1,0,0,0,0,0,1,0,2,0,2,36.73333333,24.74333333,"12/19/2017","5/29/2018",-13.667,34.25,606,"Rainfed","International Institute of Tropical Agriculture IITA","Public"
"Malawi",2017,"E015","G208","L010",2,0,0,0,40,NA,NA,104.6666667,2,0,1.333333333,0,14.33333333,1115.946667,1,1,0,0,0,0,0,1,0,2,0,1,38.33,23.88333333,"12/19/2017","5/29/2018",-13.667,34.25,606,"Rainfed","International Institute of Tropical Agriculture IITA","Public"
"Malawi",2017,"E015","G210","L010",2,0,0,0,25.66666667,NA,NA,105,2,0,1.333333333,0,15,1073.766667,1,1,0,0,0,0,0,1,0,1,0,1,39.28666667,23.35,"12/19/2017","5/29/2018",-13.667,34.25,606,"Rainfed","International Institute of Tropical Agriculture IITA","Public"
"Malawi",2017,"E015","G212","L010",2,0,0,0,40,NA,NA,105.3333333,2,0,1,0,13.66666667,1213.56,1,1,0,0,0,0,0,1,0,1,0,2,37.29666667,25.79666667,"12/19/2017","5/29/2018",-13.667,34.25,606,"Rainfed","International Institute of Tropical Agriculture IITA","Public"
"Malawi",2017,"E015","G234","L010",2,0,0,0,40.66666667,NA,NA,105.6666667,2,0,1,0,7.666666667,1406.05,1,1,0,0,0,0,0,1,0,4,0,2,39.49,22.34,"12/19/2017","5/29/2018",-13.667,34.25,606,"Rainfed","International Institute of Tropical Agriculture IITA","Public"
"Malawi",2017,"E015","G246","L010",2,0,0,0,40.66666667,NA,NA,104.6666667,2,0,1,0,14.33333333,782.8566667,1,1,0,0,0,0,0,1,0,3,0,2,39.33666667,22.98333333,"12/19/2017","5/29/2018",-13.667,34.25,606,"Rainfed","International Institute of Tropical Agriculture IITA","Public"
"Malawi",2017,"E015","G365","L010",2,1,0,0,39,NA,NA,104.3333333,3,0,1,0,11,1389.073333,1,1,0,0,0,0,0,1,0,1,0,1,38.10333333,22.56,"12/19/2017","5/29/2018",-13.667,34.25,606,"Rainfed","Department of Agricultural Research Services DARS","Public"
"Malawi",2017,"E021","G003","L016",2,0,0,0,54.33333333,NA,NA,0,0,0,0,0,12.33333333,1774.736667,1,1,0,0,0,0,0,1,0,1,0,1,42.74333333,18.76666667,"1/11/2018","5/15/2018",-13.417,33.617,1104,"Rainfed","Savanna Agricultural Research Institute CSIRSARI","Public"
"Malawi",2017,"E021","G031","L016",2,0,0,0,50,NA,NA,0,0,0,0,0,11.33333333,1189.526667,1,1,0,0,0,0,0,1,0,1,0,1,41.39,19.01,"1/11/2018","5/15/2018",-13.417,33.617,1104,"Rainfed","Savanna Agricultural Research Institute CSIRSARI","Public"
"Malawi",2017,"E021","G034","L016",2,0,0,0,49.33333333,NA,NA,0,0,0,0,0,14,3239.046667,1,1,0,0,0,0,0,1,0,1,0,1,39.94,22.23666667,"1/11/2018","5/15/2018",-13.417,33.617,1104,"Rainfed","ZamSeed","Private"
"Malawi",2017,"E021","G056","L016",2,0,0,0,50,NA,NA,0,0,0,0,0,15.33333333,2838.12,1,1,0,0,0,0,0,1,0,1,0,1,35.74666667,22.96,"1/11/2018","5/15/2018",-13.417,33.617,1104,"Rainfed","ZamSeed","Private"
"Malawi",2017,"E021","G059","L016",2,0,0,0,46.33333333,NA,NA,0,0,0,0,0,13.33333333,3204.556667,1,1,0,0,0,0,0,1,0,1,0,1,41.77,19.28333333,"1/11/2018","5/15/2018",-13.417,33.617,1104,"Rainfed","Makerere University","Public"
"Malawi",2017,"E021","G060","L016",2,0,0,0,50,NA,NA,0,0,0,0,0,14.33333333,3543.576667,1,1,0,0,0,0,0,1,0,1,0,1,39.4,21.63,"1/11/2018","5/15/2018",-13.417,33.617,1104,"Rainfed","Makerere University","Public"
"Malawi",2017,"E021","G061","L016",2,0,0,0,57.66666667,NA,NA,0,0,0,0,0,13.66666667,3263.01,1,1,0,0,0,0,0,1,0,1,0,1,41.05333333,21.3,"1/11/2018","5/15/2018",-13.417,33.617,1104,"Rainfed","Makerere University","Public"
"Malawi",2017,"E021","G062","L016",2,0,0,0,49.33333333,NA,NA,0,0,0,0,0,15.33333333,2846.603333,1,1,0,0,0,0,0,1,0,1,0,1,41.33,20.73,"1/11/2018","5/15/2018",-13.417,33.617,1104,"Rainfed","Makerere University","Public"
"Malawi",2017,"E021","G063","L016",2,0,0,0,43.66666667,NA,NA,0,0,0,0,0,12.33333333,3251.593333,1,1,0,0,0,0,0,1,0,1,0,1,42.73666667,20.18333333,"1/11/2018","5/15/2018",-13.417,33.617,1104,"Rainfed","Makerere University","Public"
"Malawi",2017,"E021","G065","L016",2,1,0,0,46.33333333,NA,NA,0,0,0,0,0,14,3354.893333,1,1,0,0,0,0,0,1,0,1,0,1,39.75666667,21.00666667,"1/11/2018","5/15/2018",-13.417,33.617,1104,"Rainfed","Department of Agricultural Research Services DARS","Public"
"Malawi",2017,"E021","G070","L016",2,0,0,0,46,NA,NA,0,0,0,0,0,16,3045.25,1,1,0,0,0,0,0,1,0,1,0,1,40.69666667,21.02333333,"1/11/2018","5/15/2018",-13.417,33.617,1104,"Rainfed","MRISyngenta Synergy Agribusiness Zambia Limited","Private"
"Malawi",2017,"E021","G074","L016",2,1,0,0,53.66666667,NA,NA,0,0,0,0,0,15.33333333,2616.01,1,1,0,0,0,0,0,1,0,1,0,1,40.20666667,20.6,"1/11/2018","5/15/2018",-13.417,33.617,1104,"Rainfed","Department of Agricultural Research Services DARS","Public"
"Malawi",2017,"E021","G089","L016",2,0,0,0,47.33333333,NA,NA,0,0,0,0,0,13.66666667,1414.623333,1,1,0,0,0,0,0,1,0,1,0,1,44.41,17.98666667,"1/11/2018","5/15/2018",-13.417,33.617,1104,"Rainfed","Savanna Agricultural Research Institute CSIRSARI","Public"
"Malawi",2017,"E021","G091","L016",2,0,0,0,50,NA,NA,0,0,0,0,0,13.33333333,3706.983333,1,1,0,0,0,0,0,1,0,1,0,1,38.96666667,22.61,"1/11/2018","5/15/2018",-13.417,33.617,1104,"Rainfed","SeedCo","Private"
"Malawi",2017,"E021","G092","L016",2,0,0,0,50,NA,NA,0,0,0,0,0,12,4501.74,1,1,0,0,0,0,0,1,0,1,0,1,39.69,20.79666667,"1/11/2018","5/15/2018",-13.417,33.617,1104,"Rainfed","SeedCo","Private"
"Malawi",2017,"E021","G094","L016",2,0,0,0,51.33333333,NA,NA,0,0,0,0,0,11,3265.206667,1,1,0,0,0,0,0,1,0,1,0,1,37.89333333,21.96,"1/11/2018","5/15/2018",-13.417,33.617,1104,"Rainfed","SeedCo","Private"
"Malawi",2017,"E021","G096","L016",2,0,0,0,47.33333333,NA,NA,0,0,0,0,0,12.33333333,3251.396667,1,1,0,0,0,0,0,1,0,1,0,1,37.08666667,22.66,"1/11/2018","5/15/2018",-13.417,33.617,1104,"Rainfed","SeedCo","Private"
"Malawi",2017,"E021","G125","L016",2,0,0,0,46.66666667,NA,NA,0,0,0,0,0,11,1484.13,1,1,0,0,0,0,0,1,0,1,0,1,43.36666667,17.83666667,"1/11/2018","5/15/2018",-13.417,33.617,1104,"Rainfed","Savanna Agricultural Research Institute CSIRSARI","Public"
"Malawi",2017,"E021","G143","L016",2,0,0,0,47.66666667,NA,NA,0,0,0,0,0,13.33333333,2987.06,1,1,0,0,0,0,0,1,0,1,0,1,37.49333333,22.91666667,"1/11/2018","5/15/2018",-13.417,33.617,1104,"Rainfed","SeedCo","Private"
"Malawi",2017,"E021","G156","L016",2,0,0,0,47.33333333,NA,NA,0,0,0,0,0,11,1189.983333,1,1,0,0,0,0,0,1,0,1,0,1,46.29,16.30666667,"1/11/2018","5/15/2018",-13.417,33.617,1104,"Rainfed","Savanna Agricultural Research Institute CSIRSARI","Public"
"Malawi",2017,"E021","G158","L016",2,0,0,0,49,NA,NA,0,0,0,0,0,11.66666667,1258.933333,1,1,0,0,0,0,0,1,0,1,0,1,43.18666667,18.56333333,"1/11/2018","5/15/2018",-13.417,33.617,1104,"Rainfed","Savanna Agricultural Research Institute CSIRSARI","Public"
"Malawi",2017,"E021","G182","L016",2,0,0,0,58.66666667,NA,NA,0,0,0,0,0,14,3680.41,1,1,0,0,0,0,0,1,0,1,0,1,39.98,21.12333333,"1/11/2018","5/15/2018",-13.417,33.617,1104,"Rainfed","International Institute of Tropical Agriculture IITA","Public"
"Malawi",2017,"E021","G183","L016",2,0,0,0,48.66666667,NA,NA,0,0,0,0,0,12,3076.203333,1,1,0,0,0,0,0,1,0,1,0,1,43.01666667,19.08333333,"1/11/2018","5/15/2018",-13.417,33.617,1104,"Rainfed","International Institute of Tropical Agriculture IITA","Public"
"Malawi",2017,"E021","G186","L016",2,0,0,0,45.33333333,NA,NA,0,0,0,0,0,14.66666667,2754.78,1,1,0,0,0,0,0,1,0,1,0,1,42.47,19.655,"1/11/2018","5/15/2018",-13.417,33.617,1104,"Rainfed","International Institute of Tropical Agriculture IITA","Public"
"Malawi",2017,"E021","G188","L016",2,0,0,0,50,NA,NA,0,0,0,0,0,13.33333333,4116.623333,1,1,0,0,0,0,0,1,0,1,0,1,40.63,20.52666667,"1/11/2018","5/15/2018",-13.417,33.617,1104,"Rainfed","International Institute of Tropical Agriculture IITA","Public"
"Malawi",2017,"E021","G196","L016",2,0,0,0,45.33333333,NA,NA,0,0,0,0,0,11.66666667,3295.42,1,1,0,0,0,0,0,1,0,1,0,1,40.91,20.01333333,"1/11/2018","5/15/2018",-13.417,33.617,1104,"Rainfed","International Institute of Tropical Agriculture IITA","Public"
"Malawi",2017,"E021","G199","L016",2,0,0,0,45.66666667,NA,NA,0,0,0,0,0,13.33333333,3068.696667,1,1,0,0,0,0,0,1,0,1,0,1,41.31333333,21.09666667,"1/11/2018","5/15/2018",-13.417,33.617,1104,"Rainfed","International Institute of Tropical Agriculture IITA","Public"
"Malawi",2017,"E021","G201","L016",2,0,0,0,53,NA,NA,0,0,0,0,0,12,3099.193333,1,1,0,0,0,0,0,1,0,1,0,1,38.96,22.40666667,"1/11/2018","5/15/2018",-13.417,33.617,1104,"Rainfed","International Institute of Tropical Agriculture IITA","Public"
"Malawi",2017,"E021","G203","L016",2,0,0,0,47,NA,NA,0,0,0,0,0,13,3349.23,1,1,0,0,0,0,0,1,0,1,0,1,43.05666667,20.78,"1/11/2018","5/15/2018",-13.417,33.617,1104,"Rainfed","International Institute of Tropical Agriculture IITA","Public"
"Malawi",2017,"E021","G206","L016",2,0,0,0,47.33333333,NA,NA,0,0,0,0,0,15.33333333,2797.953333,1,1,0,0,0,0,0,1,0,1,0,1,37.09,23.25333333,"1/11/2018","5/15/2018",-13.417,33.617,1104,"Rainfed","International Institute of Tropical Agriculture IITA","Public"
"Malawi",2017,"E021","G208","L016",2,0,0,0,47.66666667,NA,NA,0,0,0,0,0,13,3376.596667,1,1,0,0,0,0,0,1,0,1,0,1,38.69,22.15,"1/11/2018","5/15/2018",-13.417,33.617,1104,"Rainfed","International Institute of Tropical Agriculture IITA","Public"
"Malawi",2017,"E021","G210","L016",2,0,0,0,47,NA,NA,0,0,0,0,0,20,3273.003333,1,1,0,0,0,0,0,1,0,1,0,1,37.36,23.12666667,"1/11/2018","5/15/2018",-13.417,33.617,1104,"Rainfed","International Institute of Tropical Agriculture IITA","Public"
"Malawi",2017,"E021","G212","L016",2,0,0,0,51,NA,NA,0,0,0,0,0,11.66666667,2915.726667,1,1,0,0,0,0,0,1,0,1,0,1,40.11,21.85666667,"1/11/2018","5/15/2018",-13.417,33.617,1104,"Rainfed","International Institute of Tropical Agriculture IITA","Public"
"Malawi",2017,"E021","G234","L016",2,0,0,0,51.66666667,NA,NA,0,0,0,0,0,15.33333333,3138.273333,1,1,0,0,0,0,0,1,0,1,0,1,40.02666667,20.74666667,"1/11/2018","5/15/2018",-13.417,33.617,1104,"Rainfed","International Institute of Tropical Agriculture IITA","Public"
"Malawi",2017,"E021","G246","L016",2,0,0,0,48.33333333,NA,NA,0,0,0,0,0,13,2681.916667,1,1,0,0,0,0,0,1,0,1,0,1,42.47333333,21.18,"1/11/2018","5/15/2018",-13.417,33.617,1104,"Rainfed","International Institute of Tropical Agriculture IITA","Public"
"Malawi",2017,"E021","G365","L016",2,1,0,0,45.66666667,NA,NA,0,0,0,0,0,10.66666667,3306.376667,1,1,0,0,0,0,0,1,0,1,0,1,39.74333333,20.53666667,"1/11/2018","5/15/2018",-13.417,33.617,1104,"Rainfed","Department of Agricultural Research Services DARS","Public"
"Malawi",2017,"E019","G003","L014",2,0,0,0,0,NA,NA,0,5,0,1,0,12,851.16,0,0,0,0,0,0,0,0,0,0,0,0,39.75666667,19.63333333,"1/15/2018","5/11/2018",-12.95,33.683,1078,"Rainfed","Savanna Agricultural Research Institute CSIRSARI","Public"
"Malawi",2017,"E019","G031","L014",2,0,0,0,0,NA,NA,0,1,0,1,0,10,122.98,0,0,0,0,0,0,0,0,0,0,0,0,42.11,17.82,"1/15/2018","5/11/2018",-12.95,33.683,1078,"Rainfed","Savanna Agricultural Research Institute CSIRSARI","Public"
"Malawi",2017,"E019","G034","L014",2,0,0,0,0,NA,NA,0,5,0,1,0,13.66666667,1876.063333,0,0,0,0,0,0,0,0,0,0,0,0,35.16333333,23.82,"1/15/2018","5/11/2018",-12.95,33.683,1078,"Rainfed","ZamSeed","Private"
"Malawi",2017,"E019","G056","L014",2,0,0,0,0,NA,NA,0,5,0,5,0,17,1717.173333,0,0,0,0,0,0,0,0,0,0,0,0,34.75,23.04,"1/15/2018","5/11/2018",-12.95,33.683,1078,"Rainfed","ZamSeed","Private"
"Malawi",2017,"E019","G059","L014",2,0,0,0,0,NA,NA,0,5,0,4,0,8.666666667,1371.395,0,0,0,0,0,0,0,0,0,0,0,0,36.81,20.865,"1/15/2018","5/11/2018",-12.95,33.683,1078,"Rainfed","Makerere University","Public"
"Malawi",2017,"E019","G060","L014",2,0,0,0,0,NA,NA,0,5,0,2.666666667,0,12,1720.226667,0,0,0,0,0,0,0,0,0,0,0,0,31.36333333,24.13,"1/15/2018","5/11/2018",-12.95,33.683,1078,"Rainfed","Makerere University","Public"
"Malawi",2017,"E019","G061","L014",2,0,0,0,0,NA,NA,0,5,0,1.333333333,0,15.66666667,1395.996667,0,0,0,0,0,0,0,0,0,0,0,0,32.48666667,22.69333333,"1/15/2018","5/11/2018",-12.95,33.683,1078,"Rainfed","Makerere University","Public"
"Malawi",2017,"E019","G062","L014",2,0,0,0,0,NA,NA,0,5,0,2.333333333,0,14.66666667,1203.896667,0,0,0,0,0,0,0,0,0,0,0,0,36.52333333,21.49,"1/15/2018","5/11/2018",-12.95,33.683,1078,"Rainfed","Makerere University","Public"
"Malawi",2017,"E019","G063","L014",2,0,0,0,0,NA,NA,0,5,0,3.666666667,0,15.33333333,1788.226667,0,0,0,0,0,0,0,0,0,0,0,0,36.23,21.96333333,"1/15/2018","5/11/2018",-12.95,33.683,1078,"Rainfed","Makerere University","Public"
"Malawi",2017,"E019","G065","L014",2,1,0,0,0,NA,NA,0,5,0,1,0,15.66666667,1841.753333,0,0,0,0,0,0,0,0,0,0,0,0,35.56333333,21.70666667,"1/15/2018","5/11/2018",-12.95,33.683,1078,"Rainfed","Department of Agricultural Research Services DARS","Public"
"Malawi",2017,"E019","G070","L014",2,0,0,0,0,NA,NA,0,3,0,1,0,17.33333333,2044.64,0,0,0,0,0,0,0,0,0,0,0,0,36.96666667,21.72333333,"1/15/2018","5/11/2018",-12.95,33.683,1078,"Rainfed","MRISyngenta Synergy Agribusiness Zambia Limited","Private"
"Malawi",2017,"E019","G074","L014",2,1,0,0,0,NA,NA,0,3,0,1.666666667,0,16.66666667,1670.946667,0,0,0,0,0,0,0,0,0,0,0,0,33.01333333,22.12666667,"1/15/2018","5/11/2018",-12.95,33.683,1078,"Rainfed","Department of Agricultural Research Services DARS","Public"
"Malawi",2017,"E019","G089","L014",2,0,0,0,0,NA,NA,0,5,0,1,0,14.33333333,1698.11,0,0,0,0,0,0,0,0,0,0,0,0,39.92666667,19.76,"1/15/2018","5/11/2018",-12.95,33.683,1078,"Rainfed","Savanna Agricultural Research Institute CSIRSARI","Public"
"Malawi",2017,"E019","G091","L014",2,0,0,0,0,NA,NA,0,1,0,1.333333333,0,16,2023.13,0,0,0,0,0,0,0,0,0,0,0,0,34.64666667,22.38666667,"1/15/2018","5/11/2018",-12.95,33.683,1078,"Rainfed","SeedCo","Private"
"Malawi",2017,"E019","G092","L014",2,0,0,0,0,NA,NA,0,3,0,1.333333333,0,11,2371.85,0,0,0,0,0,0,0,0,0,0,0,0,32.195,23.48,"1/15/2018","5/11/2018",-12.95,33.683,1078,"Rainfed","SeedCo","Private"
"Malawi",2017,"E019","G094","L014",2,0,0,0,0,NA,NA,0,5,0,1.333333333,0,14,1980,0,0,0,0,0,0,0,0,0,0,0,0,34.40333333,22.52333333,"1/15/2018","5/11/2018",-12.95,33.683,1078,"Rainfed","SeedCo","Private"
"Malawi",2017,"E019","G096","L014",2,0,0,0,0,NA,NA,0,5,0,1,0,15,1809.82,0,0,0,0,0,0,0,0,0,0,0,0,32.02,23.83333333,"1/15/2018","5/11/2018",-12.95,33.683,1078,"Rainfed","SeedCo","Private"
"Malawi",2017,"E019","G125","L014",2,0,0,0,0,NA,NA,0,5,0,1,0,15,1068.29,0,0,0,0,0,0,0,0,0,0,0,0,37.06,20.19333333,"1/15/2018","5/11/2018",-12.95,33.683,1078,"Rainfed","Savanna Agricultural Research Institute CSIRSARI","Public"
"Malawi",2017,"E019","G143","L014",2,0,0,0,0,NA,NA,0,5,0,1,0,14.66666667,1525.46,0,0,0,0,0,0,0,0,0,0,0,0,30.18333333,23.97333333,"1/15/2018","5/11/2018",-12.95,33.683,1078,"Rainfed","SeedCo","Private"
"Malawi",2017,"E019","G156","L014",2,0,0,0,0,NA,NA,0,5,0,1,0,7,1170.91,0,0,0,0,0,0,0,0,0,0,0,0,44.68,17.36,"1/15/2018","5/11/2018",-12.95,33.683,1078,"Rainfed","Savanna Agricultural Research Institute CSIRSARI","Public"
"Malawi",2017,"E019","G158","L014",2,0,0,0,0,NA,NA,0,3,0,2.666666667,0,5.666666667,479.9,0,0,0,0,0,0,0,0,0,0,0,0,42.01,20.74,"1/15/2018","5/11/2018",-12.95,33.683,1078,"Rainfed","Savanna Agricultural Research Institute CSIRSARI","Public"
"Malawi",2017,"E019","G182","L014",2,0,0,0,0,NA,NA,0,5,0,3.666666667,0,9,1867.265,0,0,0,0,0,0,0,0,0,0,0,0,34.18,21.8,"1/15/2018","5/11/2018",-12.95,33.683,1078,"Rainfed","International Institute of Tropical Agriculture IITA","Public"
"Malawi",2017,"E019","G183","L014",2,0,0,0,0,NA,NA,0,4,0,1,0,16.33333333,1980.236667,0,0,0,0,0,0,0,0,0,0,0,0,37.08666667,20.78,"1/15/2018","5/11/2018",-12.95,33.683,1078,"Rainfed","International Institute of Tropical Agriculture IITA","Public"
"Malawi",2017,"E019","G186","L014",2,0,0,0,0,NA,NA,0,3,0,2.333333333,0,9,1528.02,0,0,0,0,0,0,0,0,0,0,0,0,37.34,23.19,"1/15/2018","5/11/2018",-12.95,33.683,1078,"Rainfed","International Institute of Tropical Agriculture IITA","Public"
"Malawi",2017,"E019","G188","L014",2,0,0,0,0,NA,NA,0,5,0,3.666666667,0,13,2771.863333,0,0,0,0,0,0,0,0,0,0,0,0,37.05333333,21.59333333,"1/15/2018","5/11/2018",-12.95,33.683,1078,"Rainfed","International Institute of Tropical Agriculture IITA","Public"
"Malawi",2017,"E019","G196","L014",2,0,0,0,0,NA,NA,0,3,0,1,0,15,2334.166667,0,0,0,0,0,0,0,0,0,0,0,0,35.10666667,21.70333333,"1/15/2018","5/11/2018",-12.95,33.683,1078,"Rainfed","International Institute of Tropical Agriculture IITA","Public"
"Malawi",2017,"E019","G199","L014",2,0,0,0,0,NA,NA,0,5,0,5,0,18,1702.843333,0,0,0,0,0,0,0,0,0,0,0,0,36.59,21.08,"1/15/2018","5/11/2018",-12.95,33.683,1078,"Rainfed","International Institute of Tropical Agriculture IITA","Public"
"Malawi",2017,"E019","G201","L014",2,0,0,0,0,NA,NA,0,2,0,4.333333333,0,14.66666667,1455.383333,0,0,0,0,0,0,0,0,0,0,0,0,37.85666667,20.81666667,"1/15/2018","5/11/2018",-12.95,33.683,1078,"Rainfed","International Institute of Tropical Agriculture IITA","Public"
"Malawi",2017,"E019","G203","L014",2,0,0,0,0,NA,NA,0,4,0,1.666666667,0,15,1529.84,0,0,0,0,0,0,0,0,0,0,0,0,35.42333333,23.00333333,"1/15/2018","5/11/2018",-12.95,33.683,1078,"Rainfed","International Institute of Tropical Agriculture IITA","Public"
"Malawi",2017,"E019","G206","L014",2,0,0,0,0,NA,NA,0,5,0,1.666666667,0,15.33333333,1350.896667,0,0,0,0,0,0,0,0,0,0,0,0,31.61,23.55333333,"1/15/2018","5/11/2018",-12.95,33.683,1078,"Rainfed","International Institute of Tropical Agriculture IITA","Public"
"Malawi",2017,"E019","G208","L014",2,0,0,0,0,NA,NA,0,5,0,2,0,11.66666667,1725.213333,0,0,0,0,0,0,0,0,0,0,0,0,31.05333333,24.03333333,"1/15/2018","5/11/2018",-12.95,33.683,1078,"Rainfed","International Institute of Tropical Agriculture IITA","Public"
"Malawi",2017,"E019","G210","L014",2,0,0,0,0,NA,NA,0,5,0,2.666666667,0,17.66666667,1446.243333,0,0,0,0,0,0,0,0,0,0,0,0,35.4,22.38,"1/15/2018","5/11/2018",-12.95,33.683,1078,"Rainfed","International Institute of Tropical Agriculture IITA","Public"
"Malawi",2017,"E019","G212","L014",2,0,0,0,0,NA,NA,0,5,0,1,0,15,1751.8,0,0,0,0,0,0,0,0,0,0,0,0,33.28,24.51,"1/15/2018","5/11/2018",-12.95,33.683,1078,"Rainfed","International Institute of Tropical Agriculture IITA","Public"
"Malawi",2017,"E019","G234","L014",2,0,0,0,0,NA,NA,0,5,0,1,0,13,1862.986667,0,0,0,0,0,0,0,0,0,0,0,0,36.90333333,22.09666667,"1/15/2018","5/11/2018",-12.95,33.683,1078,"Rainfed","International Institute of Tropical Agriculture IITA","Public"
"Malawi",2017,"E019","G246","L014",2,0,0,0,0,NA,NA,0,5,0,1,0,17,1495.503333,0,0,0,0,0,0,0,0,0,0,0,0,33.66333333,22.31,"1/15/2018","5/11/2018",-12.95,33.683,1078,"Rainfed","International Institute of Tropical Agriculture IITA","Public"
"Malawi",2017,"E019","G365","L014",2,1,0,0,0,NA,NA,0,5,0,2.333333333,0,12.33333333,2273.176667,0,0,0,0,0,0,0,0,0,0,0,0,37.31333333,21.16333333,"1/15/2018","5/11/2018",-12.95,33.683,1078,"Rainfed","Department of Agricultural Research Services DARS","Public"
"Malawi",2017,"E020","G003","L015",2,0,0,0,65.33333333,NA,NA,0,0,0,0,0,13.33333333,1283.963333,0,0,0,0,0,0,0,0,0,0,0,0,37.19333333,20.82666667,"12/21/2017","5/25/2018",-12.933,33.467,972,"Rainfed","Savanna Agricultural Research Institute CSIRSARI","Public"
"Malawi",2017,"E020","G031","L015",2,0,0,0,67.66666667,NA,NA,0,0,0,0,0,12.66666667,1039.486667,0,0,0,0,0,0,0,0,0,0,0,0,41.22,19.23333333,"12/21/2017","5/25/2018",-12.933,33.467,972,"Rainfed","Savanna Agricultural Research Institute CSIRSARI","Public"
"Malawi",2017,"E020","G034","L015",2,0,0,0,48,NA,NA,0,0,0,0,0,12.66666667,1884.683333,0,0,0,0,0,0,0,0,0,0,0,0,32.21,24.68333333,"12/21/2017","5/25/2018",-12.933,33.467,972,"Rainfed","ZamSeed","Private"
"Malawi",2017,"E020","G056","L015",2,0,0,0,39.66666667,NA,NA,0,0,0,0,0,16.33333333,1726.17,0,0,0,0,0,0,0,0,0,0,0,0,30.56333333,24.62666667,"12/21/2017","5/25/2018",-12.933,33.467,972,"Rainfed","ZamSeed","Private"
"Malawi",2017,"E020","G059","L015",2,0,0,0,54.66666667,NA,NA,0,0,0,0,0,13.33333333,1465.3,0,0,0,0,0,0,0,0,0,0,0,0,35.15,20.81666667,"12/21/2017","5/25/2018",-12.933,33.467,972,"Rainfed","Makerere University","Public"
"Malawi",2017,"E020","G060","L015",2,0,0,0,55.66666667,NA,NA,0,0,0,0,0,16.33333333,1555.463333,0,0,0,0,0,0,0,0,0,0,0,0,31.86666667,25.12666667,"12/21/2017","5/25/2018",-12.933,33.467,972,"Rainfed","Makerere University","Public"
"Malawi",2017,"E020","G061","L015",2,0,0,0,53.33333333,NA,NA,0,0,0,0,0,18.33333333,1839.11,0,0,0,0,0,0,0,0,0,0,0,0,33.92666667,23.34,"12/21/2017","5/25/2018",-12.933,33.467,972,"Rainfed","Makerere University","Public"
"Malawi",2017,"E020","G062","L015",2,0,0,0,55.33333333,NA,NA,0,0,0,0,0,19,1687.943333,0,0,0,0,0,0,0,0,0,0,0,0,33.72,23.26,"12/21/2017","5/25/2018",-12.933,33.467,972,"Rainfed","Makerere University","Public"
"Malawi",2017,"E020","G063","L015",2,0,0,0,53.66666667,NA,NA,0,0,0,0,0,17.66666667,2327.44,0,0,0,0,0,0,0,0,0,0,0,0,38.59333333,21.75333333,"12/21/2017","5/25/2018",-12.933,33.467,972,"Rainfed","Makerere University","Public"
"Malawi",2017,"E020","G065","L015",2,1,0,0,44.66666667,NA,NA,0,0,0,0,0,18,1860.82,0,0,0,0,0,0,0,0,0,0,0,0,32.67666667,23.68333333,"12/21/2017","5/25/2018",-12.933,33.467,972,"Rainfed","Department of Agricultural Research Services DARS","Public"
"Malawi",2017,"E020","G070","L015",2,0,0,0,49,NA,NA,0,0,0,0,0,14,1946.526667,0,0,0,0,0,0,0,0,0,0,0,0,34.57333333,23.04333333,"12/21/2017","5/25/2018",-12.933,33.467,972,"Rainfed","MRISyngenta Synergy Agribusiness Zambia Limited","Private"
"Malawi",2017,"E020","G074","L015",2,1,0,0,49.66666667,NA,NA,0,0,0,0,0,18.33333333,1736.493333,0,0,0,0,0,0,0,0,0,0,0,0,33.93333333,22.87333333,"12/21/2017","5/25/2018",-12.933,33.467,972,"Rainfed","Department of Agricultural Research Services DARS","Public"
"Malawi",2017,"E020","G089","L015",2,0,0,0,67,NA,NA,0,0,0,0,0,11.33333333,1122.003333,0,0,0,0,0,0,0,0,0,0,0,0,44.02333333,18.52666667,"12/21/2017","5/25/2018",-12.933,33.467,972,"Rainfed","Savanna Agricultural Research Institute CSIRSARI","Public"
"Malawi",2017,"E020","G091","L015",2,0,0,0,54,NA,NA,0,0,0,0,0,17.66666667,2061.72,0,0,0,0,0,0,0,0,0,0,0,0,32.14333333,24.62,"12/21/2017","5/25/2018",-12.933,33.467,972,"Rainfed","SeedCo","Private"
"Malawi",2017,"E020","G092","L015",2,0,0,0,52.66666667,NA,NA,0,0,0,0,0,16.66666667,1990.293333,0,0,0,0,0,0,0,0,0,0,0,0,32.69333333,24.21,"12/21/2017","5/25/2018",-12.933,33.467,972,"Rainfed","SeedCo","Private"
"Malawi",2017,"E020","G094","L015",2,0,0,0,42.33333333,NA,NA,0,0,0,0,0,15,1556.99,0,0,0,0,0,0,0,0,0,0,0,0,32.39333333,23.50666667,"12/21/2017","5/25/2018",-12.933,33.467,972,"Rainfed","SeedCo","Private"
"Malawi",2017,"E020","G096","L015",2,0,0,0,41.33333333,NA,NA,0,0,0,0,0,15,1500.55,0,0,0,0,0,0,0,0,0,0,0,0,31.55666667,24.95666667,"12/21/2017","5/25/2018",-12.933,33.467,972,"Rainfed","SeedCo","Private"
"Malawi",2017,"E020","G125","L015",2,0,0,0,42.33333333,NA,NA,0,0,0,0,0,13,499.1766667,0,0,0,0,0,0,0,0,0,0,0,0,39.96333333,19.04666667,"12/21/2017","5/25/2018",-12.933,33.467,972,"Rainfed","Savanna Agricultural Research Institute CSIRSARI","Public"
"Malawi",2017,"E020","G143","L015",2,0,0,0,47.33333333,NA,NA,0,0,0,0,0,22,1641.52,0,0,0,0,0,0,0,0,0,0,0,0,31.72,24.99,"12/21/2017","5/25/2018",-12.933,33.467,972,"Rainfed","SeedCo","Private"
"Malawi",2017,"E020","G156","L015",2,0,0,0,67.66666667,NA,NA,0,0,0,0,0,12,837.85,0,0,0,0,0,0,0,0,0,0,0,0,45.16,17.84,"12/21/2017","5/25/2018",-12.933,33.467,972,"Rainfed","Savanna Agricultural Research Institute CSIRSARI","Public"
"Malawi",2017,"E020","G158","L015",2,0,0,0,58,NA,NA,0,0,0,0,0,14,1416.693333,0,0,0,0,0,0,0,0,0,0,0,0,40.92333333,19.98666667,"12/21/2017","5/25/2018",-12.933,33.467,972,"Rainfed","Savanna Agricultural Research Institute CSIRSARI","Public"
"Malawi",2017,"E020","G182","L015",2,0,0,0,52.33333333,NA,NA,0,0,0,0,0,15,2943.193333,0,0,0,0,0,0,0,0,0,0,0,0,36.97666667,21.12,"12/21/2017","5/25/2018",-12.933,33.467,972,"Rainfed","International Institute of Tropical Agriculture IITA","Public"
"Malawi",2017,"E020","G183","L015",2,0,0,0,50.33333333,NA,NA,0,0,0,0,0,17.66666667,2035.81,0,0,0,0,0,0,0,0,0,0,0,0,36.94666667,20.96,"12/21/2017","5/25/2018",-12.933,33.467,972,"Rainfed","International Institute of Tropical Agriculture IITA","Public"
"Malawi",2017,"E020","G186","L015",2,0,0,0,50.66666667,NA,NA,0,0,0,0,0,17.66666667,1863.39,0,0,0,0,0,0,0,0,0,0,0,0,35.39666667,22.63,"12/21/2017","5/25/2018",-12.933,33.467,972,"Rainfed","International Institute of Tropical Agriculture IITA","Public"
"Malawi",2017,"E020","G188","L015",2,0,0,0,49,NA,NA,0,0,0,0,0,15,2718.986667,0,0,0,0,0,0,0,0,0,0,0,0,37.25,21.84333333,"12/21/2017","5/25/2018",-12.933,33.467,972,"Rainfed","International Institute of Tropical Agriculture IITA","Public"
"Malawi",2017,"E020","G196","L015",2,0,0,0,47.33333333,NA,NA,0,0,0,0,0,15.33333333,2037.52,0,0,0,0,0,0,0,0,0,0,0,0,32.77666667,22.12666667,"12/21/2017","5/25/2018",-12.933,33.467,972,"Rainfed","International Institute of Tropical Agriculture IITA","Public"
"Malawi",2017,"E020","G199","L015",2,0,0,0,41.66666667,NA,NA,0,0,0,0,0,17.33333333,2322.206667,0,0,0,0,0,0,0,0,0,0,0,0,36.42666667,21.64333333,"12/21/2017","5/25/2018",-12.933,33.467,972,"Rainfed","International Institute of Tropical Agriculture IITA","Public"
"Malawi",2017,"E020","G201","L015",2,0,0,0,54.66666667,NA,NA,0,0,0,0,0,16.33333333,1586.943333,0,0,0,0,0,0,0,0,0,0,0,0,35.41666667,23.35666667,"12/21/2017","5/25/2018",-12.933,33.467,972,"Rainfed","International Institute of Tropical Agriculture IITA","Public"
"Malawi",2017,"E020","G203","L015",2,0,0,0,41.33333333,NA,NA,0,0,0,0,0,14,1839.943333,0,0,0,0,0,0,0,0,0,0,0,0,32.84333333,23.76333333,"12/21/2017","5/25/2018",-12.933,33.467,972,"Rainfed","International Institute of Tropical Agriculture IITA","Public"
"Malawi",2017,"E020","G206","L015",2,0,0,0,43.33333333,NA,NA,0,0,0,0,0,20.33333333,1815.7,0,0,0,0,0,0,0,0,0,0,0,0,33.73333333,23.55333333,"12/21/2017","5/25/2018",-12.933,33.467,972,"Rainfed","International Institute of Tropical Agriculture IITA","Public"
"Malawi",2017,"E020","G208","L015",2,0,0,0,52,NA,NA,0,0,0,0,0,15,1812.22,0,0,0,0,0,0,0,0,0,0,0,0,31.66333333,24.36666667,"12/21/2017","5/25/2018",-12.933,33.467,972,"Rainfed","International Institute of Tropical Agriculture IITA","Public"
"Malawi",2017,"E020","G210","L015",2,0,0,0,44,NA,NA,0,0,0,0,0,19.33333333,1842.576667,0,0,0,0,0,0,0,0,0,0,0,0,30.56,24.36,"12/21/2017","5/25/2018",-12.933,33.467,972,"Rainfed","International Institute of Tropical Agriculture IITA","Public"
"Malawi",2017,"E020","G212","L015",2,0,0,0,48,NA,NA,0,0,0,0,0,15,1536.903333,0,0,0,0,0,0,0,0,0,0,0,0,31.45333333,25.48,"12/21/2017","5/25/2018",-12.933,33.467,972,"Rainfed","International Institute of Tropical Agriculture IITA","Public"
"Malawi",2017,"E020","G234","L015",2,0,0,0,52.33333333,NA,NA,0,0,0,0,0,15,2542.316667,0,0,0,0,0,0,0,0,0,0,0,0,36.52666667,22.31,"12/21/2017","5/25/2018",-12.933,33.467,972,"Rainfed","International Institute of Tropical Agriculture IITA","Public"
"Malawi",2017,"E020","G246","L015",2,0,0,0,36.33333333,NA,NA,0,0,0,0,0,16.66666667,1666.34,0,0,0,0,0,0,0,0,0,0,0,0,32.91,23.89333333,"12/21/2017","5/25/2018",-12.933,33.467,972,"Rainfed","International Institute of Tropical Agriculture IITA","Public"
"Malawi",2017,"E020","G365","L015",2,1,0,0,49.66666667,NA,NA,0,0,0,0,0,15,2582.37,0,0,0,0,0,0,0,0,0,0,0,0,36.72333333,21.36333333,"12/21/2017","5/25/2018",-12.933,33.467,972,"Rainfed","Department of Agricultural Research Services DARS","Public"
"Malawi",2017,"E018","G003","L013",2,0,0,0,58,NA,NA,113.3333333,1,0,0,0,0,NA,0,0,0,0,0,0,0,0,0,0,0,0,NA,NA,"12/21/2017","5/25/2018",-10.933,33.683,1189,"Rainfed","Savanna Agricultural Research Institute CSIRSARI","Public"
"Malawi",2017,"E018","G031","L013",2,0,0,0,59.66666667,NA,NA,111.6666667,1,0,0,0,14.33333333,956.1766667,1,1,0,0,0,0,0,1,0,1,0,1,44.61,17.3,"12/21/2017","5/25/2018",-10.933,33.683,1189,"Rainfed","Savanna Agricultural Research Institute CSIRSARI","Public"
"Malawi",2017,"E018","G034","L013",2,0,0,0,54.66666667,NA,NA,110.6666667,1,0,0,0,16,2211.663333,1,1,0,0,0,0,0,1,0,1,0,1,41.81666667,20.60333333,"12/21/2018","5/25/2019",-10.933,33.683,1189,"Rainfed","ZamSeed","Private"
"Malawi",2017,"E018","G056","L013",2,0,0,0,56.33333333,NA,NA,112,1,0,0,0,21,2384.15,1,1,0,0,0,0,0,1,0,1,0,1,38.82666667,21.05333333,"12/21/2017","5/25/2018",-10.933,33.683,1189,"Rainfed","ZamSeed","Private"
"Malawi",2017,"E018","G059","L013",2,0,0,0,54.33333333,NA,NA,111,1,0,0,0,15.33333333,1136.896667,1,1,0,0,0,0,0,1,0,1,0,1,43.88666667,18.06,"12/21/2018","5/25/2019",-10.933,33.683,1189,"Rainfed","Makerere University","Public"
"Malawi",2017,"E018","G060","L013",2,0,0,0,57,NA,NA,110,4,0,0,0,15.33333333,1533.456667,1,1,0,0,0,0,0,1,0,1,0,1,42.91,20.6,"12/21/2018","5/25/2019",-10.933,33.683,1189,"Rainfed","Makerere University","Public"
"Malawi",2017,"E018","G061","L013",2,0,0,0,56.66666667,NA,NA,113.6666667,1,0,0,0,19,1787.226667,1,1,0,0,0,0,0,1,0,1,0,1,43.22,19.51666667,"12/21/2018","5/25/2019",-10.933,33.683,1189,"Rainfed","Makerere University","Public"
"Malawi",2017,"E018","G062","L013",2,0,0,0,58.33333333,NA,NA,114.3333333,1,0,0,0,16.66666667,1103.386667,1,1,0,0,0,0,0,1,0,1,0,1,43.46,19.8,"12/21/2017","5/25/2018",-10.933,33.683,1189,"Rainfed","Makerere University","Public"
"Malawi",2017,"E018","G063","L013",2,0,0,0,59,NA,NA,106,1,0,0,0,16,1388.283333,1,1,0,0,0,0,0,1,0,1,0,1,44.83666667,18.68666667,"12/21/2017","5/25/2018",-10.933,33.683,1189,"Rainfed","Makerere University","Public"
"Malawi",2017,"E018","G065","L013",2,1,0,0,55.33333333,NA,NA,108,1,0,0,0,18.66666667,3635.93,1,1,0,0,0,0,0,1,0,1,0,1,42.77666667,19.71666667,"12/21/2018","5/25/2019",-10.933,33.683,1189,"Rainfed","Department of Agricultural Research Services DARS","Public"
"Malawi",2017,"E018","G070","L013",2,0,0,0,60.33333333,NA,NA,112.6666667,1,0,0,0,15.33333333,838.3133333,1,1,0,0,0,0,0,1,0,1,0,1,42.23666667,18.20333333,"12/21/2017","5/25/2018",-10.933,33.683,1189,"Rainfed","MRISyngenta Synergy Agribusiness Zambia Limited","Private"
"Malawi",2017,"E018","G074","L013",2,1,0,0,56,NA,NA,109.6666667,1,0,0,0,18.33333333,1890.2,1,1,0,0,0,0,0,1,0,1,0,1,42.24333333,18.9,"12/21/2018","5/25/2019",-10.933,33.683,1189,"Rainfed","Department of Agricultural Research Services DARS","Public"
"Malawi",2017,"E018","G089","L013",2,0,0,0,57,NA,NA,109.3333333,1,0,0,0,11.33333333,462.75,1,1,0,0,0,0,0,1,0,1,0,1,44.71666667,16.34666667,"12/21/2017","5/25/2018",-10.933,33.683,1189,"Rainfed","Savanna Agricultural Research Institute CSIRSARI","Public"
"Malawi",2017,"E018","G091","L013",2,0,0,0,56.66666667,NA,NA,111.6666667,1,0,0,0,19.66666667,2775.653333,1,1,0,0,0,0,0,1,0,1,0,1,41.32666667,20.69333333,"12/21/2018","5/25/2019",-10.933,33.683,1189,"Rainfed","SeedCo","Private"
"Malawi",2017,"E018","G092","L013",2,0,0,0,55.33333333,NA,NA,111,1,0,0,0,19.33333333,2112.18,1,1,0,0,0,0,0,1,0,1,0,1,42.56333333,20.76333333,"12/21/2018","5/25/2019",-10.933,33.683,1189,"Rainfed","SeedCo","Private"
"Malawi",2017,"E018","G094","L013",2,0,0,0,57.66666667,NA,NA,112,1,0,0,0,19.66666667,2128.766667,1,1,0,0,0,0,0,1,0,1,0,1,40.87333333,20.72,"12/21/2017","5/25/2018",-10.933,33.683,1189,"Rainfed","SeedCo","Private"
"Malawi",2017,"E018","G096","L013",2,0,0,0,56.66666667,NA,NA,109.6666667,1,0,0,0,20.66666667,2059.4,1,1,0,0,0,0,0,1,0,1,0,1,40.67666667,20.34333333,"12/21/2018","5/25/2019",-10.933,33.683,1189,"Rainfed","SeedCo","Private"
"Malawi",2017,"E018","G125","L013",2,0,0,0,56.66666667,NA,NA,121.6666667,1,0,0,0,15,1070.393333,1,1,0,0,0,0,0,1,0,1,0,1,44.57666667,17.81333333,"12/21/2018","5/25/2019",-10.933,33.683,1189,"Rainfed","Savanna Agricultural Research Institute CSIRSARI","Public"
"Malawi",2017,"E018","G143","L013",2,0,0,0,54.33333333,NA,NA,109.3333333,1,0,0,0,22,2192.72,1,1,0,0,0,0,0,1,0,1,0,1,40.24333333,20.69333333,"12/21/2018","5/25/2019",-10.933,33.683,1189,"Rainfed","SeedCo","Private"
"Malawi",2017,"E018","G156","L013",2,0,0,0,58.66666667,NA,NA,114,1,0,0,0,15,558.18,1,1,0,0,0,0,0,1,0,1,0,1,45.24,17.77,"12/21/2017","5/25/2018",-10.933,33.683,1189,"Rainfed","Savanna Agricultural Research Institute CSIRSARI","Public"
"Malawi",2017,"E018","G158","L013",2,0,0,0,55.33333333,NA,NA,116.6666667,1,0,0,0,14,769.8766667,1,1,0,0,0,0,0,1,0,1,0,1,44.38,16.50333333,"12/21/2018","5/25/2019",-10.933,33.683,1189,"Rainfed","Savanna Agricultural Research Institute CSIRSARI","Public"
"Malawi",2017,"E018","G182","L013",2,0,0,0,56.66666667,NA,NA,109,1,0,0,0,18,2158.67,1,1,0,0,0,0,0,1,0,1,0,1,42.65666667,19.73333333,"12/21/2017","5/25/2018",-10.933,33.683,1189,"Rainfed","International Institute of Tropical Agriculture IITA","Public"
"Malawi",2017,"E018","G183","L013",2,0,0,0,54.66666667,NA,NA,109,1,0,0,0,17,1677.896667,1,1,0,0,0,0,0,1,0,1,0,1,44.50666667,18.55666667,"12/21/2018","5/25/2019",-10.933,33.683,1189,"Rainfed","International Institute of Tropical Agriculture IITA","Public"
"Malawi",2017,"E018","G186","L013",2,0,0,0,58.66666667,NA,NA,110.6666667,1,0,0,0,14.66666667,1125.38,1,1,0,0,0,0,0,1,0,1,0,1,45.38,18.52,"12/21/2017","5/25/2018",-10.933,33.683,1189,"Rainfed","International Institute of Tropical Agriculture IITA","Public"
"Malawi",2017,"E018","G188","L013",2,0,0,0,57.66666667,NA,NA,108,1,0,0,0,17.66666667,1846.76,1,1,0,0,0,0,0,1,0,1,0,1,40.64333333,19.81,"12/21/2018","5/25/2019",-10.933,33.683,1189,"Rainfed","International Institute of Tropical Agriculture IITA","Public"
"Malawi",2017,"E018","G196","L013",2,0,0,0,55.33333333,NA,NA,107.6666667,1,0,0,0,14,1080.82,1,1,0,0,0,0,0,1,0,1,0,1,42.88333333,18.16,"12/21/2018","5/25/2019",-10.933,33.683,1189,"Rainfed","International Institute of Tropical Agriculture IITA","Public"
"Malawi",2017,"E018","G199","L013",2,0,0,0,55.33333333,NA,NA,110,1,0,0,0,19.33333333,1874.743333,1,1,0,0,0,0,0,1,0,1,0,1,43.70666667,18.97,"12/21/2018","5/25/2019",-10.933,33.683,1189,"Rainfed","International Institute of Tropical Agriculture IITA","Public"
"Malawi",2017,"E018","G201","L013",2,0,0,0,58.66666667,NA,NA,106.3333333,1,0,0,0,19,2047.486667,1,1,0,0,0,0,0,1,0,1,0,1,44.12,18.75333333,"12/21/2017","5/25/2018",-10.933,33.683,1189,"Rainfed","International Institute of Tropical Agriculture IITA","Public"
"Malawi",2017,"E018","G203","L013",2,0,0,0,55.66666667,NA,NA,108.3333333,1,0,0,0,17.33333333,1132.396667,1,1,0,0,0,0,0,1,0,1,0,1,43.71666667,19.58333333,"12/21/2018","5/25/2019",-10.933,33.683,1189,"Rainfed","International Institute of Tropical Agriculture IITA","Public"
"Malawi",2017,"E018","G206","L013",2,0,0,0,54.33333333,NA,NA,110.6666667,1,0,0,0,23.66666667,2840.946667,1,1,0,0,0,0,0,1,0,1,0,1,41.86666667,20.92666667,"12/21/2018","5/25/2019",-10.933,33.683,1189,"Rainfed","International Institute of Tropical Agriculture IITA","Public"
"Malawi",2017,"E018","G208","L013",2,0,0,0,56.66666667,NA,NA,108,1,0,0,0,11.33333333,1155.805,1,1,0,0,0,0,0,1,0,1,0,1,43.405,20.215,"12/21/2018","5/25/2019",-10.933,33.683,1189,"Rainfed","International Institute of Tropical Agriculture IITA","Public"
"Malawi",2017,"E018","G210","L013",2,0,0,0,55.66666667,NA,NA,111.6666667,1,0,0,0,19.33333333,3889.595,1,1,0,0,0,0,0,1,0,1,0,1,41.01,21.05,"12/21/2018","5/25/2019",-10.933,33.683,1189,"Rainfed","International Institute of Tropical Agriculture IITA","Public"
"Malawi",2017,"E018","G212","L013",2,0,0,0,58.66666667,NA,NA,112.6666667,1,0,0,0,9.333333333,1824.09,1,1,0,0,0,0,0,1,0,2,0,1,45.64,19.14,"12/21/2017","5/25/2018",-10.933,33.683,1189,"Rainfed","International Institute of Tropical Agriculture IITA","Public"
"Malawi",2017,"E018","G234","L013",2,0,0,0,54.66666667,NA,NA,108.6666667,1,0,0,0,16,695.0266667,1,1,0,0,0,0,0,1,0,1,0,1,41.47666667,19.21,"12/21/2018","5/25/2019",-10.933,33.683,1189,"Rainfed","International Institute of Tropical Agriculture IITA","Public"
"Malawi",2017,"E018","G246","L013",2,0,0,0,56.33333333,NA,NA,109.6666667,1,0,0,0,22,2292.416667,1,1,0,0,0,0,0,1,0,1,0,1,41.12,20.11666667,"12/21/2018","5/25/2019",-10.933,33.683,1189,"Rainfed","International Institute of Tropical Agriculture IITA","Public"
"Malawi",2017,"E018","G365","L013",2,1,0,0,55.66666667,NA,NA,104,1,0,0,0,18.66666667,3127.873333,1,1,0,0,0,0,0,1,0,1,0,1,41.63333333,19.95333333,"12/21/2018","5/25/2019",-10.933,33.683,1189,"Rainfed","Department of Agricultural Research Services DARS","Public"
"Malawi",2017,"E017","G003","L012",2,0,0,0,0,NA,NA,0,0,0,0,0,19,465.69,1,1,0,0,0,0,0,1,0,1,0,1,41.72333333,20.38,"2/1/2018","6/1/2018",-9.926,33.909,469,"Rainfed","Savanna Agricultural Research Institute CSIRSARI","Public"
"Malawi",2017,"E017","G031","L012",2,0,0,0,0,NA,NA,0,0,0,0,0,6.333333333,61.34,0,0,0,0,0,0,0,0,0,0,0,0,39.8,20.72,"2/1/2018","6/1/2018",-9.926,33.909,469,"Rainfed","Savanna Agricultural Research Institute CSIRSARI","Public"
"Malawi",2017,"E017","G034","L012",2,0,0,0,0,NA,NA,0,0,0,0,0,20,594.2866667,1,1,0,0,0,0,0,1,0,1,0,1,37.82666667,23.82333333,"2/1/2018","6/1/2018",-9.926,33.909,469,"Rainfed","ZamSeed","Private"
"Malawi",2017,"E017","G056","L012",2,0,0,0,0,NA,NA,0,0,0,0,0,21.66666667,298.6,1,1,0,0,0,0,0,1,0,1,0,1,36.6,23.22333333,"2/1/2018","6/1/2018",-9.926,33.909,469,"Rainfed","ZamSeed","Private"
"Malawi",2017,"E017","G059","L012",2,0,0,0,0,NA,NA,0,0,0,0,0,18,634.67,1,1,0,0,0,0,0,2,0,1,0,1,36.38666667,23.15,"2/1/2018","6/1/2018",-9.926,33.909,469,"Rainfed","Makerere University","Public"
"Malawi",2017,"E017","G060","L012",2,0,0,0,0,NA,NA,0,0,0,0,0,24.33333333,490.6333333,1,1,0,0,0,0,0,1,0,1,0,1,37.86333333,24.92666667,"2/1/2018","6/1/2018",-9.926,33.909,469,"Rainfed","Makerere University","Public"
"Malawi",2017,"E017","G061","L012",2,0,0,0,0,NA,NA,0,0,0,0,0,24.66666667,1096.636667,1,1,0,0,0,0,0,1,0,1,0,1,41.11666667,22.16,"2/1/2018","6/1/2018",-9.926,33.909,469,"Rainfed","Makerere University","Public"
"Malawi",2017,"E017","G062","L012",2,0,0,0,0,NA,NA,0,0,0,0,0,24,853.9166667,1,1,0,0,0,0,0,1,0,1,0,1,38.91666667,22.54,"2/1/2018","6/1/2018",-9.926,33.909,469,"Rainfed","Makerere University","Public"
"Malawi",2017,"E017","G063","L012",2,0,0,0,0,NA,NA,0,0,0,0,0,14.33333333,1853.82,1,1,0,0,0,0,0,2,0,1,0,1,41.42,21.48,"2/1/2018","6/1/2018",-9.926,33.909,469,"Rainfed","Makerere University","Public"
"Malawi",2017,"E017","G065","L012",2,1,0,0,0,NA,NA,0,0,0,0,0,21.33333333,1288.87,1,1,0,0,0,0,0,1,0,1,0,1,39.56333333,22.27333333,"2/1/2018","6/1/2018",-9.926,33.909,469,"Rainfed","Department of Agricultural Research Services DARS","Public"
"Malawi",2017,"E017","G070","L012",2,0,0,0,0,NA,NA,0,0,0,0,0,15.66666667,545.66,1,1,0,0,0,0,0,1,0,1,0,1,38.89666667,22.20666667,"2/1/2018","6/1/2018",-9.926,33.909,469,"Rainfed","MRISyngenta Synergy Agribusiness Zambia Limited","Private"
"Malawi",2017,"E017","G074","L012",2,1,0,0,0,NA,NA,0,0,0,0,0,21.33333333,1178.386667,1,1,0,0,0,0,0,1,0,1,0,1,40.28,21.20333333,"2/1/2018","6/1/2018",-9.926,33.909,469,"Rainfed","Department of Agricultural Research Services DARS","Public"
"Malawi",2017,"E017","G089","L012",2,0,0,0,0,NA,NA,0,0,0,0,0,6,2100.01,0,0,0,0,0,0,0,0,0,0,0,0,42.39,19.39,"2/1/2018","6/1/2018",-9.926,33.909,469,"Rainfed","Savanna Agricultural Research Institute CSIRSARI","Public"
"Malawi",2017,"E017","G091","L012",2,0,0,0,0,NA,NA,0,0,0,0,0,21,1279.69,1,1,0,0,0,0,0,1,0,1,0,1,37.88333333,24.32666667,"2/1/2018","6/1/2018",-9.926,33.909,469,"Rainfed","SeedCo","Private"
"Malawi",2017,"E017","G092","L012",2,0,0,0,0,NA,NA,0,0,0,0,0,20,434.6366667,1,1,0,0,0,0,0,1,0,1,0,1,37.10666667,23.36,"2/1/2018","6/1/2018",-9.926,33.909,469,"Rainfed","SeedCo","Private"
"Malawi",2017,"E017","G094","L012",2,0,0,0,0,NA,NA,0,0,0,0,0,19.66666667,1139.906667,1,1,0,0,0,0,0,1,0,1,0,1,36.33,21.95,"2/1/2018","6/1/2018",-9.926,33.909,469,"Rainfed","SeedCo","Private"
"Malawi",2017,"E017","G096","L012",2,0,0,0,0,NA,NA,0,0,0,0,0,21.66666667,1808.853333,1,1,0,0,0,0,0,1,0,1,0,1,38.09333333,23.83666667,"2/1/2018","6/1/2018",-9.926,33.909,469,"Rainfed","SeedCo","Private"
"Malawi",2017,"E017","G125","L012",2,0,0,0,0,NA,NA,0,0,0,0,0,16.66666667,1545.11,1,1,0,0,0,0,0,1,0,1,0,1,42.60666667,19.00333333,"2/1/2018","6/1/2018",-9.926,33.909,469,"Rainfed","Savanna Agricultural Research Institute CSIRSARI","Public"
"Malawi",2017,"E017","G143","L012",2,0,0,0,0,NA,NA,0,0,0,0,0,22.66666667,877.82,1,1,0,0,0,0,0,1,0,1,0,1,38.45,22.43666667,"2/1/2018","6/1/2018",-9.926,33.909,469,"Rainfed","SeedCo","Private"
"Malawi",2017,"E017","G156","L012",2,0,0,0,0,NA,NA,0,0,0,0,0,16,1097.276667,1,1,0,0,0,0,0,1,0,2,0,1,43.43666667,18.94333333,"2/1/2018","6/1/2018",-9.926,33.909,469,"Rainfed","Savanna Agricultural Research Institute CSIRSARI","Public"
"Malawi",2017,"E017","G158","L012",2,0,0,0,0,NA,NA,0,0,0,0,0,6.333333333,103.155,1,1,0,0,0,0,0,1,0,1,0,1,41.04,20.48,"2/1/2018","6/1/2018",-9.926,33.909,469,"Rainfed","Savanna Agricultural Research Institute CSIRSARI","Public"
"Malawi",2017,"E017","G182","L012",2,0,0,0,0,NA,NA,0,0,0,0,0,19,1097.056667,1,1,0,0,0,0,0,1,0,1,0,1,38.73333333,21.93333333,"2/1/2018","6/1/2018",-9.926,33.909,469,"Rainfed","International Institute of Tropical Agriculture IITA","Public"
"Malawi",2017,"E017","G183","L012",2,0,0,0,0,NA,NA,0,0,0,0,0,14.33333333,2254.915,2,1,0,0,0,0,0,1,0,2,0,1,37.97,20.77,"2/1/2018","6/1/2018",-9.926,33.909,469,"Rainfed","International Institute of Tropical Agriculture IITA","Public"
"Malawi",2017,"E017","G186","L012",2,0,0,0,0,NA,NA,0,0,0,0,0,13.33333333,817.9,1,1,0,0,0,0,0,2,0,1,0,1,42.1,22.36,"2/1/2018","6/1/2018",-9.926,33.909,469,"Rainfed","International Institute of Tropical Agriculture IITA","Public"
"Malawi",2017,"E017","G188","L012",2,0,0,0,0,NA,NA,0,0,0,0,0,13.33333333,1912.405,1,1,0,0,0,0,0,2,0,2,0,2,39.69,20.81,"2/1/2018","6/1/2018",-9.926,33.909,469,"Rainfed","International Institute of Tropical Agriculture IITA","Public"
"Malawi",2017,"E017","G196","L012",2,0,0,0,0,NA,NA,0,0,0,0,0,21.66666667,642.8033333,1,1,0,0,0,0,0,1,0,1,0,1,43.87333333,19.64666667,"2/1/2018","6/1/2018",-9.926,33.909,469,"Rainfed","International Institute of Tropical Agriculture IITA","Public"
"Malawi",2017,"E017","G199","L012",2,0,0,0,0,NA,NA,0,0,0,0,0,19.33333333,861.56,1,1,0,0,0,0,0,1,0,1,0,1,40.41,21.69,"2/1/2018","6/1/2018",-9.926,33.909,469,"Rainfed","International Institute of Tropical Agriculture IITA","Public"
"Malawi",2017,"E017","G201","L012",2,0,0,0,0,NA,NA,0,0,0,0,0,20.33333333,1129.053333,1,1,0,0,0,0,0,1,0,1,0,1,39.58333333,21.63333333,"2/1/2018","6/1/2018",-9.926,33.909,469,"Rainfed","International Institute of Tropical Agriculture IITA","Public"
"Malawi",2017,"E017","G203","L012",2,0,0,0,0,NA,NA,0,0,0,0,0,13.66666667,2286.94,1,1,0,0,0,0,0,1,0,1,0,1,40.16,22.54,"2/1/2018","6/1/2018",-9.926,33.909,469,"Rainfed","International Institute of Tropical Agriculture IITA","Public"
"Malawi",2017,"E017","G206","L012",2,0,0,0,0,NA,NA,0,0,0,0,0,14.33333333,835.44,1,1,0,0,0,0,0,1,0,1,0,1,37.22,22.38,"2/1/2018","6/1/2018",-9.926,33.909,469,"Rainfed","International Institute of Tropical Agriculture IITA","Public"
"Malawi",2017,"E017","G208","L012",2,0,0,0,0,NA,NA,0,0,0,0,0,23.33333333,1453.803333,1,1,0,0,0,0,0,1,0,1,0,1,37.37666667,23.51666667,"2/1/2018","6/1/2018",-9.926,33.909,469,"Rainfed","International Institute of Tropical Agriculture IITA","Public"
"Malawi",2017,"E017","G210","L012",2,0,0,0,0,NA,NA,0,0,0,0,0,23,557.78,1,1,0,0,0,0,0,1,0,1,0,1,37.42333333,24.12666667,"2/1/2018","6/1/2018",-9.926,33.909,469,"Rainfed","International Institute of Tropical Agriculture IITA","Public"
"Malawi",2017,"E017","G212","L012",2,0,0,0,0,NA,NA,0,0,0,0,0,19.33333333,834.5866667,1,1,0,0,0,0,0,1,0,1,0,1,37.37333333,24.30333333,"2/1/2018","6/1/2018",-9.926,33.909,469,"Rainfed","International Institute of Tropical Agriculture IITA","Public"
"Malawi",2017,"E017","G234","L012",2,0,0,0,0,NA,NA,0,0,0,0,0,20,1559.953333,1,1,0,0,0,0,0,1,0,1,0,1,41.83333333,21.05333333,"2/1/2018","6/1/2018",-9.926,33.909,469,"Rainfed","International Institute of Tropical Agriculture IITA","Public"
"Malawi",2017,"E017","G246","L012",2,0,0,0,0,NA,NA,0,0,0,0,0,13.33333333,961.695,2,1,0,0,0,0,0,1,0,1,0,1,35.85,24.86,"2/1/2018","6/1/2018",-9.926,33.909,469,"Rainfed","International Institute of Tropical Agriculture IITA","Public"
"Malawi",2017,"E017","G365","L012",2,1,0,0,0,NA,NA,0,0,0,0,0,20,1419.396667,1,1,0,0,0,0,0,1,0,1,0,1,39.26333333,20.97,"2/1/2018","6/1/2018",-9.926,33.909,469,"Rainfed","Department of Agricultural Research Services DARS","Public"
"Malawi",2018,"E025","G007","L020",1,0,0,0,52.5,NA,NA,92.5,2,0,2,51,15.5,1297.65,1,1,0,0,0,0,0,1,0,1,0,1,39.94,22.62,"7/13/2018","11/23/2018",-14.264,34.57,473,"Rainfed","Kenya Agricultural  Livestock Research Organization KALRO","Public"
"Malawi",2018,"E025","G018","L020",1,0,0,0,65.5,NA,NA,100,3,0,2,77.5,11,1152.25,1,1,0,0,0,0,0,1,0,1,0,1,43.175,21.07,"7/13/2018","11/23/2018",-14.264,34.57,473,"Rainfed","Ethiopian Institute of Agricultural Research EIAR","Public"
"Malawi",2018,"E025","G036","L020",1,0,0,0,53,NA,NA,87.5,2,0,2,47,19,293.25,1,1,0,0,0,0,0,1,0,1,0,1,42.31,22.21,"7/13/2018","11/23/2018",-14.264,34.57,473,"Rainfed","Kenya Agricultural  Livestock Research Organization KALRO","Public"
"Malawi",2018,"E025","G037","L020",1,0,0,0,52,NA,NA,96,2,0,2.5,85.5,15,1807.25,1,1,0,0,0,0,0,1,0,1,0,1,NA,NA,"7/13/2018","11/23/2018",-14.264,34.57,473,"Rainfed","Kenya Agricultural  Livestock Research Organization KALRO","Public"
"Malawi",2018,"E025","G039","L020",1,0,0,0,59,NA,NA,95.5,3,0,2,87,14.5,1724.75,1,1,0,0,0,0,0,1,0,1,0,1,NA,NA,"7/13/2018","11/23/2018",-14.264,34.57,473,"Rainfed","Kenya Agricultural  Livestock Research Organization KALRO","Public"
"Malawi",2018,"E025","G043","L020",1,0,0,0,40,NA,NA,97,4,0,2.5,31.5,18,1610.3,1,1,0,0,0,0,0,1,0,1,0,1,NA,NA,"7/13/2018","11/23/2018",-14.264,34.57,473,"Rainfed","University of Illinois","Public"
"Malawi",2018,"E025","G044","L020",1,0,0,0,39,NA,NA,80.5,3,0,2.5,24.5,14,892.9,1,1,0,0,0,0,0,1,0,1,0,1,NA,NA,"7/13/2018","11/23/2018",-14.264,34.57,473,"Rainfed","University of Illinois","Public"
"Malawi",2018,"E025","G056","L020",1,0,0,0,58,NA,NA,99,2,0,2,92,19.5,1145.1,1,1,0,0,0,0,0,1,0,1,0,1,38.73,23.02,"7/13/2018","11/23/2018",-14.264,34.57,473,"Rainfed","ZamSeed","Private"
"Malawi",2018,"E025","G059","L020",1,0,0,0,67,NA,NA,100,2,0,2.5,78,12.5,1480.65,1,1,0,0,0,0,0,1,0,1,0,1,NA,NA,"7/13/2018","11/23/2018",-14.264,34.57,473,"Rainfed","Makerere University","Public"
"Malawi",2018,"E025","G060","L020",1,0,0,0,70.5,NA,NA,87.5,2,0,3,111.5,11.5,1419.8,1,1,0,0,0,0,0,1,0,1,0,1,43.7,21.15,"7/13/2018","11/23/2018",-14.264,34.57,473,"Rainfed","Makerere University","Public"
"Malawi",2018,"E025","G061","L020",1,0,0,0,60.5,NA,NA,100.5,4,0,2.5,107.5,20,657.2,1,1,0,0,0,0,0,1,0,1,0,1,41.945,21.105,"7/13/2018","11/23/2018",-14.264,34.57,473,"Rainfed","Makerere University","Public"
"Malawi",2018,"E025","G062","L020",1,0,0,0,69,NA,NA,99,4,0,3,124,20,722.25,1,1,0,0,0,0,0,1,0,1,0,1,42.61,21.595,"7/13/2018","11/23/2018",-14.264,34.57,473,"Rainfed","Makerere University","Public"
"Malawi",2018,"E025","G065","L020",1,1,0,0,61,NA,NA,87,2,0,1.5,85.5,20,1269.6,1,1,0,0,0,0,0,1,0,1,0,1,41.58,21.415,"7/13/2018","11/23/2018",-14.264,34.57,473,"Rainfed","Department of Agricultural Research Services DARS","Public"
"Malawi",2018,"E025","G074","L020",1,1,0,0,59,NA,NA,108.5,2,0,2.5,91.5,10,1044.1,1,1,0,0,0,0,0,1,0,1,0,1,43.335,19.04,"7/13/2018","11/23/2018",-14.264,34.57,473,"Rainfed","Department of Agricultural Research Services DARS","Public"
"Malawi",2018,"E025","G091","L020",1,0,0,0,63,NA,NA,102,2,0,1,112,19.5,1468.6,1,1,0,0,0,0,0,1,0,1,0,1,41.9,21.94,"7/13/2018","11/23/2018",-14.264,34.57,473,"Rainfed","SeedCo","Private"
"Malawi",2018,"E025","G092","L020",1,0,0,0,66,NA,NA,100,3,0,2.5,107.5,19.5,872.55,1,1,0,0,0,0,0,1,0,1,0,1,41.615,22.18,"7/13/2018","11/23/2018",-14.264,34.57,473,"Rainfed","SeedCo","Private"
"Malawi",2018,"E025","G093","L020",1,0,0,0,54,NA,NA,86.5,3,0,2.5,69.5,16,1499.6,1,1,0,0,0,0,0,1,0,1,0,1,41.4,21.07,"7/13/2018","11/23/2018",-14.264,34.57,473,"Rainfed","University of Missouri","Public"
"Malawi",2018,"E025","G096","L020",1,0,0,0,64,NA,NA,96.5,1,0,2.5,99,17,1044.55,1,1,0,0,0,0,0,1,0,1,0,1,42.61,21.83,"7/13/2018","11/23/2018",-14.264,34.57,473,"Rainfed","SeedCo","Private"
"Malawi",2018,"E025","G108","L020",1,0,0,0,50.5,NA,NA,99,1,0,1,39,16,1910.2,1,1,0,0,0,0,0,1,0,1,0,1,40.4,22.05,"7/13/2018","11/23/2018",-14.264,34.57,473,"Rainfed","University of Missouri","Public"
"Malawi",2018,"E025","G112","L020",1,0,0,0,51,NA,NA,100,2,0,1.5,71.5,20.5,949.2,1,1,0,0,0,0,0,1,0,1,0,1,41.94,22.96,"7/13/2018","11/23/2018",-14.264,34.57,473,"Rainfed","University of Missouri","Public"
"Malawi",2018,"E025","G117","L020",1,0,0,0,45,NA,NA,86,1,0,1,41.5,18,813.5,1,1,0,0,0,0,0,1,0,1,0,1,41.7,22.33,"7/13/2018","11/23/2018",-14.264,34.57,473,"Rainfed","University of Missouri","Public"
"Malawi",2018,"E025","G119","L020",1,0,0,0,43,NA,NA,84.5,2,0,1,34.5,15,355.85,1,1,0,0,0,0,0,1,0,1,0,1,NA,NA,"7/13/2018","11/23/2018",-14.264,34.57,473,"Rainfed","University of Missouri","Public"
"Malawi",2018,"E025","G120","L020",1,0,0,0,46.5,NA,NA,92.5,3,0,2,32,13.5,1554.15,1,1,0,0,0,0,0,1,0,1,0,1,38.49,24.66,"7/13/2018","11/23/2018",-14.264,34.57,473,"Rainfed","University of Missouri","Public"
"Malawi",2018,"E025","G122","L020",1,0,0,0,42.5,NA,NA,98.5,3,0,2.5,42,18,996.75,1,1,0,0,0,0,0,1,0,1,0,1,NA,NA,"7/13/2018","11/23/2018",-14.264,34.57,473,"Rainfed","University of Missouri","Public"
"Malawi",2018,"E025","G123","L020",1,0,0,0,44,NA,NA,83.5,1,0,1.5,42.5,14,1454.25,1,1,0,0,0,0,0,1,0,1,0,1,NA,NA,"7/13/2018","11/23/2018",-14.264,34.57,473,"Rainfed","University of Missouri","Public"
"Malawi",2018,"E025","G124","L020",1,0,0,0,41,NA,NA,92,1,0,1,32.5,17,931,1,1,0,0,0,0,0,1,0,1,0,1,39.98,23.08,"7/13/2018","11/23/2018",-14.264,34.57,473,"Rainfed","University of Missouri","Public"
"Malawi",2018,"E025","G129","L020",1,0,0,0,67.5,NA,NA,102,3,0,2,114,19,1634.5,1,1,0,0,0,0,0,1,0,1,0,1,41.115,21.355,"7/13/2018","11/23/2018",-14.264,34.57,473,"Rainfed","Kenya Agricultural  Livestock Research Organization KALRO","Public"
"Malawi",2018,"E025","G136","L020",1,0,0,0,64,NA,NA,103,2,0,2,85,17,1053.65,1,1,0,0,0,0,0,1,0,1,0,1,39.63,23.48,"7/13/2018","11/23/2018",-14.264,34.57,473,"Rainfed","Ethiopian Institute of Agricultural Research EIAR","Public"
"Malawi",2018,"E025","G143","L020",1,0,0,0,54.5,NA,NA,95.5,2,0,1.5,80.5,20,1564.3,1,1,0,0,0,0,0,1,0,1,0,1,40.68,23.345,"7/13/2018","11/23/2018",-14.264,34.57,473,"Rainfed","SeedCo","Private"
"Malawi",2018,"E025","G182","L020",1,0,0,0,64.5,NA,NA,99,2,0,1.5,85,19,754.6,1,1,0,0,0,0,0,1,0,1,0,1,40.73,21.14,"7/13/2018","11/23/2018",-14.264,34.57,473,"Rainfed","International Institute of Tropical Agriculture IITA","Public"
"Malawi",2018,"E025","G186","L020",1,0,0,0,77.5,NA,NA,85.5,4,0,3.5,86,17,621.25,1,1,0,0,0,0,0,1,0,1,0,1,43.115,21.43,"7/13/2018","11/23/2018",-14.264,34.57,473,"Rainfed","International Institute of Tropical Agriculture IITA","Public"
"Malawi",2018,"E025","G188","L020",1,0,0,0,61,NA,NA,92,2,0,2,73,11.5,2469.65,1,1,0,0,0,0,0,1,0,1,0,1,NA,NA,"7/13/2018","11/23/2018",-14.264,34.57,473,"Rainfed","International Institute of Tropical Agriculture IITA","Public"
"Malawi",2018,"E025","G203","L020",1,0,0,0,68,NA,NA,102,2,0,2,105.5,20,1180.7,1,1,0,0,0,0,0,1,0,1,0,1,41.565,21.605,"7/13/2018","11/23/2018",-14.264,34.57,473,"Rainfed","International Institute of Tropical Agriculture IITA","Public"
"Malawi",2018,"E025","G206","L020",1,0,0,0,57,NA,NA,90,2,0,1.5,91.5,18,1786.4,1,1,0,0,0,0,0,1,0,1,0,1,41.3,22.52,"7/13/2018","11/23/2018",-14.264,34.57,473,"Rainfed","International Institute of Tropical Agriculture IITA","Public"
"Malawi",2018,"E025","G208","L020",1,0,0,0,69.5,NA,NA,88,4,0,3,83.5,11,993.7,1,1,0,0,0,0,0,1,0,1,0,1,43.475,20.94,"7/13/2018","11/23/2018",-14.264,34.57,473,"Rainfed","International Institute of Tropical Agriculture IITA","Public"
"Malawi",2018,"E025","G210","L020",1,0,0,0,54,NA,NA,105.5,2,0,2,74.5,18,1670.5,1,1,0,0,0,0,0,1,0,1,0,1,39.13,23.6,"7/13/2018","11/23/2018",-14.264,34.57,473,"Rainfed","International Institute of Tropical Agriculture IITA","Public"
"Malawi",2018,"E025","G212","L020",1,0,0,0,69,NA,NA,96,3,0,2.5,93.5,20,616.4,1,1,0,0,0,0,0,1,0,1,0,1,42.99,21.67,"7/13/2018","11/23/2018",-14.264,34.57,473,"Rainfed","International Institute of Tropical Agriculture IITA","Public"
"Malawi",2018,"E025","G234","L020",1,0,0,0,66,NA,NA,97.5,3,0,3,87.5,10,1077.25,1,1,0,0,0,0,0,1,0,1,0,1,42.445,20.24,"7/13/2018","11/23/2018",-14.264,34.57,473,"Rainfed","International Institute of Tropical Agriculture IITA","Public"
"Malawi",2018,"E025","G246","L020",1,0,0,0,59.5,NA,NA,87,3,0,2.5,84,20,1312.1,1,1,0,0,0,0,0,1,0,1,0,1,43.72,19.805,"7/13/2018","11/23/2018",-14.264,34.57,473,"Rainfed","International Institute of Tropical Agriculture IITA","Public"
"Malawi",2018,"E025","G365","L020",1,1,0,0,62.5,NA,NA,98,2,0,1.5,84,11,1345.1,1,1,0,0,0,0,0,1,0,1,0,1,40.72,21.09,"7/13/2018","11/23/2018",-14.264,34.57,473,"Rainfed","Department of Agricultural Research Services DARS","Public"
"Malawi",2018,"E022","G007","L017",1,0,0,0,45,NA,NA,109.5,1,0,1.5,71.45,15.5,2795,1,1,0,0,0,0,0,1,0,2,0,1,39.57,22.12,"7/25/2018","12/24/2018",-13.672,32.659,1100,"Rainfed","Kenya Agricultural  Livestock Research Organization KALRO","Public"
"Malawi",2018,"E022","G018","L017",1,0,0,0,53,NA,NA,117.5,1,0,1,66.6,16.5,2822.55,1,1,0,0,0,0,0,1,0,2,0,1,41.755,23.075,"7/25/2018","12/24/2018",-13.672,32.659,1100,"Rainfed","Ethiopian Institute of Agricultural Research EIAR","Public"
"Malawi",2018,"E022","G036","L017",1,0,0,0,45,NA,NA,112,1,0,1.5,80.4,23,2775.15,1,1,0,0,0,0,0,1,0,3,0,1,41.225,21.81,"7/25/2018","12/24/2018",-13.672,32.659,1100,"Rainfed","Kenya Agricultural  Livestock Research Organization KALRO","Public"
"Malawi",2018,"E022","G037","L017",1,0,0,0,44,NA,NA,111,3,0,2,72.2,16,2670.55,1,1,0,0,0,0,0,1,0,1,0,1,41.11,24.07,"7/25/2018","12/24/2018",-13.672,32.659,1100,"Rainfed","Kenya Agricultural  Livestock Research Organization KALRO","Public"
"Malawi",2018,"E022","G039","L017",1,0,0,0,46,NA,NA,114.5,1,0,1,59.95,17.5,3123.45,1,1,0,0,0,0,0,1,0,1,0,1,39.87,23.885,"7/25/2018","12/24/2018",-13.672,32.659,1100,"Rainfed","Kenya Agricultural  Livestock Research Organization KALRO","Public"
"Malawi",2018,"E022","G043","L017",1,0,0,0,34.5,NA,NA,104.5,1,0,2,30.35,19.5,1889.45,1,1,0,0,0,0,0,1,0,1,0,1,41.865,23.73,"7/25/2018","12/24/2018",-13.672,32.659,1100,"Rainfed","University of Illinois","Public"
"Malawi",2018,"E022","G044","L017",1,0,0,0,50.5,NA,NA,107,1,0,2.5,27.4,12.5,1478.9,1,1,0,0,0,0,0,1,0,1,0,1,40.595,20.67,"7/25/2018","12/24/2018",-13.672,32.659,1100,"Rainfed","University of Illinois","Public"
"Malawi",2018,"E022","G056","L017",1,0,0,0,47,NA,NA,114.5,1,0,1,80.95,19.5,3735.85,1,1,0,0,0,0,0,1,0,3,0,1,39.29,22.315,"7/25/2018","12/24/2018",-13.672,32.659,1100,"Rainfed","ZamSeed","Private"
"Malawi",2018,"E022","G059","L017",1,0,0,0,58,NA,NA,120,4,0,1,98.1,13,2723.6,1,1,0,0,0,0,0,1,0,1,0,1,42.945,19.035,"7/25/2018","12/24/2018",-13.672,32.659,1100,"Rainfed","Makerere University","Public"
"Malawi",2018,"E022","G060","L017",1,0,0,0,60,NA,NA,135.5,3,0,1,102.6,16,3047.35,1,1,0,0,0,0,0,1,0,2,0,1,39.82,24.16,"7/25/2018","12/24/2018",-13.672,32.659,1100,"Rainfed","Makerere University","Public"
"Malawi",2018,"E022","G061","L017",1,0,0,0,59,NA,NA,134,4,0,1.5,114.4,20,2679.7,1,1,0,0,0,0,0,1,0,3,0,1,42.105,21.535,"7/25/2018","12/24/2018",-13.672,32.659,1100,"Rainfed","Makerere University","Public"
"Malawi",2018,"E022","G062","L017",1,0,0,0,58,NA,NA,111,4,0,1,100.4,15,2342.75,1,1,0,0,0,0,0,1,0,2,0,1,42.325,21.365,"7/25/2018","12/24/2018",-13.672,32.659,1100,"Rainfed","Makerere University","Public"
"Malawi",2018,"E022","G065","L017",1,1,0,0,48,NA,NA,124.5,2,0,1,86.1,14.5,3327.15,1,1,0,0,0,0,0,1,0,3,0,1,40.815,22.04,"7/25/2018","12/24/2018",-13.672,32.659,1100,"Rainfed","Department of Agricultural Research Services DARS","Public"
"Malawi",2018,"E022","G074","L017",1,1,0,0,49,NA,NA,113.5,1,0,2,68.2,14,3266.6,1,1,0,0,0,0,0,1,0,2,0,1,41.415,21.09,"7/25/2018","12/24/2018",-13.672,32.659,1100,"Rainfed","Department of Agricultural Research Services DARS","Public"
"Malawi",2018,"E022","G091","L017",1,0,0,0,52,NA,NA,126.5,1,0,1,83.45,14.5,3727.85,1,1,0,0,0,0,0,1,0,1,0,1,41.04,22.47,"7/25/2018","12/24/2018",-13.672,32.659,1100,"Rainfed","SeedCo","Private"
"Malawi",2018,"E022","G092","L017",1,0,0,0,54,NA,NA,124,3,0,1.5,77.75,15.5,4048.1,1,1,0,0,0,0,0,1,0,3,0,1,40.815,21.405,"7/25/2018","12/24/2018",-13.672,32.659,1100,"Rainfed","SeedCo","Private"
"Malawi",2018,"E022","G093","L017",1,0,0,0,45,NA,NA,112,2,0,1,72.9,16.5,3517.35,1,1,0,0,0,0,0,1,0,1,0,1,39.425,23.3,"7/25/2018","12/24/2018",-13.672,32.659,1100,"Rainfed","University of Missouri","Public"
"Malawi",2018,"E022","G096","L017",1,0,0,0,51,NA,NA,120,1,0,1,78.15,15.5,2124.25,1,1,0,0,0,0,0,1,0,2,0,1,38.425,22.07,"7/25/2018","12/24/2018",-13.672,32.659,1100,"Rainfed","SeedCo","Private"
"Malawi",2018,"E022","G108","L017",1,0,0,0,41.5,NA,NA,111,1,0,1.5,56.1,16.5,3305.75,1,1,0,0,0,0,0,1,0,3,0,1,40.84,22.585,"7/25/2018","12/24/2018",-13.672,32.659,1100,"Rainfed","University of Missouri","Public"
"Malawi",2018,"E022","G112","L017",1,0,0,0,44,NA,NA,114,1,0,2,39.5,22,3219.85,1,1,0,0,0,0,0,1,0,1,0,1,41.885,22.795,"7/25/2018","12/24/2018",-13.672,32.659,1100,"Rainfed","University of Missouri","Public"
"Malawi",2018,"E022","G117","L017",1,0,0,0,35,NA,NA,108,1,0,2.5,38.6,22,2765.8,1,1,0,0,0,0,0,1,0,1,0,1,42.655,23.395,"7/25/2018","12/24/2018",-13.672,32.659,1100,"Rainfed","University of Missouri","Public"
"Malawi",2018,"E022","G119","L017",1,0,0,0,35,NA,NA,105.5,1,0,2.5,36.7,15.5,2728.25,1,1,0,0,0,0,0,1,0,1,0,1,41.345,21.995,"7/25/2018","12/24/2018",-13.672,32.659,1100,"Rainfed","University of Missouri","Public"
"Malawi",2018,"E022","G120","L017",1,0,0,0,35,NA,NA,106.5,1,0,1.5,40.75,18,2090.2,1,1,0,0,0,0,0,1,0,1,0,1,38,23.6,"7/25/2018","12/24/2018",-13.672,32.659,1100,"Rainfed","University of Missouri","Public"
"Malawi",2018,"E022","G122","L017",1,0,0,0,50.5,NA,NA,108,1,0,2.5,42,19.5,2839.3,1,1,0,0,0,0,0,1,0,1,0,1,43.09,21.525,"7/25/2018","12/24/2018",-13.672,32.659,1100,"Rainfed","University of Missouri","Public"
"Malawi",2018,"E022","G123","L017",1,0,0,0,35,NA,NA,108,1,0,2,32.9,16.5,1933.75,1,1,0,0,0,0,0,1,0,1,0,1,39.805,23.11,"7/25/2018","12/24/2018",-13.672,32.659,1100,"Rainfed","University of Missouri","Public"
"Malawi",2018,"E022","G124","L017",1,0,0,0,49,NA,NA,105.5,3,0,2,36.6,15.5,2495.85,1,1,0,0,0,0,0,1,0,1,0,1,40.18,22.535,"7/25/2018","12/24/2018",-13.672,32.659,1100,"Rainfed","University of Missouri","Public"
"Malawi",2018,"E022","G129","L017",1,0,0,0,55,NA,NA,116.5,4,0,1,91.6,15.5,2370,1,1,0,0,0,0,0,1,0,1,0,1,42.92,20.34,"7/25/2018","12/24/2018",-13.672,32.659,1100,"Rainfed","Kenya Agricultural  Livestock Research Organization KALRO","Public"
"Malawi",2018,"E022","G136","L017",1,0,0,0,52,NA,NA,116,2,0,1.5,60.3,17,3364.25,1,1,0,0,0,0,0,1,0,2,0,1,38.905,22.54,"7/25/2018","12/24/2018",-13.672,32.659,1100,"Rainfed","Ethiopian Institute of Agricultural Research EIAR","Public"
"Malawi",2018,"E022","G143","L017",1,0,0,0,49,NA,NA,124,1,0,1.5,83.1,22,3684.05,1,1,0,0,0,0,0,1,0,1,0,1,39.735,23.645,"7/25/2018","12/24/2018",-13.672,32.659,1100,"Rainfed","SeedCo","Private"
"Malawi",2018,"E022","G182","L017",1,0,0,0,50,NA,NA,113.5,1,0,1.5,93.1,14.5,3419.05,1,1,0,0,0,0,0,1,0,1,0,1,40.74,20.965,"7/25/2018","12/24/2018",-13.672,32.659,1100,"Rainfed","International Institute of Tropical Agriculture IITA","Public"
"Malawi",2018,"E022","G186","L017",1,0,0,0,55.5,NA,NA,120,3,0,2,87.8,12.5,1241.1,1,1,0,0,0,0,0,1,0,2,0,1,42.68,21.18,"7/25/2018","12/24/2018",-13.672,32.659,1100,"Rainfed","International Institute of Tropical Agriculture IITA","Public"
"Malawi",2018,"E022","G188","L017",1,0,0,0,48,NA,NA,111,1,0,1,86.4,13,3157.75,1,1,0,0,0,0,0,1,0,1,0,1,40.34,21.385,"7/25/2018","12/24/2018",-13.672,32.659,1100,"Rainfed","International Institute of Tropical Agriculture IITA","Public"
"Malawi",2018,"E022","G203","L017",1,0,0,0,53,NA,NA,117,2,0,1,96.35,18,3148,1,1,0,0,0,0,0,1,0,2,0,1,42.155,21.645,"7/25/2018","12/24/2018",-13.672,32.659,1100,"Rainfed","International Institute of Tropical Agriculture IITA","Public"
"Malawi",2018,"E022","G206","L017",1,0,0,0,46,NA,NA,112,1,0,1,93.4,20,4577.4,1,1,0,0,0,0,0,1,0,2,0,1,40.81,22.525,"7/25/2018","12/24/2018",-13.672,32.659,1100,"Rainfed","International Institute of Tropical Agriculture IITA","Public"
"Malawi",2018,"E022","G208","L017",1,0,0,0,53,NA,NA,113,3,0,1.5,68.1,17.5,2941.65,1,1,0,0,0,0,0,1,0,2,0,1,41.185,22.045,"7/25/2018","12/24/2018",-13.672,32.659,1100,"Rainfed","International Institute of Tropical Agriculture IITA","Public"
"Malawi",2018,"E022","G210","L017",1,0,0,0,48,NA,NA,113,1,0,1.5,92.85,20,3494.75,1,1,0,0,0,0,0,1,0,2,0,1,39.445,22.875,"7/25/2018","12/24/2018",-13.672,32.659,1100,"Rainfed","International Institute of Tropical Agriculture IITA","Public"
"Malawi",2018,"E022","G212","L017",1,0,0,0,59,NA,NA,141,3,0,1,85.1,16,2786.85,1,1,0,0,0,0,0,1,0,1,0,1,40.54,22.87,"7/25/2018","12/24/2018",-13.672,32.659,1100,"Rainfed","International Institute of Tropical Agriculture IITA","Public"
"Malawi",2018,"E022","G234","L017",1,0,0,0,50,NA,NA,114.5,3,0,1,82.1,12.5,2558.85,1,1,0,0,0,0,0,1,0,2,0,1,41.89,21.185,"7/25/2018","12/24/2018",-13.672,32.659,1100,"Rainfed","International Institute of Tropical Agriculture IITA","Public"
"Malawi",2018,"E022","G246","L017",1,0,0,0,49,NA,NA,113,2,0,1,84.1,14,3519.65,1,1,0,0,0,0,0,1,0,2,0,1,44.265,20.51,"7/25/2018","12/24/2018",-13.672,32.659,1100,"Rainfed","International Institute of Tropical Agriculture IITA","Public"
"Malawi",2018,"E022","G365","L017",1,1,0,0,48,NA,NA,111,2,0,1.5,70.6,14.5,3310.35,1,1,0,0,0,0,0,1,0,1,0,1,41.115,21.12,"7/25/2018","12/24/2018",-13.672,32.659,1100,"Rainfed","Department of Agricultural Research Services DARS","Public"
"Malawi",2018,"E024","G007","L019",1,0,0,0,56.25,NA,NA,119.5,0,0,0,20.325,17.75,1447.7,1,1,0,0,0,0,0,1,0,1,0,1,38.78,22.18,"7/5/2018","1/22/2019",-13.419,33.615,1104,"Rainfed","Kenya Agricultural  Livestock Research Organization KALRO","Public"
"Malawi",2018,"E024","G018","L019",1,0,0,0,75.75,NA,NA,137.75,0,0,0,45.75,19,1026.5,1,1,0,0,0,0,0,1,0,1,0,1,41.735,22.7575,"7/5/2018","1/22/2019",-13.419,33.615,1104,"Rainfed","Ethiopian Institute of Agricultural Research EIAR","Public"
"Malawi",2018,"E024","G036","L019",1,0,0,0,70.75,NA,NA,129.75,0,0,0,36.025,24,1984.95,1,1,0,0,0,0,0,1,0,1,0,1,40.5425,22.295,"7/5/2018","1/22/2019",-13.419,33.615,1104,"Rainfed","Kenya Agricultural  Livestock Research Organization KALRO","Public"
"Malawi",2018,"E024","G037","L019",1,0,0,0,69,NA,NA,127,0,0,0,20.475,19.25,1891.075,1,1,0,0,0,0,0,1,0,1,0,1,40.095,23.3975,"7/5/2018","1/22/2019",-13.419,33.615,1104,"Rainfed","Kenya Agricultural  Livestock Research Organization KALRO","Public"
"Malawi",2018,"E024","G039","L019",1,0,0,0,65.25,NA,NA,130,0,0,0,54.975,21.75,2366.95,1,1,0,0,0,0,0,1,0,1,0,1,39.5675,22.775,"7/5/2018","1/22/2019",-13.419,33.615,1104,"Rainfed","Kenya Agricultural  Livestock Research Organization KALRO","Public"
"Malawi",2018,"E024","G043","L019",1,0,0,0,51.5,NA,NA,100.5,0,0,0,0,21.25,1260.05,1,1,0,0,0,0,0,1,0,1,0,1,40.05,23.86,"7/5/2018","1/22/2019",-13.419,33.615,1104,"Rainfed","University of Illinois","Public"
"Malawi",2018,"E024","G044","L019",1,0,0,0,50.75,NA,NA,100.25,0,0,0,0,18.75,1021.175,1,1,0,0,0,0,0,1,0,1,0,1,37.62,22.3875,"7/5/2018","1/22/2019",-13.419,33.615,1104,"Rainfed","University of Illinois","Public"
"Malawi",2018,"E024","G056","L019",1,0,0,0,75.5,NA,NA,133.25,0,0,0,55.625,22.5,1213.425,1,1,0,0,0,0,0,1,0,1,0,1,37.33,23.02,"7/5/2018","1/22/2019",-13.419,33.615,1104,"Rainfed","ZamSeed","Private"
"Malawi",2018,"E024","G059","L019",1,0,0,0,76.75,NA,NA,131.25,0,0,0,28.075,14.25,1818.725,1,1,0,0,0,0,0,1,0,1,0,1,40.885,20.25,"7/5/2018","1/22/2019",-13.419,33.615,1104,"Rainfed","Makerere University","Public"
"Malawi",2018,"E024","G060","L019",1,0,0,0,67,NA,NA,147,0,0,0,87.05,21.25,1828.8,1,1,0,0,0,0,0,1,0,1,0,1,39.0675,23.145,"7/5/2018","1/22/2019",-13.419,33.615,1104,"Rainfed","Makerere University","Public"
"Malawi",2018,"E024","G061","L019",1,0,0,0,79.5,NA,NA,133.5,0,0,0,83.125,22.25,1294.025,1,1,0,0,0,0,0,1,0,1,0,1,43.0075,21.3475,"7/5/2018","1/22/2019",-13.419,33.615,1104,"Rainfed","Makerere University","Public"
"Malawi",2018,"E024","G062","L019",1,0,0,0,80.5,NA,NA,137.25,0,0,0,85.425,21.25,1489.25,1,1,0,0,0,0,0,1,0,1,0,1,41.48,21.8375,"7/5/2018","1/22/2019",-13.419,33.615,1104,"Rainfed","Makerere University","Public"
"Malawi",2018,"E024","G065","L019",1,1,0,0,75.5,NA,NA,141.25,0,0,0,60.275,17.75,1269.3,1,1,0,0,0,0,0,1,0,1,0,1,41.98,21.52666667,"7/5/2018","1/22/2019",-13.419,33.615,1104,"Rainfed","Department of Agricultural Research Services DARS","Public"
"Malawi",2018,"E024","G074","L019",1,1,0,0,63.25,NA,NA,134.5,0,0,0,60.3,20.25,1386.325,1,1,0,0,0,0,0,1,0,1,0,1,39.84,21.53,"7/5/2018","1/22/2019",-13.419,33.615,1104,"Rainfed","Department of Agricultural Research Services DARS","Public"
"Malawi",2018,"E024","G091","L019",1,0,0,0,73.75,NA,NA,136.75,0,0,0,67.875,23,1439.925,1,1,0,0,0,0,0,1,0,1,0,1,40.6225,22.7575,"7/5/2018","1/22/2019",-13.419,33.615,1104,"Rainfed","SeedCo","Private"
"Malawi",2018,"E024","G092","L019",1,0,0,0,76.75,NA,NA,144.5,0,0,0,66.8,23.75,1814.6,1,1,0,0,0,0,0,1,0,1,0,1,40.32,21.6975,"7/5/2018","1/22/2019",-13.419,33.615,1104,"Rainfed","SeedCo","Private"
"Malawi",2018,"E024","G093","L019",1,0,0,0,55.25,NA,NA,129.75,0,0,0,43.925,19.25,2587.675,1,1,0,0,0,0,0,1,0,1,0,1,39.12,22.945,"7/5/2018","1/22/2019",-13.419,33.615,1104,"Rainfed","University of Missouri","Public"
"Malawi",2018,"E024","G096","L019",1,0,0,0,80.5,NA,NA,140.75,0,0,0,0,19,719.3,1,1,0,0,0,0,0,1,0,1,0,1,39.6625,21.51,"7/5/2018","1/22/2019",-13.419,33.615,1104,"Rainfed","SeedCo","Private"
"Malawi",2018,"E024","G108","L019",1,0,0,0,67.25,NA,NA,135.25,0,0,0,43.475,17.75,2343.275,1,1,0,0,0,0,0,1,0,1,0,1,39.7225,22.71,"7/5/2018","1/22/2019",-13.419,33.615,1104,"Rainfed","University of Missouri","Public"
"Malawi",2018,"E024","G112","L019",1,0,0,0,69.25,NA,NA,108,0,0,0,38.225,20,1806.05,1,1,0,0,0,0,0,1,0,1,0,1,37.3425,23.79,"7/5/2018","1/22/2019",-13.419,33.615,1104,"Rainfed","University of Missouri","Public"
"Malawi",2018,"E024","G117","L019",1,0,0,0,51.25,NA,NA,108,0,0,0,16.5,19.5,1790.975,1,1,0,0,0,0,0,1,0,1,0,1,39.9025,22.8925,"7/5/2018","1/22/2019",-13.419,33.615,1104,"Rainfed","University of Missouri","Public"
"Malawi",2018,"E024","G119","L019",1,0,0,0,51,NA,NA,107.25,0,0,0,14.475,17.75,1126.6,1,1,0,0,0,0,0,1,0,1,0,1,37.755,23.5325,"7/5/2018","1/22/2019",-13.419,33.615,1104,"Rainfed","University of Missouri","Public"
"Malawi",2018,"E024","G120","L019",1,0,0,0,52.25,NA,NA,106.25,0,0,0,15.4,21.25,1228.6,1,1,0,0,0,0,0,1,0,1,0,1,39.595,23.295,"7/5/2018","1/22/2019",-13.419,33.615,1104,"Rainfed","University of Missouri","Public"
"Malawi",2018,"E024","G122","L019",1,0,0,0,54.5,NA,NA,119.5,0,0,0,0,19.75,1316.675,1,1,0,0,0,0,0,1,0,1,0,1,37.825,22.895,"7/5/2018","1/22/2019",-13.419,33.615,1104,"Rainfed","University of Missouri","Public"
"Malawi",2018,"E024","G123","L019",1,0,0,0,46.5,NA,NA,100.25,0,0,0,0,20.5,919.875,1,1,0,0,0,0,0,1,0,1,0,1,38.235,23.1875,"7/5/2018","1/22/2019",-13.419,33.615,1104,"Rainfed","University of Missouri","Public"
"Malawi",2018,"E024","G124","L019",1,0,0,0,57.5,NA,NA,100.25,0,0,0,16.125,19.5,950.8,1,1,0,0,0,0,0,1,0,1,0,1,37.3125,23.9125,"7/5/2018","1/22/2019",-13.419,33.615,1104,"Rainfed","University of Missouri","Public"
"Malawi",2018,"E024","G129","L019",1,0,0,0,65.5,NA,NA,128,0,0,0,66.8,18,2013.275,1,1,0,0,0,0,0,1,0,1,0,1,42.06,20.115,"7/5/2018","1/22/2019",-13.419,33.615,1104,"Rainfed","Kenya Agricultural  Livestock Research Organization KALRO","Public"
"Malawi",2018,"E024","G136","L019",1,0,0,0,70.5,NA,NA,136.25,0,0,0,53.3,20.75,1538.45,1,1,0,0,0,0,0,1,0,1,0,1,40.6625,22.345,"7/5/2018","1/22/2019",-13.419,33.615,1104,"Rainfed","Ethiopian Institute of Agricultural Research EIAR","Public"
"Malawi",2018,"E024","G143","L019",1,0,0,0,74.25,NA,NA,135.25,0,0,0,63.55,30.5,1229.375,1,1,0,0,0,0,0,1,0,1,0,1,41.7675,22.89,"7/5/2018","1/22/2019",-13.419,33.615,1104,"Rainfed","SeedCo","Private"
"Malawi",2018,"E024","G182","L019",1,0,0,0,56,NA,NA,135.75,0,0,0,63.775,18,2064,1,1,0,0,0,0,0,1,0,1,0,1,41.4425,20.6475,"7/5/2018","1/22/2019",-13.419,33.615,1104,"Rainfed","International Institute of Tropical Agriculture IITA","Public"
"Malawi",2018,"E024","G186","L019",1,0,0,0,82,NA,NA,138.75,0,0,0,56.925,19.75,1453.05,1,1,0,0,0,0,0,1,0,1,0,1,45.305,20.75,"7/5/2018","1/22/2019",-13.419,33.615,1104,"Rainfed","International Institute of Tropical Agriculture IITA","Public"
"Malawi",2018,"E024","G188","L019",1,0,0,0,66,NA,NA,132.5,0,0,0,57.025,17.25,2480.125,1,1,0,0,0,0,0,1,0,1,0,1,42.3725,20.175,"7/5/2018","1/22/2019",-13.419,33.615,1104,"Rainfed","International Institute of Tropical Agriculture IITA","Public"
"Malawi",2018,"E024","G203","L019",1,0,0,0,63,NA,NA,137.75,0,0,0,68.4,21.25,1226.2,1,1,0,0,0,0,0,1,0,1,0,1,42.625,21.305,"7/5/2018","1/22/2019",-13.419,33.615,1104,"Rainfed","International Institute of Tropical Agriculture IITA","Public"
"Malawi",2018,"E024","G206","L019",1,0,0,0,74.25,NA,NA,115.5,0,0,0,65.45,26.5,1612.375,1,1,0,0,0,0,0,1,0,1,0,1,40.3925,22.47,"7/5/2018","1/22/2019",-13.419,33.615,1104,"Rainfed","International Institute of Tropical Agriculture IITA","Public"
"Malawi",2018,"E024","G208","L019",1,0,0,0,76.75,NA,NA,115,0,0,0,66.575,20.75,2179.95,1,1,0,0,0,0,0,1,0,1,0,2,41,22.97666667,"7/5/2018","1/22/2019",-13.419,33.615,1104,"Rainfed","International Institute of Tropical Agriculture IITA","Public"
"Malawi",2018,"E024","G210","L019",1,0,0,0,73.25,NA,NA,140.25,0,0,0,52.625,26.75,2105.05,1,1,0,0,0,0,0,1,0,1,0,1,40.315,22.185,"7/5/2018","1/22/2019",-13.419,33.615,1104,"Rainfed","International Institute of Tropical Agriculture IITA","Public"
"Malawi",2018,"E024","G212","L019",1,0,0,0,75,NA,NA,134.5,0,0,0,50.4,22,1571.175,1,1,0,0,0,0,0,1,0,1,0,1,41.9025,22.58,"7/5/2018","1/22/2019",-13.419,33.615,1104,"Rainfed","International Institute of Tropical Agriculture IITA","Public"
"Malawi",2018,"E024","G234","L019",1,0,0,0,70,NA,NA,144.25,0,0,0,61.55,18.25,1365.525,1,1,0,0,0,0,0,1,0,1,0,1,44.41666667,20.91,"7/5/2018","1/22/2019",-13.419,33.615,1104,"Rainfed","International Institute of Tropical Agriculture IITA","Public"
"Malawi",2018,"E024","G246","L019",1,0,0,0,72.5,NA,NA,137,0,0,0,55.05,19,1029.375,1,1,0,0,0,0,0,1,0,1,0,1,42.9525,20.815,"7/5/2018","1/22/2019",-13.419,33.615,1104,"Rainfed","International Institute of Tropical Agriculture IITA","Public"
"Malawi",2018,"E024","G365","L019",1,1,0,0,67.25,NA,NA,126.25,0,0,0,63,15,1713.075,1,1,0,0,0,0,0,1,0,1,0,1,40.565,20.75,"7/5/2018","1/22/2019",-13.419,33.615,1104,"Rainfed","Department of Agricultural Research Services DARS","Public"
"Malawi",2018,"E032","G018","L024",2,0,0,0,35.33333333,NA,NA,97,1,0,0,48.53333333,15,2044.333333,1,2,0,0,0,0,0,1,0,2,0,1,NA,NA,"12/13/2018","5/25/2019",-15.922,35.073,1178,"Rainfed","Ethiopian Institute of Agricultural Research EIAR","Public"
"Malawi",2018,"E032","G021","L024",2,0,0,0,27.66666667,NA,NA,86.33333333,1,0,0,63.73333333,18.33333333,2707.333333,1,2,0,0,0,0,0,1,0,2,0,1,NA,NA,"12/13/2018","5/25/2019",-15.922,35.073,1178,"Rainfed","Agricultural Research Council ARC","Public"
"Malawi",2018,"E032","G022","L024",2,0,0,0,45.33333333,NA,NA,102,1,0,0,39.6,16,2459.666667,1,2,0,0,0,0,0,1,0,3,0,1,NA,NA,"12/13/2018","5/25/2019",-15.922,35.073,1178,"Rainfed","Agricultural Research Council ARC","Public"
"Malawi",2018,"E032","G029","L024",2,0,0,0,26,NA,NA,95.33333333,1,0,0,38.73333333,20,2467.666667,2,2,0,0,0,0,0,1,0,3,0,2,NA,NA,"12/13/2018","5/25/2019",-15.922,35.073,1178,"Rainfed","Agricultural Research Council ARC","Public"
"Malawi",2018,"E032","G030","L024",2,0,0,0,27.33333333,NA,NA,89.33333333,1,0,0,38.33333333,17.33333333,1959.666667,3,2,0,0,0,0,0,1,0,3,0,1,NA,NA,"12/13/2018","5/25/2019",-15.922,35.073,1178,"Rainfed","Agricultural Research Council ARC","Public"
"Malawi",2018,"E032","G034","L024",2,0,0,0,38.66666667,NA,NA,96,2,0,0,71.06666667,15.66666667,2245.666667,2,2,0,0,0,0,0,1,0,2,0,1,NA,NA,"12/13/2018","5/25/2019",-15.922,35.073,1178,"Rainfed","ZamSeed","Private"
"Malawi",2018,"E032","G056","L024",2,0,0,0,37.66666667,NA,NA,89,1,0,0,53.93333333,17,2316.333333,1,2,0,0,0,0,0,1,0,2,0,1,NA,NA,"12/13/2018","5/25/2019",-15.922,35.073,1178,"Rainfed","ZamSeed","Private"
"Malawi",2018,"E032","G063","L024",2,0,0,0,44.66666667,NA,NA,118.6666667,4,0,0,85.26666667,22.33333333,1096,1,2,0,0,0,0,0,2,0,2,0,1,NA,NA,"12/13/2018","5/25/2019",-15.922,35.073,1178,"Rainfed","Makerere University","Public"
"Malawi",2018,"E032","G065","L024",2,1,0,0,38,NA,NA,95,1,0,0,62.93333333,19,2051,2,2,0,0,0,0,0,1,0,4,0,1,NA,NA,"12/13/2018","5/25/2019",-15.922,35.073,1178,"Rainfed","Department of Agricultural Research Services DARS","Public"
"Malawi",2018,"E032","G070","L024",2,0,0,0,35.33333333,NA,NA,108.3333333,1,0,0,81.66666667,18.66666667,2698,1,2,0,0,0,0,0,1,0,3,0,1,NA,NA,"12/13/2018","5/25/2019",-15.922,35.073,1178,"Rainfed","MRISyngenta Synergy Agribusiness Zambia Limited","Private"
"Malawi",2018,"E032","G074","L024",2,1,0,0,43.66666667,NA,NA,96,1,0,0,69.33333333,20.66666667,2528.666667,1,2,0,0,0,0,0,2,0,3,0,1,NA,NA,"12/13/2018","5/25/2019",-15.922,35.073,1178,"Rainfed","Department of Agricultural Research Services DARS","Public"
"Malawi",2018,"E032","G081","L024",2,0,0,0,36.66666667,NA,NA,89.33333333,1,0,0,108,18.33333333,2000,1,2,0,0,0,0,0,1,0,4,0,1,NA,NA,"12/13/2018","5/25/2019",-15.922,35.073,1178,"Rainfed","Semillas Panorama SAS","Private"
"Malawi",2018,"E032","G082","L024",2,0,0,0,35.66666667,NA,NA,96,1,0,0,100.1,19.33333333,1483,1,1,0,0,0,0,0,1,0,3,0,1,NA,NA,"12/13/2018","5/25/2019",-15.922,35.073,1178,"Rainfed","Semillas Panorama SAS","Private"
"Malawi",2018,"E032","G084","L024",2,0,0,0,41,NA,NA,102.6666667,1,0,0,97.53333333,18.66666667,1896.333333,1,2,0,0,0,0,0,1,0,3,0,1,NA,NA,"12/13/2018","5/25/2019",-15.922,35.073,1178,"Rainfed","Semillas Panorama SAS","Private"
"Malawi",2018,"E032","G092","L024",2,0,0,0,41,NA,NA,89,1,0,0,65.53333333,20.33333333,2634,2,2,0,0,0,0,0,1,0,2,0,1,NA,NA,"12/13/2018","5/25/2019",-15.922,35.073,1178,"Rainfed","SeedCo","Private"
"Malawi",2018,"E032","G095","L024",2,0,0,0,36,NA,NA,110.3333333,1,0,0,76.26666667,18.33333333,2676.333333,2,2,0,0,0,0,0,2,0,3,0,1,NA,NA,"12/13/2018","5/25/2019",-15.922,35.073,1178,"Rainfed","SeedCo","Private"
"Malawi",2018,"E032","G097","L024",2,0,0,0,36.66666667,NA,NA,94.66666667,1,0,0,59.8,21.33333333,1922.666667,2,2,0,0,0,0,0,2,0,3,0,1,NA,NA,"12/13/2018","5/25/2019",-15.922,35.073,1178,"Rainfed","SeedCo","Private"
"Malawi",2018,"E032","G098","L024",2,0,0,0,46.33333333,NA,NA,94.66666667,1,0,0,50.46666667,16.66666667,2187.333333,1,2,0,0,0,0,0,1,0,2,0,1,NA,NA,"12/13/2018","5/25/2019",-15.922,35.073,1178,"Rainfed","SeedCo","Private"
"Malawi",2018,"E032","G101","L024",2,0,0,0,33.33333333,NA,NA,85,1,0,0,45.53333333,18.66666667,2549,2,2,0,0,0,0,0,1,0,2,0,1,NA,NA,"12/13/2018","5/25/2019",-15.922,35.073,1178,"Rainfed","SeedCo","Private"
"Malawi",2018,"E032","G103","L024",2,0,0,0,41.33333333,NA,NA,94.66666667,1,0,0,45.4,20,2292,1,2,0,0,0,0,0,1,0,2,0,1,NA,NA,"12/13/2018","5/25/2019",-15.922,35.073,1178,"Rainfed","SeedCo","Private"
"Malawi",2018,"E032","G136","L024",2,0,0,0,31.66666667,NA,NA,96.33333333,1,0,0,62.8,18.33333333,3015.333333,1,1,0,0,0,0,0,1,0,1,0,1,NA,NA,"12/13/2018","5/25/2019",-15.922,35.073,1178,"Rainfed","Ethiopian Institute of Agricultural Research EIAR","Public"
"Malawi",2018,"E032","G138","L024",2,0,0,0,41,NA,NA,89,1,0,0,61.06666667,22,2616.666667,2,2,0,0,0,0,0,2,0,2,0,1,NA,NA,"12/13/2018","5/25/2019",-15.922,35.073,1178,"Rainfed","SeedCo","Private"
"Malawi",2018,"E032","G142","L024",2,0,0,0,46,NA,NA,100.3333333,2,0,0,66.8,23.33333333,3094,3,3,0,0,0,0,0,2,0,2,0,1,NA,NA,"12/13/2018","5/25/2019",-15.922,35.073,1178,"Rainfed","SeedCo","Private"
"Malawi",2018,"E032","G145","L024",2,0,0,0,36.66666667,NA,NA,102.3333333,1,0,0,82.13333333,19,3288,1,1,0,0,0,0,0,1,0,2,0,1,NA,NA,"12/13/2018","5/25/2019",-15.922,35.073,1178,"Rainfed","SeedCo","Private"
"Malawi",2018,"E032","G146","L024",2,0,0,0,41.66666667,NA,NA,90,1,0,0,67.53333333,17.33333333,2002.333333,2,1,0,0,0,0,0,1,0,2,0,1,NA,NA,"12/13/2018","5/25/2019",-15.922,35.073,1178,"Rainfed","SeedCo","Private"
"Malawi",2018,"E032","G157","L024",2,0,0,0,40.66666667,NA,NA,84.66666667,1,0,0,33.13333333,16,1607,2,2,0,0,0,0,0,1,0,3,0,1,NA,NA,"12/13/2018","5/25/2019",-15.922,35.073,1178,"Rainfed","Sensako","Private"
"Malawi",2018,"E032","G182","L024",2,0,0,0,41.66666667,NA,NA,94.66666667,2,0,0,61.8,14,2169.333333,2,2,0,0,0,0,0,2,0,2,0,1,NA,NA,"12/13/2018","5/25/2019",-15.922,35.073,1178,"Rainfed","International Institute of Tropical Agriculture IITA","Public"
"Malawi",2018,"E032","G188","L024",2,0,0,0,36.66666667,NA,NA,89,2,0,0,55.73333333,14.33333333,1889,2,2,0,0,0,0,0,1,0,2,0,1,NA,NA,"12/13/2018","5/25/2019",-15.922,35.073,1178,"Rainfed","International Institute of Tropical Agriculture IITA","Public"
"Malawi",2018,"E032","G233","L024",2,0,0,0,42.66666667,NA,NA,96.33333333,1,0,0,65.73333333,16.33333333,1998.333333,1,2,0,0,0,0,0,2,0,3,0,1,NA,NA,"12/13/2018","5/25/2019",-15.922,35.073,1178,"Rainfed","International Institute of Tropical Agriculture IITA","Public"
"Malawi",2018,"E032","G365","L024",2,1,0,0,42.33333333,NA,NA,94.66666667,1,0,0,57.13333333,15,1841,2,2,0,0,0,0,0,1,0,3,0,1,NA,NA,"12/13/2018","5/25/2019",-15.922,35.073,1178,"Rainfed","Department of Agricultural Research Services DARS","Public"
"Malawi",2018,"E034","G007","L025",2,0,0,0,51,NA,NA,102.6666667,0,0,0,30,17,1665.333333,0,0,0,0,0,0,0,0,0,0,0,0,38.515,22.66,"12/7/2018","4/27/2019",-14.217,33.7,1156,"Rainfed","Kenya Agricultural  Livestock Research Organization KALRO","Public"
"Malawi",2018,"E034","G021","L025",2,0,0,0,53,NA,NA,101,0,0,0,17.33333333,15.66666667,3391.333333,0,0,0,0,0,0,0,0,0,0,0,0,39.835,21.885,"12/7/2018","4/27/2019",-14.217,33.7,1156,"Rainfed","Agricultural Research Council ARC","Public"
"Malawi",2018,"E034","G022","L025",2,0,0,0,53,NA,NA,100.3333333,0,0,0,30.33333333,12.33333333,2406.333333,0,0,0,0,0,0,0,0,0,0,0,0,39.46,22,"12/7/2018","4/27/2019",-14.217,33.7,1156,"Rainfed","Agricultural Research Council ARC","Public"
"Malawi",2018,"E034","G029","L025",2,0,0,0,53,NA,NA,99.33333333,0,0,0,21,15.66666667,2549.333333,0,0,0,0,0,0,0,0,0,0,0,0,40.505,21.41,"12/7/2018","4/27/2019",-14.217,33.7,1156,"Rainfed","Agricultural Research Council ARC","Public"
"Malawi",2018,"E034","G030","L025",2,0,0,0,53,NA,NA,96.66666667,0,0,0,18.66666667,15,2721.666667,0,0,0,0,0,0,0,0,0,0,0,0,41.77,20.685,"12/7/2018","4/27/2019",-14.217,33.7,1156,"Rainfed","Agricultural Research Council ARC","Public"
"Malawi",2018,"E034","G034","L025",2,0,0,0,60.66666667,NA,NA,103,0,0,0,26.66666667,11.66666667,2244.666667,0,0,0,0,0,0,0,0,0,0,0,0,42.695,21.025,"12/7/2018","4/27/2019",-14.217,33.7,1156,"Rainfed","ZamSeed","Private"
"Malawi",2018,"E034","G039","L025",2,0,0,0,60,NA,NA,99.66666667,0,0,0,32.33333333,14.66666667,2719.333333,0,0,0,0,0,0,0,0,0,0,0,0,42.395,21.195,"12/7/2018","4/27/2019",-14.217,33.7,1156,"Rainfed","Kenya Agricultural  Livestock Research Organization KALRO","Public"
"Malawi",2018,"E034","G056","L025",2,0,0,0,53,NA,NA,98,0,0,0,31.66666667,12,2848.666667,0,0,0,0,0,0,0,0,0,0,0,0,39.715,19.905,"12/7/2018","4/27/2019",-14.217,33.7,1156,"Rainfed","ZamSeed","Private"
"Malawi",2018,"E034","G063","L025",2,0,0,0,69.33333333,NA,NA,112,0,0,0,35.33333333,17,1754,0,0,0,0,0,0,0,0,0,0,0,0,43.055,20.48,"12/7/2018","4/27/2019",-14.217,33.7,1156,"Rainfed","Makerere University","Public"
"Malawi",2018,"E034","G065","L025",2,1,0,0,54,NA,NA,97.33333333,0,0,0,32.33333333,14.66666667,2838,0,0,0,0,0,0,0,0,0,0,0,0,42.465,18.835,"12/7/2018","4/27/2019",-14.217,33.7,1156,"Rainfed","Department of Agricultural Research Services DARS","Public"
"Malawi",2018,"E034","G070","L025",2,0,0,0,67,NA,NA,105,0,0,0,26.33333333,11.66666667,2537.666667,0,0,0,0,0,0,0,0,0,0,0,0,42.7,20.035,"12/7/2018","4/27/2019",-14.217,33.7,1156,"Rainfed","MRISyngenta Synergy Agribusiness Zambia Limited","Private"
"Malawi",2018,"E034","G074","L025",2,1,0,0,64,NA,NA,113.6666667,0,0,0,31.33333333,14.33333333,2994.666667,0,0,0,0,0,0,0,0,0,0,0,0,42.33,19.55,"12/7/2018","4/27/2019",-14.217,33.7,1156,"Rainfed","Department of Agricultural Research Services DARS","Public"
"Malawi",2018,"E034","G081","L025",2,0,0,0,68,NA,NA,110,0,0,0,22.33333333,12.66666667,2535.666667,0,0,0,0,0,0,0,0,0,0,0,0,40.805,21.37,"12/7/2018","4/27/2019",-14.217,33.7,1156,"Rainfed","Semillas Panorama SAS","Private"
"Malawi",2018,"E034","G082","L025",2,0,0,0,66,NA,NA,108,0,0,0,23.66666667,12,2399.666667,0,0,0,0,0,0,0,0,0,0,0,0,42.125,20.665,"12/7/2018","4/27/2019",-14.217,33.7,1156,"Rainfed","Semillas Panorama SAS","Private"
"Malawi",2018,"E034","G084","L025",2,0,0,0,70,NA,NA,113,0,0,0,30.66666667,11,2049,0,0,0,0,0,0,0,0,0,0,0,0,41.51,19.99,"12/7/2018","4/27/2019",-14.217,33.7,1156,"Rainfed","Semillas Panorama SAS","Private"
"Malawi",2018,"E034","G092","L025",2,0,0,0,62,NA,NA,106.6666667,0,0,0,39.66666667,14.33333333,3185,0,0,0,0,0,0,0,0,0,0,0,0,41.955,19.41,"12/7/2018","4/27/2019",-14.217,33.7,1156,"Rainfed","SeedCo","Private"
"Malawi",2018,"E034","G095","L025",2,0,0,0,66,NA,NA,106,0,0,0,36.66666667,13.66666667,3017.666667,0,0,0,0,0,0,0,0,0,0,0,0,40.13,21.535,"12/7/2018","4/27/2019",-14.217,33.7,1156,"Rainfed","SeedCo","Private"
"Malawi",2018,"E034","G097","L025",2,0,0,0,66.66666667,NA,NA,107,0,0,0,23.66666667,18.33333333,4068.333333,0,0,0,0,0,0,0,0,0,0,0,0,41.365,20.56,"12/7/2018","4/27/2019",-14.217,33.7,1156,"Rainfed","SeedCo","Private"
"Malawi",2018,"E034","G098","L025",2,0,0,0,52,NA,NA,105.6666667,0,0,0,33.66666667,17,3526,0,0,0,0,0,0,0,0,0,0,0,0,37.595,23.54,"12/7/2018","4/27/2019",-14.217,33.7,1156,"Rainfed","SeedCo","Private"
"Malawi",2018,"E034","G101","L025",2,0,0,0,62,NA,NA,113,0,0,0,30.33333333,17,4289.333333,0,0,0,0,0,0,0,0,0,0,0,0,40.855,20.395,"12/7/2018","4/27/2019",-14.217,33.7,1156,"Rainfed","SeedCo","Private"
"Malawi",2018,"E034","G103","L025",2,0,0,0,53,NA,NA,100.6666667,0,0,0,38.66666667,14,3358,0,0,0,0,0,0,0,0,0,0,0,0,36.485,22.625,"12/7/2018","4/27/2019",-14.217,33.7,1156,"Rainfed","SeedCo","Private"
"Malawi",2018,"E034","G138","L025",2,0,0,0,58,NA,NA,109.6666667,0,0,0,33.33333333,19.66666667,3760.333333,0,0,0,0,0,0,0,0,0,0,0,0,39.2,21.41,"12/7/2018","4/27/2019",-14.217,33.7,1156,"Rainfed","SeedCo","Private"
"Malawi",2018,"E034","G142","L025",2,0,0,0,56,NA,NA,102,0,0,0,32.33333333,22.66666667,2823.333333,0,0,0,0,0,0,0,0,0,0,0,0,41.815,21.69,"12/7/2018","4/27/2019",-14.217,33.7,1156,"Rainfed","SeedCo","Private"
"Malawi",2018,"E034","G145","L025",2,0,0,0,66,NA,NA,111,0,0,0,21,14.66666667,3754.333333,0,0,0,0,0,0,0,0,0,0,0,0,40.25,19.385,"12/7/2018","4/27/2019",-14.217,33.7,1156,"Rainfed","SeedCo","Private"
"Malawi",2018,"E034","G146","L025",2,0,0,0,62,NA,NA,112.3333333,0,0,0,44.33333333,14,3270.333333,0,0,0,0,0,0,0,0,0,0,0,0,40.305,20.55,"12/7/2018","4/27/2019",-14.217,33.7,1156,"Rainfed","SeedCo","Private"
"Malawi",2018,"E034","G157","L025",2,0,0,0,53,NA,NA,103,0,0,0,31.66666667,16.66666667,2466,0,0,0,0,0,0,0,0,0,0,0,0,42.545,21.435,"12/7/2018","4/27/2019",-14.217,33.7,1156,"Rainfed","Sensako","Private"
"Malawi",2018,"E034","G182","L025",2,0,0,0,53,NA,NA,108.3333333,0,0,0,32.33333333,12.66666667,3087.333333,0,0,0,0,0,0,0,0,0,0,0,0,39.85,20.75,"12/7/2018","4/27/2019",-14.217,33.7,1156,"Rainfed","International Institute of Tropical Agriculture IITA","Public"
"Malawi",2018,"E034","G188","L025",2,0,0,0,57,NA,NA,104,0,0,0,29.33333333,12,3178.666667,0,0,0,0,0,0,0,0,0,0,0,0,40.365,20.545,"12/7/2018","4/27/2019",-14.217,33.7,1156,"Rainfed","International Institute of Tropical Agriculture IITA","Public"
"Malawi",2018,"E034","G233","L025",2,0,0,0,60,NA,NA,113,0,0,0,33.33333333,14,2451,0,0,0,0,0,0,0,0,0,0,0,0,42.645,20.34,"12/7/2018","4/27/2019",-14.217,33.7,1156,"Rainfed","International Institute of Tropical Agriculture IITA","Public"
"Malawi",2018,"E034","G365","L025",2,1,0,0,62,NA,NA,101.3333333,0,0,0,36,13,3273.666667,0,0,0,0,0,0,0,0,0,0,0,0,40.74,20.32,"12/7/2018","4/27/2019",-14.217,33.7,1156,"Rainfed","Department of Agricultural Research Services DARS","Public"
"Malawi",2018,"E030","G018","L011",2,0,0,0,48.66666667,NA,NA,99.66666667,1,0,1,53,13.33333333,2375.666667,1,1,0,0,0,0,0,1,0,1,0,1,41.64,21.615,"12/19/2018","5/2/2019",-13.973,33.517,1142,"Rainfed","Ethiopian Institute of Agricultural Research EIAR","Public"
"Malawi",2018,"E030","G021","L011",2,0,0,0,47,NA,NA,90,3,0,2.666666667,75.33333333,15,3430.333333,1,1,0,0,0,0,0,2,0,1,0,1,39.635,22,"12/19/2018","5/2/2019",-13.973,33.517,1142,"Rainfed","Agricultural Research Council ARC","Public"
"Malawi",2018,"E030","G022","L011",2,0,0,0,43,NA,NA,91.66666667,1,0,4.333333333,49,15,3031.666667,1,1,0,0,0,0,0,2,0,1,0,1,41.33,21.005,"12/19/2018","5/2/2019",-13.973,33.517,1142,"Rainfed","Agricultural Research Council ARC","Public"
"Malawi",2018,"E030","G029","L011",2,0,0,0,36,NA,NA,90.66666667,1,0,2.333333333,53.66666667,15,2691.333333,1,1,0,0,0,0,0,1,0,1,0,1,41.2,22.575,"12/19/2018","5/2/2019",-13.973,33.517,1142,"Rainfed","Agricultural Research Council ARC","Public"
"Malawi",2018,"E030","G030","L011",2,0,0,0,36,NA,NA,92,1,0,3,51.66666667,18.33333333,2776,1,1,0,0,0,0,0,1,0,1,0,1,41.105,22.015,"12/19/2018","5/2/2019",-13.973,33.517,1142,"Rainfed","Agricultural Research Council ARC","Public"
"Malawi",2018,"E030","G034","L011",2,0,0,0,51,NA,NA,104.3333333,2,0,1,71.33333333,11.66666667,2700,1,1,0,0,0,0,0,1,0,1,0,1,41.745,20.94,"12/19/2018","5/2/2019",-13.973,33.517,1142,"Rainfed","ZamSeed","Private"
"Malawi",2018,"E030","G056","L011",2,0,0,0,48,NA,NA,99,1,0,1.333333333,69.33333333,15,2861,1,1,0,0,0,0,0,1,0,1,0,1,38.715,21.74,"12/19/2018","5/2/2019",-13.973,33.517,1142,"Rainfed","ZamSeed","Private"
"Malawi",2018,"E030","G063","L011",2,0,0,0,53,NA,NA,109,5,0,1,86,18.33333333,2625.666667,1,1,0,0,0,0,0,3,0,1,0,1,43.02,20.685,"12/19/2018","5/2/2019",-13.973,33.517,1142,"Rainfed","Makerere University","Public"
"Malawi",2018,"E030","G065","L011",2,1,0,0,44.66666667,NA,NA,102,2,0,1.333333333,80.33333333,16.66666667,2969.333333,1,1,0,0,0,0,0,1,0,2,0,1,42.47,19.645,"12/19/2018","5/2/2019",-13.973,33.517,1142,"Rainfed","Department of Agricultural Research Services DARS","Public"
"Malawi",2018,"E030","G070","L011",2,0,0,0,50.66666667,NA,NA,109,3,0,1,93.33333333,15,2147,1,1,0,0,0,0,0,1,0,1,0,1,42.61,20.71,"12/19/2018","5/2/2019",-13.973,33.517,1142,"Rainfed","MRISyngenta Synergy Agribusiness Zambia Limited","Private"
"Malawi",2018,"E030","G074","L011",2,1,0,0,44.66666667,NA,NA,101,2,0,1,83.66666667,15,2828.333333,1,1,0,0,0,0,0,2,0,3,0,1,42.555,20.86,"12/19/2018","5/2/2019",-13.973,33.517,1142,"Rainfed","Department of Agricultural Research Services DARS","Public"
"Malawi",2018,"E030","G081","L011",2,0,0,0,47.66666667,NA,NA,117.6666667,3,0,1,95.33333333,13.33333333,2045.666667,1,1,0,0,0,0,0,1,0,2,0,1,41.465,20.695,"12/19/2018","5/2/2019",-13.973,33.517,1142,"Rainfed","Semillas Panorama SAS","Private"
"Malawi",2018,"E030","G082","L011",2,0,0,0,50.33333333,NA,NA,117,3,0,1,140.3333333,18.33333333,1891,1,1,0,0,0,0,0,1,0,2,0,1,43.13,21.15,"12/19/2018","5/2/2019",-13.973,33.517,1142,"Rainfed","Semillas Panorama SAS","Private"
"Malawi",2018,"E030","G084","L011",2,0,0,0,55,NA,NA,114.6666667,1,0,1,129,10,1632,1,1,0,0,0,0,0,1,0,1,0,1,42.535,19.86,"12/19/2018","5/2/2019",-13.973,33.517,1142,"Rainfed","Semillas Panorama SAS","Private"
"Malawi",2018,"E030","G092","L011",2,0,0,0,48,NA,NA,106,1,0,1,86,15,2584.666667,1,1,0,0,0,0,0,1,0,2,0,1,40.925,20.41,"12/19/2018","5/2/2019",-13.973,33.517,1142,"Rainfed","SeedCo","Private"
"Malawi",2018,"E030","G095","L011",2,0,0,0,43,NA,NA,110,1,0,1,94,15,2525.333333,1,1,0,0,0,0,0,1,0,3,0,1,41.355,20.67,"12/19/2018","5/2/2019",-13.973,33.517,1142,"Rainfed","SeedCo","Private"
"Malawi",2018,"E030","G097","L011",2,0,0,0,42.33333333,NA,NA,113.3333333,2,0,1,92.33333333,20,3578.333333,2,1,0,0,0,0,0,1,0,1,0,1,41.805,20.84,"12/19/2018","5/2/2019",-13.973,33.517,1142,"Rainfed","SeedCo","Private"
"Malawi",2018,"E030","G098","L011",2,0,0,0,45.66666667,NA,NA,107.6666667,1,0,1,75.66666667,16.66666667,2647.333333,1,1,0,0,0,0,0,1,0,1,0,1,40.575,21.16,"12/19/2018","5/2/2019",-13.973,33.517,1142,"Rainfed","SeedCo","Private"
"Malawi",2018,"E030","G101","L011",2,0,0,0,46.66666667,NA,NA,108.6666667,1,0,1,78,11.66666667,4100.666667,1,1,0,0,0,0,0,1,0,1,0,1,41.52,20.535,"12/19/2018","5/2/2019",-13.973,33.517,1142,"Rainfed","SeedCo","Private"
"Malawi",2018,"E030","G103","L011",2,0,0,0,45.33333333,NA,NA,102,1,0,1,75.66666667,15,3368,1,1,0,0,0,0,0,1,0,1,0,1,38.62,22.555,"12/19/2018","5/2/2019",-13.973,33.517,1142,"Rainfed","SeedCo","Private"
"Malawi",2018,"E030","G136","L011",2,0,0,0,48.33333333,NA,NA,102.3333333,2,0,1,78,15,2935,1,1,0,0,0,0,0,1,0,1,0,1,40.825,21.33,"12/19/2018","5/2/2019",-13.973,33.517,1142,"Rainfed","Ethiopian Institute of Agricultural Research EIAR","Public"
"Malawi",2018,"E030","G138","L011",2,0,0,0,41.66666667,NA,NA,100.6666667,1,0,1,103.3333333,21.66666667,3580.666667,1,1,0,0,0,0,0,1,0,2,0,1,40.92,20.705,"12/19/2018","5/2/2019",-13.973,33.517,1142,"Rainfed","SeedCo","Private"
"Malawi",2018,"E030","G142","L011",2,0,0,0,46,NA,NA,103.6666667,3,0,1,109,18.33333333,3421.333333,1,1,0,0,0,0,0,1,0,3,0,1,40.07,22.545,"12/19/2018","5/2/2019",-13.973,33.517,1142,"Rainfed","SeedCo","Private"
"Malawi",2018,"E030","G145","L011",2,0,0,0,48.33333333,NA,NA,110.3333333,1,0,1,92.33333333,15,3418.333333,1,1,0,0,0,0,0,2,0,1,0,1,39.72,19.94,"12/19/2018","5/2/2019",-13.973,33.517,1142,"Rainfed","SeedCo","Private"
"Malawi",2018,"E030","G146","L011",2,0,0,0,46,NA,NA,108,1,0,1,103,13,2982.333333,2,1,0,0,0,0,0,1,0,1,0,1,41.275,20.81,"12/19/2018","5/2/2019",-13.973,33.517,1142,"Rainfed","SeedCo","Private"
"Malawi",2018,"E030","G157","L011",2,0,0,0,41.66666667,NA,NA,85.33333333,1,0,2.333333333,64.66666667,16.66666667,2776.666667,1,1,0,0,0,0,0,2,0,1,0,1,40.4,23.185,"12/19/2018","5/2/2019",-13.973,33.517,1142,"Rainfed","Sensako","Private"
"Malawi",2018,"E030","G182","L011",2,0,0,0,47,NA,NA,91.33333333,2,0,1.666666667,71,11.66666667,2657.666667,1,1,0,0,0,0,0,2,0,1,0,1,39.965,21.345,"12/19/2018","5/2/2019",-13.973,33.517,1142,"Rainfed","International Institute of Tropical Agriculture IITA","Public"
"Malawi",2018,"E030","G188","L011",2,0,0,0,45.66666667,NA,NA,89,4,0,1.333333333,67.66666667,13.33333333,2484.666667,1,1,0,0,0,0,0,1,0,1,0,1,39.8,21.595,"12/19/2018","5/2/2019",-13.973,33.517,1142,"Rainfed","International Institute of Tropical Agriculture IITA","Public"
"Malawi",2018,"E030","G233","L011",2,0,0,0,44,NA,NA,102,3,0,1,85.66666667,15,2980,2,1,0,0,0,0,0,1,0,1,0,1,41.94,21.885,"12/19/2018","5/2/2019",-13.973,33.517,1142,"Rainfed","International Institute of Tropical Agriculture IITA","Public"
"Malawi",2018,"E030","G365","L011",2,1,0,0,44.33333333,NA,NA,92.33333333,2,0,1.666666667,69,11.66666667,2791.666667,1,1,0,0,0,0,0,1,0,1,0,1,40.31,21.205,"12/19/2018","5/2/2019",-13.973,33.517,1142,"Rainfed","Department of Agricultural Research Services DARS","Public"
"Malawi",2018,"E031","G018","L010",2,0,0,0,39.33333333,NA,NA,106.6666667,1,0,1.666666667,38.63333333,14,1665,1,1,0,0,0,0,0,2,0,1,0,1,34.43,25.56,"12/14/2018","5/10/2019",-13.69,34.25,615,"Rainfed","Ethiopian Institute of Agricultural Research EIAR","Public"
"Malawi",2018,"E031","G021","L010",2,0,0,0,38,NA,NA,95.66666667,1,0,1.333333333,68.4,15,1965,1,1,0,0,0,0,0,1,0,1,0,1,30.435,26.28,"12/14/2018","5/10/2019",-13.69,34.25,615,"Rainfed","Agricultural Research Council ARC","Public"
"Malawi",2018,"E031","G022","L010",2,0,0,0,38.33333333,NA,NA,91,2,0,1.666666667,32.36666667,12.66666667,1395,2,1,0,0,0,0,0,1,0,1,0,1,34.89,24.77,"12/14/2018","5/10/2019",-13.69,34.25,615,"Rainfed","Agricultural Research Council ARC","Public"
"Malawi",2018,"E031","G029","L010",2,0,0,0,38.33333333,NA,NA,91.66666667,3,0,2.333333333,32.86666667,14.66666667,1137.333333,1,1,0,0,0,0,0,2,0,1,0,1,34.355,25.105,"12/14/2018","5/10/2019",-13.69,34.25,615,"Rainfed","Agricultural Research Council ARC","Public"
"Malawi",2018,"E031","G030","L010",2,0,0,0,38,NA,NA,91,2,0,2,32.5,15.66666667,1291,1,1,0,0,0,0,0,3,0,1,0,1,38.96,24.195,"12/14/2018","5/10/2019",-13.69,34.25,615,"Rainfed","Agricultural Research Council ARC","Public"
"Malawi",2018,"E031","G034","L010",2,0,0,0,39.33333333,NA,NA,106.3333333,1,0,1,46.76666667,13.33333333,1527.666667,2,1,0,0,0,0,0,1,0,1,0,1,37.28,24.495,"12/14/2018","5/10/2019",-13.69,34.25,615,"Rainfed","ZamSeed","Private"
"Malawi",2018,"E031","G056","L010",2,0,0,0,39,NA,NA,106,3,0,1,41.56666667,13.66666667,1548.333333,1,1,0,0,0,0,0,1,0,2,0,1,30.8,26.03,"12/14/2018","5/10/2019",-13.69,34.25,615,"Rainfed","ZamSeed","Private"
"Malawi",2018,"E031","G063","L010",2,0,0,0,40.66666667,NA,NA,105.6666667,1,0,1,84.93333333,15.33333333,2292.333333,1,1,0,0,0,0,0,2,0,1,0,1,38.71,23.51,"12/14/2018","5/10/2019",-13.69,34.25,615,"Rainfed","Makerere University","Public"
"Malawi",2018,"E031","G065","L010",2,1,0,0,39,NA,NA,104,1,0,1.333333333,65.13333333,16,1796.666667,1,1,0,0,0,0,0,1,0,2,0,1,36.47,22.38,"12/14/2018","5/10/2019",-13.69,34.25,615,"Rainfed","Department of Agricultural Research Services DARS","Public"
"Malawi",2018,"E031","G070","L010",2,0,0,0,40,NA,NA,104.6666667,1,0,1.333333333,50.9,14.66666667,2141,1,1,0,0,0,0,0,2,0,2,0,1,34.805,25.39,"12/14/2018","5/10/2019",-13.69,34.25,615,"Rainfed","MRISyngenta Synergy Agribusiness Zambia Limited","Private"
"Malawi",2018,"E031","G074","L010",2,1,0,0,39.33333333,NA,NA,106,1,0,1,76.3,16,2166.666667,2,1,0,0,0,0,0,1,0,2,0,1,36.145,23.145,"12/14/2018","5/10/2019",-13.69,34.25,615,"Rainfed","Department of Agricultural Research Services DARS","Public"
"Malawi",2018,"E031","G081","L010",2,0,0,0,39.33333333,NA,NA,105.6666667,1,0,1,93.13333333,12.33333333,1227,3,1,0,0,0,0,0,1,0,1,0,1,33.915,25.16,"12/14/2018","5/10/2019",-13.69,34.25,615,"Rainfed","Semillas Panorama SAS","Private"
"Malawi",2018,"E031","G082","L010",2,0,0,0,39,NA,NA,106,2,0,1.333333333,94.3,12.66666667,1155.333333,1,1,0,0,0,0,0,1,0,1,0,1,40.855,22.335,"12/14/2018","5/10/2019",-13.69,34.25,615,"Rainfed","Semillas Panorama SAS","Private"
"Malawi",2018,"E031","G084","L010",2,0,0,0,39.33333333,NA,NA,105.6666667,2,0,1,106.6,12.33333333,1850.666667,1,1,0,0,0,0,0,3,0,2,0,1,34.72,24.37,"12/14/2018","5/10/2019",-13.69,34.25,615,"Rainfed","Semillas Panorama SAS","Private"
"Malawi",2018,"E031","G092","L010",2,0,0,0,39.66666667,NA,NA,106.6666667,2,0,1.333333333,75.23333333,15.33333333,2213,2,1,0,0,0,0,0,2,0,2,0,1,34.9,25.365,"12/14/2018","5/10/2019",-13.69,34.25,615,"Rainfed","SeedCo","Private"
"Malawi",2018,"E031","G095","L010",2,0,0,0,39,NA,NA,102.3333333,1,0,1,79.3,14,1885,1,1,0,0,0,0,0,1,0,1,0,1,30.135,27.485,"12/14/2018","5/10/2019",-13.69,34.25,615,"Rainfed","SeedCo","Private"
"Malawi",2018,"E031","G097","L010",2,0,0,0,40,NA,NA,106,1,0,1.333333333,63.9,12.66666667,1617,2,1,0,0,0,0,0,1,0,1,0,1,32.425,25.84,"12/14/2018","5/10/2019",-13.69,34.25,615,"Rainfed","SeedCo","Private"
"Malawi",2018,"E031","G098","L010",2,0,0,0,38,NA,NA,105,1,0,1,45.2,14.66666667,1795.666667,1,1,0,0,0,0,0,1,0,1,0,1,33.12,26.2,"12/14/2018","5/10/2019",-13.69,34.25,615,"Rainfed","SeedCo","Private"
"Malawi",2018,"E031","G101","L010",2,0,0,0,39.33333333,NA,NA,105.3333333,1,0,1,44.36666667,14.66666667,2086,1,1,0,0,0,0,0,2,0,2,0,1,36.65,23.095,"12/14/2018","5/10/2019",-13.69,34.25,615,"Rainfed","SeedCo","Private"
"Malawi",2018,"E031","G103","L010",2,0,0,0,39.33333333,NA,NA,104.6666667,1,0,1.333333333,58.73333333,14.66666667,1928.666667,1,1,0,0,0,0,0,1,0,3,0,1,30.85,25.965,"12/14/2018","5/10/2019",-13.69,34.25,615,"Rainfed","SeedCo","Private"
"Malawi",2018,"E031","G136","L010",2,0,0,0,39.33333333,NA,NA,104.3333333,1,0,1.333333333,65.4,12.33333333,1390.333333,1,1,0,0,0,0,0,2,0,3,0,1,28.475,27.16,"12/14/2018","5/10/2019",-13.69,34.25,615,"Rainfed","Ethiopian Institute of Agricultural Research EIAR","Public"
"Malawi",2018,"E031","G138","L010",2,0,0,0,38,NA,NA,103.6666667,2,0,1,64.36666667,15.33333333,1785.666667,1,1,0,0,0,0,0,1,0,1,0,1,29.035,26.84,"12/14/2018","5/10/2019",-13.69,34.25,615,"Rainfed","SeedCo","Private"
"Malawi",2018,"E031","G142","L010",2,0,0,0,38.66666667,NA,NA,105.6666667,1,0,1,68.73333333,16,2213.666667,1,1,0,0,0,0,0,1,0,1,0,1,33.985,25.595,"12/14/2018","5/10/2019",-13.69,34.25,615,"Rainfed","SeedCo","Private"
"Malawi",2018,"E031","G145","L010",2,0,0,0,38,NA,NA,106,1,0,1,79.7,15.33333333,2070.333333,1,1,0,0,0,0,0,1,0,2,0,1,34.205,23.38,"12/14/2018","5/10/2019",-13.69,34.25,615,"Rainfed","SeedCo","Private"
"Malawi",2018,"E031","G146","L010",2,0,0,0,39,NA,NA,103.6666667,1,0,1,81.26666667,13,1706.333333,1,1,0,0,0,0,0,1,0,1,0,1,31.14,25.96,"12/14/2018","5/10/2019",-13.69,34.25,615,"Rainfed","SeedCo","Private"
"Malawi",2018,"E031","G157","L010",2,0,0,0,38,NA,NA,91.33333333,1,0,1.333333333,38.03333333,12.66666667,1596.666667,1,1,0,0,0,0,0,2,0,1,0,1,32.915,26.27,"12/14/2018","5/10/2019",-13.69,34.25,615,"Rainfed","Sensako","Private"
"Malawi",2018,"E031","G182","L010",2,0,0,0,40,NA,NA,101.3333333,1,0,1,69,13,2051,1,1,0,0,0,0,0,1,0,2,0,1,38.785,21.475,"12/14/2018","5/10/2019",-13.69,34.25,615,"Rainfed","International Institute of Tropical Agriculture IITA","Public"
"Malawi",2018,"E031","G188","L010",2,0,0,0,41.33333333,NA,NA,105.3333333,1,0,1,73.93333333,13.33333333,1841.666667,2,1,0,0,0,0,0,1,0,1,0,1,38.885,21.56,"12/14/2018","5/10/2019",-13.69,34.25,615,"Rainfed","International Institute of Tropical Agriculture IITA","Public"
"Malawi",2018,"E031","G233","L010",2,0,0,0,38.33333333,NA,NA,105.6666667,2,0,1,82.06666667,14.66666667,2166,1,1,0,0,0,0,0,1,0,3,0,1,38.105,24.03,"12/14/2018","5/10/2019",-13.69,34.25,615,"Rainfed","International Institute of Tropical Agriculture IITA","Public"
"Malawi",2018,"E031","G365","L010",2,1,0,0,38,NA,NA,100,2,0,1,74.8,13.66666667,2338.666667,1,1,0,0,0,0,0,3,0,3,0,1,37.435,21.905,"12/14/2018","5/10/2019",-13.69,34.25,615,"Rainfed","Department of Agricultural Research Services DARS","Public"
"Malawi",2018,"E033","G007","L017",2,0,0,0,39,NA,NA,93,0,0,0,45.47333333,13.33333333,1528.333333,1,1,0,0,0,0,0,1,0,1,0,1,38.515,22.66,"12/14/2018","5/10/2019",-13.637,32.488,952,"Rainfed","Kenya Agricultural  Livestock Research Organization KALRO","Public"
"Malawi",2018,"E033","G021","L017",2,0,0,0,38.33333333,NA,NA,103,0,0,0,70.7,17,1939.666667,1,1,0,0,0,0,0,1,0,1,0,1,39.835,21.885,"12/14/2018","5/10/2019",-13.637,32.488,952,"Rainfed","Agricultural Research Council ARC","Public"
"Malawi",2018,"E033","G022","L017",2,0,0,0,37,NA,NA,100,0,0,0,45.16666667,14.33333333,2000.666667,1,1,0,0,0,0,0,1,0,1,0,1,39.46,22,"12/14/2018","5/10/2019",-13.637,32.488,952,"Rainfed","Agricultural Research Council ARC","Public"
"Malawi",2018,"E033","G029","L017",2,0,0,0,37,NA,NA,100,0,0,0,49.46666667,18.33333333,1789.666667,1,1,0,0,0,0,0,1,0,1,0,1,40.505,21.41,"12/14/2018","5/10/2019",-13.637,32.488,952,"Rainfed","Agricultural Research Council ARC","Public"
"Malawi",2018,"E033","G030","L017",2,0,0,0,37,NA,NA,100,0,0,0,40.44,17.66666667,1626.666667,1,1,0,0,0,0,0,1,0,1,0,1,41.77,20.685,"12/14/2018","5/10/2019",-13.637,32.488,952,"Rainfed","Agricultural Research Council ARC","Public"
"Malawi",2018,"E033","G034","L017",2,0,0,0,45,NA,NA,118,0,0,0,66,12.66666667,2731.666667,1,1,0,0,0,0,0,1,0,3,0,1,42.695,21.025,"12/14/2018","5/10/2019",-13.637,32.488,952,"Rainfed","ZamSeed","Private"
"Malawi",2018,"E033","G039","L017",2,0,0,0,40.33333333,NA,NA,109,0,0,0,58.51333333,15.66666667,2330,1,1,0,0,0,0,0,1,0,1,0,1,42.395,21.195,"12/14/2018","5/10/2019",-13.637,32.488,952,"Rainfed","Kenya Agricultural  Livestock Research Organization KALRO","Public"
"Malawi",2018,"E033","G056","L017",2,0,0,0,43,NA,NA,109,0,0,0,73.10666667,14.66666667,2048.666667,1,1,0,0,0,0,0,1,0,1,0,1,39.715,19.905,"12/14/2018","5/10/2019",-13.637,32.488,952,"Rainfed","ZamSeed","Private"
"Malawi",2018,"E033","G063","L017",2,0,0,0,50,NA,NA,118,0,0,0,89.16666667,16.66666667,2577,1,1,0,0,0,0,0,1,0,3,0,1,43.055,20.48,"12/14/2018","5/10/2019",-13.637,32.488,952,"Rainfed","Makerere University","Public"
"Malawi",2018,"E033","G065","L017",2,1,0,0,46,NA,NA,113,0,0,0,76.9,17.33333333,2664,1,1,0,0,0,0,0,1,0,2,0,1,42.465,18.835,"12/14/2018","5/10/2019",-13.637,32.488,952,"Rainfed","Department of Agricultural Research Services DARS","Public"
"Malawi",2018,"E033","G070","L017",2,0,0,0,55,NA,NA,118,0,0,0,90.89333333,13,2724,1,1,0,0,0,0,0,1,0,3,0,1,42.7,20.035,"12/14/2018","5/10/2019",-13.637,32.488,952,"Rainfed","MRISyngenta Synergy Agribusiness Zambia Limited","Private"
"Malawi",2018,"E033","G074","L017",2,1,0,0,46,NA,NA,113,0,0,0,84.64,17.66666667,2925.333333,1,1,0,0,0,0,0,1,0,1,0,1,42.33,19.55,"12/14/2018","5/10/2019",-13.637,32.488,952,"Rainfed","Department of Agricultural Research Services DARS","Public"
"Malawi",2018,"E033","G081","L017",2,0,0,0,50,NA,NA,125,0,0,0,131.1333333,14.33333333,1755,1,1,0,0,0,0,0,1,0,3,0,1,40.805,21.37,"12/14/2018","5/10/2019",-13.637,32.488,952,"Rainfed","Semillas Panorama SAS","Private"
"Malawi",2018,"E033","G082","L017",2,0,0,0,50,NA,NA,130,0,0,0,117.0666667,13.33333333,2016.666667,1,1,0,0,0,0,0,1,0,3,0,1,42.125,20.665,"12/14/2018","5/10/2019",-13.637,32.488,952,"Rainfed","Semillas Panorama SAS","Private"
"Malawi",2018,"E033","G084","L017",2,0,0,0,53,NA,NA,130,0,0,0,113.9666667,11.33333333,1548.333333,1,1,0,0,0,0,0,1,0,3,0,1,41.51,19.99,"12/14/2018","5/10/2019",-13.637,32.488,952,"Rainfed","Semillas Panorama SAS","Private"
"Malawi",2018,"E033","G092","L017",2,0,0,0,46,NA,NA,109,0,0,0,84.36666667,19.33333333,2574,1,1,0,0,0,0,0,1,0,1,0,1,41.955,19.41,"12/14/2018","5/10/2019",-13.637,32.488,952,"Rainfed","SeedCo","Private"
"Malawi",2018,"E033","G095","L017",2,0,0,0,46,NA,NA,115,0,0,0,86.17333333,16.33333333,2404.333333,1,1,0,0,0,0,0,1,0,1,0,1,40.13,21.535,"12/14/2018","5/10/2019",-13.637,32.488,952,"Rainfed","SeedCo","Private"
"Malawi",2018,"E033","G097","L017",2,0,0,0,50,NA,NA,109,0,0,0,78.3,18.33333333,2792.333333,1,1,0,0,0,0,0,1,0,3,0,1,41.365,20.56,"12/14/2018","5/10/2019",-13.637,32.488,952,"Rainfed","SeedCo","Private"
"Malawi",2018,"E033","G098","L017",2,0,0,0,39,NA,NA,111,0,0,0,60.76666667,17.33333333,2307.333333,1,1,0,0,0,0,0,1,0,1,0,1,37.595,23.54,"12/14/2018","5/10/2019",-13.637,32.488,952,"Rainfed","SeedCo","Private"
"Malawi",2018,"E033","G101","L017",2,0,0,0,41,NA,NA,113,0,0,0,54.92666667,18.33333333,2492,1,1,0,0,0,0,0,1,0,1,0,1,40.855,20.395,"12/14/2018","5/10/2019",-13.637,32.488,952,"Rainfed","SeedCo","Private"
"Malawi",2018,"E033","G103","L017",2,0,0,0,43,NA,NA,109,0,0,0,67.5,18.33333333,2219.666667,1,1,0,0,0,0,0,1,0,1,0,1,36.485,22.625,"12/14/2018","5/10/2019",-13.637,32.488,952,"Rainfed","SeedCo","Private"
"Malawi",2018,"E033","G138","L017",2,0,0,0,70,NA,NA,109,0,0,0,76.63333333,17,2548.333333,1,1,0,0,0,0,0,1,0,1,0,1,39.2,21.41,"12/14/2018","5/10/2019",-13.637,32.488,952,"Rainfed","SeedCo","Private"
"Malawi",2018,"E033","G142","L017",2,0,0,0,46,NA,NA,111,0,0,0,76.33333333,20,2057.666667,1,1,0,0,0,0,0,1,0,1,0,1,41.815,21.69,"12/14/2018","5/10/2019",-13.637,32.488,952,"Rainfed","SeedCo","Private"
"Malawi",2018,"E033","G145","L017",2,0,0,0,46,NA,NA,119,0,0,0,92.7,15.66666667,3093,1,1,0,0,0,0,0,1,0,1,0,1,40.25,19.385,"12/14/2018","5/10/2019",-13.637,32.488,952,"Rainfed","SeedCo","Private"
"Malawi",2018,"E033","G146","L017",2,0,0,0,41,NA,NA,118,0,0,0,91.2,17.66666667,2587,1,1,0,0,0,0,0,1,0,1,0,1,40.305,20.55,"12/14/2018","5/10/2019",-13.637,32.488,952,"Rainfed","SeedCo","Private"
"Malawi",2018,"E033","G157","L017",2,0,0,0,39,NA,NA,100,0,0,0,51.7,13,1718.666667,1,1,0,0,0,0,0,1,0,1,0,1,42.545,21.435,"12/14/2018","5/10/2019",-13.637,32.488,952,"Rainfed","Sensako","Private"
"Malawi",2018,"E033","G182","L017",2,0,0,0,41,NA,NA,105,0,0,0,79.6,13,2268,1,1,0,0,0,0,0,1,0,1,0,1,39.85,20.75,"12/14/2018","5/10/2019",-13.637,32.488,952,"Rainfed","International Institute of Tropical Agriculture IITA","Public"
"Malawi",2018,"E033","G188","L017",2,0,0,0,46,NA,NA,103,0,0,0,76.46666667,13.33333333,2655.666667,1,1,0,0,0,0,0,1,0,1,0,1,40.365,20.545,"12/14/2018","5/10/2019",-13.637,32.488,952,"Rainfed","International Institute of Tropical Agriculture IITA","Public"
"Malawi",2018,"E033","G233","L017",2,0,0,0,39,NA,NA,52,0,0,0,89.83333333,14,2902,1,1,0,0,0,0,0,1,0,3,0,1,42.645,20.34,"12/14/2018","5/10/2019",-13.637,32.488,952,"Rainfed","International Institute of Tropical Agriculture IITA","Public"
"Malawi",2018,"E033","G365","L017",2,1,0,0,41.66666667,NA,NA,101,0,0,0,72.43333333,15,2241.333333,1,1,0,0,0,0,0,1,0,1,0,1,40.74,20.32,"12/14/2018","5/10/2019",-13.637,32.488,952,"Rainfed","Department of Agricultural Research Services DARS","Public"
"Malawi",2018,"E035","G018","L016",2,0,0,0,38.66666667,NA,NA,80.66666667,0,0,0,63.33333333,20,2031,1,1,0,0,0,0,0,1,0,1,0,1,39.87,22.205,"12/17/2018","4/28/2019",-13.419,33.614,1101,"Rainfed","Ethiopian Institute of Agricultural Research EIAR","Public"
"Malawi",2018,"E035","G021","L016",2,0,0,0,37,NA,NA,77.33333333,0,0,0,66,16.66666667,2044.333333,1,1,0,0,0,0,0,1,0,1,0,1,33.88,24.67,"12/17/2018","4/28/2019",-13.419,33.614,1101,"Rainfed","Agricultural Research Council ARC","Public"
"Malawi",2018,"E035","G022","L016",2,0,0,0,38,NA,NA,78.66666667,0,0,0,39.66666667,17.33333333,1330.666667,4,1,0,0,0,0,0,1,0,1,0,1,39.82,22.625,"12/17/2018","4/28/2019",-13.419,33.614,1101,"Rainfed","Agricultural Research Council ARC","Public"
"Malawi",2018,"E035","G029","L016",2,0,0,0,38,NA,NA,108.3333333,0,0,0,37.66666667,16.66666667,2122,1,1,0,0,0,0,0,1,0,1,0,1,38.545,22.47,"12/17/2018","4/28/2019",-13.419,33.614,1101,"Rainfed","Agricultural Research Council ARC","Public"
"Malawi",2018,"E035","G030","L016",2,0,0,0,36,NA,NA,77.66666667,0,0,0,42.66666667,17.33333333,2081,1,1,0,0,0,0,0,1,0,1,0,1,36.31,22.945,"12/17/2018","4/28/2019",-13.419,33.614,1101,"Rainfed","Agricultural Research Council ARC","Public"
"Malawi",2018,"E035","G034","L016",2,0,0,0,41.33333333,NA,NA,84.33333333,0,0,0,56.66666667,14,2443,1,1,0,0,0,0,0,1,0,1,0,1,38.065,22.01,"12/17/2018","4/28/2019",-13.419,33.614,1101,"Rainfed","ZamSeed","Private"
"Malawi",2018,"E035","G056","L016",2,0,0,0,46,NA,NA,84.33333333,0,0,0,52,15.33333333,2540,1,1,0,0,0,0,0,1,0,1,0,1,35.47,23.615,"12/17/2018","4/28/2019",-13.419,33.614,1101,"Rainfed","ZamSeed","Private"
"Malawi",2018,"E035","G063","L016",2,0,0,0,44.33333333,NA,NA,86,0,0,0,87.33333333,17.33333333,2212.666667,1,1,0,0,0,0,0,1,0,1,0,1,40.58,21.505,"12/17/2018","4/28/2019",-13.419,33.614,1101,"Rainfed","Makerere University","Public"
"Malawi",2018,"E035","G065","L016",2,1,0,0,46.33333333,NA,NA,95,0,0,0,63.66666667,16,2163.666667,1,1,0,0,0,0,0,1,0,1,0,1,39.32,21.205,"12/17/2018","4/28/2019",-13.419,33.614,1101,"Rainfed","Department of Agricultural Research Services DARS","Public"
"Malawi",2018,"E035","G070","L016",2,0,0,0,50,NA,NA,89.66666667,0,0,0,84.33333333,13.33333333,2346,1,1,0,0,0,0,0,1,0,1,0,1,40.72,21.62,"12/17/2018","4/28/2019",-13.419,33.614,1101,"Rainfed","MRISyngenta Synergy Agribusiness Zambia Limited","Private"
"Malawi",2018,"E035","G074","L016",2,1,0,0,49.66666667,NA,NA,93.33333333,0,0,0,62.33333333,18.66666667,2066,1,1,0,0,0,0,0,1,0,1,0,1,36.315,22.815,"12/17/2018","4/28/2019",-13.419,33.614,1101,"Rainfed","Department of Agricultural Research Services DARS","Public"
"Malawi",2018,"E035","G081","L016",2,0,0,0,46,NA,NA,88.33333333,0,0,0,121.6666667,13.33333333,2036.666667,1,1,0,0,0,0,0,1,0,1,0,1,35.565,23.17,"12/17/2018","4/28/2019",-13.419,33.614,1101,"Rainfed","Semillas Panorama SAS","Private"
"Malawi",2018,"E035","G082","L016",2,0,0,0,47.66666667,NA,NA,89.66666667,0,0,0,120,14.66666667,2544.666667,1,1,0,0,0,0,0,1,0,1,0,1,37.27,22.92,"12/17/2018","4/28/2019",-13.419,33.614,1101,"Rainfed","Semillas Panorama SAS","Private"
"Malawi",2018,"E035","G084","L016",2,0,0,0,49.33333333,NA,NA,93,0,0,0,109.3333333,12,1772,1,1,0,0,0,0,0,1,0,1,0,1,32.57,23.345,"12/17/2018","4/28/2019",-13.419,33.614,1101,"Rainfed","Semillas Panorama SAS","Private"
"Malawi",2018,"E035","G092","L016",2,0,0,0,47,NA,NA,84.33333333,0,0,0,75,16,2383,1,1,0,0,0,0,0,1,0,1,0,1,38.48,22.17,"12/17/2018","4/28/2019",-13.419,33.614,1101,"Rainfed","SeedCo","Private"
"Malawi",2018,"E035","G095","L016",2,0,0,0,49,NA,NA,86.33333333,0,0,0,78.66666667,16,2688,1,1,0,0,0,0,0,1,0,1,0,1,35.815,23.54,"12/17/2018","4/28/2019",-13.419,33.614,1101,"Rainfed","SeedCo","Private"
"Malawi",2018,"E035","G097","L016",2,0,0,0,49.66666667,NA,NA,91.33333333,0,0,0,60,19.33333333,2690.333333,1,1,0,0,0,0,0,1,0,1,0,1,38.265,22.365,"12/17/2018","4/28/2019",-13.419,33.614,1101,"Rainfed","SeedCo","Private"
"Malawi",2018,"E035","G098","L016",2,0,0,0,44.33333333,NA,NA,81.66666667,0,0,0,44.33333333,19.33333333,2297.666667,1,1,0,0,0,0,0,1,0,1,0,1,37.595,23.54,"12/17/2018","4/28/2019",-13.419,33.614,1101,"Rainfed","SeedCo","Private"
"Malawi",2018,"E035","G101","L016",2,0,0,0,46.66666667,NA,NA,83,0,0,0,50,20.66666667,1805.333333,1,1,0,0,0,0,0,1,0,1,0,1,41.495,21.025,"12/17/2018","4/28/2019",-13.419,33.614,1101,"Rainfed","SeedCo","Private"
"Malawi",2018,"E035","G103","L016",2,0,0,0,45.33333333,NA,NA,84.66666667,0,0,0,50,19.33333333,2693.333333,1,1,0,0,0,0,0,1,0,1,0,1,36.075,23.425,"12/17/2018","4/28/2019",-13.419,33.614,1101,"Rainfed","SeedCo","Private"
"Malawi",2018,"E035","G136","L016",2,0,0,0,46,NA,NA,84,0,0,0,72.66666667,17.33333333,2086.333333,1,1,0,0,0,0,0,1,0,1,0,1,36.745,23.31,"12/17/2018","4/28/2019",-13.419,33.614,1101,"Rainfed","Ethiopian Institute of Agricultural Research EIAR","Public"
"Malawi",2018,"E035","G138","L016",2,0,0,0,40.66666667,NA,NA,83,0,0,0,81.66666667,22,3474.666667,1,1,0,0,0,0,0,1,0,1,0,1,37.815,23.265,"12/17/2018","4/28/2019",-13.419,33.614,1101,"Rainfed","SeedCo","Private"
"Malawi",2018,"E035","G142","L016",2,0,0,0,47,NA,NA,86.66666667,0,0,0,75,22,2760.666667,1,1,0,0,0,0,0,1,0,1,0,1,37.75,22.99,"12/17/2018","4/28/2019",-13.419,33.614,1101,"Rainfed","SeedCo","Private"
"Malawi",2018,"E035","G145","L016",2,0,0,0,47,NA,NA,83,0,0,0,90,15.33333333,2755.333333,1,1,0,0,0,0,0,1,0,1,0,1,35.485,21.35,"12/17/2018","4/28/2019",-13.419,33.614,1101,"Rainfed","SeedCo","Private"
"Malawi",2018,"E035","G146","L016",2,0,0,0,46.33333333,NA,NA,87,0,0,0,97,16,2960.333333,1,1,0,0,0,0,0,1,0,1,0,1,38.6,21.715,"12/17/2018","4/28/2019",-13.419,33.614,1101,"Rainfed","SeedCo","Private"
"Malawi",2018,"E035","G157","L016",2,0,0,0,47.33333333,NA,NA,78,0,0,0,41.33333333,18,2012.333333,1,1,0,0,0,0,0,1,0,1,0,1,40.4,23.14,"12/17/2018","4/28/2019",-13.419,33.614,1101,"Rainfed","Sensako","Private"
"Malawi",2018,"E035","G182","L016",2,0,0,0,47,NA,NA,114,0,0,0,80.66666667,14,2497,1,1,0,0,0,0,0,1,0,1,0,1,39.995,21.1,"12/17/2018","4/28/2019",-13.419,33.614,1101,"Rainfed","International Institute of Tropical Agriculture IITA","Public"
"Malawi",2018,"E035","G188","L016",2,0,0,0,47,NA,NA,111,0,0,0,67,14.66666667,1873.666667,1,1,0,0,0,0,0,1,0,1,0,1,40.775,21.265,"12/17/2018","4/28/2019",-13.419,33.614,1101,"Rainfed","International Institute of Tropical Agriculture IITA","Public"
"Malawi",2018,"E035","G233","L016",2,0,0,0,37,NA,NA,84.33333333,0,0,0,75,16.66666667,2700,1,1,0,0,0,0,0,1,0,1,0,1,35.4,24.615,"12/17/2018","4/28/2019",-13.419,33.614,1101,"Rainfed","International Institute of Tropical Agriculture IITA","Public"
"Malawi",2018,"E035","G365","L016",2,1,0,0,47,NA,NA,113.3333333,0,0,0,72.33333333,16,2202.333333,1,1,0,0,0,0,0,1,0,1,0,1,39.61,21.34,"12/17/2018","4/28/2019",-13.419,33.614,1101,"Rainfed","Department of Agricultural Research Services DARS","Public"
"Malawi",2018,"E036","G007","L015",2,0,0,0,58,NA,NA,99.33333333,0,0,0,39.86666667,15.33333333,1509.666667,1,1,0,0,0,0,0,1,0,1,0,1,30.53,25.59,"12/21/2018","4/26/2019",-12.942,33.466,1020,"Rainfed","Kenya Agricultural  Livestock Research Organization KALRO","Public"
"Malawi",2018,"E036","G021","L015",2,0,0,0,57,NA,NA,101.6666667,0,0,0,56.06666667,16,1638.666667,1,1,0,0,0,0,0,1,0,1,0,1,28.28,25.95,"12/21/2018","4/26/2019",-12.942,33.466,1020,"Rainfed","Agricultural Research Council ARC","Public"
"Malawi",2018,"E036","G022","L015",2,0,0,0,57.33333333,NA,NA,102.6666667,0,0,0,40.53333333,14,1248,1,1,0,0,0,0,0,1,0,1,0,1,30.83,25.07,"12/21/2018","4/26/2019",-12.942,33.466,1020,"Rainfed","Agricultural Research Council ARC","Public"
"Malawi",2018,"E036","G029","L015",2,0,0,0,57,NA,NA,102,0,0,0,38.76666667,16,1327.666667,1,1,0,0,0,0,0,1,0,1,0,1,35.615,23.66,"12/21/2018","4/26/2019",-12.942,33.466,1020,"Rainfed","Agricultural Research Council ARC","Public"
"Malawi",2018,"E036","G030","L015",2,0,0,0,57,NA,NA,100,0,0,0,39.46666667,15.33333333,1424.666667,1,1,0,0,0,0,0,1,0,1,0,1,31.795,24.695,"12/21/2018","4/26/2019",-12.942,33.466,1020,"Rainfed","Agricultural Research Council ARC","Public"
"Malawi",2018,"E036","G034","L015",2,0,0,0,57.33333333,NA,NA,107.3333333,0,0,0,67.46666667,14,1901,1,1,0,0,0,0,0,1,0,1,0,1,38.135,22.85,"12/21/2018","4/26/2019",-12.942,33.466,1020,"Rainfed","ZamSeed","Private"
"Malawi",2018,"E036","G039","L015",2,0,0,0,60,NA,NA,105,0,0,0,54.76666667,16,1438.333333,1,1,0,0,0,0,0,1,0,1,0,1,29.165,25.79,"12/21/2018","4/26/2019",-12.942,33.466,1020,"Rainfed","Kenya Agricultural  Livestock Research Organization KALRO","Public"
"Malawi",2018,"E036","G056","L015",2,0,0,0,60,NA,NA,107,0,0,0,59.7,16,1430.333333,1,1,0,0,0,0,0,1,0,1,0,1,33.74,22.755,"12/21/2018","4/26/2019",-12.942,33.466,1020,"Rainfed","ZamSeed","Private"
"Malawi",2018,"E036","G063","L015",2,0,0,0,57,NA,NA,107.6666667,0,0,0,76.63333333,17.33333333,2915,1,1,0,0,0,0,0,1,0,1,0,1,40.35,20.99,"12/21/2018","4/26/2019",-12.942,33.466,1020,"Rainfed","Makerere University","Public"
"Malawi",2018,"E036","G065","L015",2,1,0,0,57.33333333,NA,NA,107,0,0,0,62.83333333,16,1481.333333,1,1,0,0,0,0,0,1,0,1,0,1,30.66,23.975,"12/21/2018","4/26/2019",-12.942,33.466,1020,"Rainfed","Department of Agricultural Research Services DARS","Public"
"Malawi",2018,"E036","G070","L015",2,0,0,0,60,NA,NA,108,0,0,0,84,14.66666667,2358,1,1,0,0,0,0,0,1,0,1,0,1,36.05,23.395,"12/21/2018","4/26/2019",-12.942,33.466,1020,"Rainfed","MRISyngenta Synergy Agribusiness Zambia Limited","Private"
"Malawi",2018,"E036","G074","L015",2,1,0,0,57,NA,NA,107,0,0,0,65.73333333,16,1391,1,1,0,0,0,0,0,1,0,1,0,1,34.955,22.66,"12/21/2018","4/26/2019",-12.942,33.466,1020,"Rainfed","Department of Agricultural Research Services DARS","Public"
"Malawi",2018,"E036","G081","L015",2,0,0,0,60,NA,NA,104.3333333,0,0,0,94.76666667,14,1019,1,1,0,0,0,0,0,1,0,1,0,1,29.27,24.72,"12/21/2018","4/26/2019",-12.942,33.466,1020,"Rainfed","Semillas Panorama SAS","Private"
"Malawi",2018,"E036","G082","L015",2,0,0,0,60,NA,NA,106.3333333,0,0,0,79.6,14,992,1,1,0,0,0,0,0,1,0,1,0,1,28.195,26.2,"12/21/2018","4/26/2019",-12.942,33.466,1020,"Rainfed","Semillas Panorama SAS","Private"
"Malawi",2018,"E036","G084","L015",2,0,0,0,53.66666667,NA,NA,104.6666667,0,0,0,79.36666667,12.66666667,1272.666667,1,1,0,0,0,0,0,1,0,1,0,1,29.58,24.46,"12/21/2018","4/26/2019",-12.942,33.466,1020,"Rainfed","Semillas Panorama SAS","Private"
"Malawi",2018,"E036","G092","L015",2,0,0,0,59.33333333,NA,NA,103.3333333,0,0,0,64.83333333,16.66666667,1639.666667,1,1,0,0,0,0,0,1,0,1,0,1,35.345,23.855,"12/21/2018","4/26/2019",-12.942,33.466,1020,"Rainfed","SeedCo","Private"
"Malawi",2018,"E036","G095","L015",2,0,0,0,59.33333333,NA,NA,110.6666667,0,0,0,67.56666667,16,1606,1,1,0,0,0,0,0,1,0,1,0,1,28.925,25.81,"12/21/2018","4/26/2019",-12.942,33.466,1020,"Rainfed","SeedCo","Private"
"Malawi",2018,"E036","G097","L015",2,0,0,0,65,NA,NA,103.6666667,0,0,0,67.66666667,16,1265.333333,1,1,0,0,0,0,0,1,0,1,0,1,30.485,24.895,"12/21/2018","4/26/2019",-12.942,33.466,1020,"Rainfed","SeedCo","Private"
"Malawi",2018,"E036","G098","L015",2,0,0,0,60,NA,NA,107.3333333,0,0,0,45.6,16,1674.333333,1,1,0,0,0,0,0,1,0,1,0,1,31.705,25.74,"12/21/2018","4/26/2019",-12.942,33.466,1020,"Rainfed","SeedCo","Private"
"Malawi",2018,"E036","G101","L015",2,0,0,0,60,NA,NA,110.3333333,0,0,0,46.9,16,1562,1,1,0,0,0,0,0,1,0,1,0,1,31.275,23.96,"12/21/2018","4/26/2019",-12.942,33.466,1020,"Rainfed","SeedCo","Private"
"Malawi",2018,"E036","G103","L015",2,0,0,0,57,NA,NA,103,0,0,0,52.1,16,1473.666667,1,1,0,0,0,0,0,1,0,1,0,1,27.615,25.555,"12/21/2018","4/26/2019",-12.942,33.466,1020,"Rainfed","SeedCo","Private"
"Malawi",2018,"E036","G138","L015",2,0,0,0,57,NA,NA,104,0,0,0,59.86666667,20,1531.333333,1,1,0,0,0,0,0,1,0,1,0,1,33.815,24.485,"12/21/2018","4/26/2019",-12.942,33.466,1020,"Rainfed","SeedCo","Private"
"Malawi",2018,"E036","G142","L015",2,0,0,0,53.66666667,NA,NA,108,0,0,0,65.16666667,17.33333333,1803.666667,1,1,0,0,0,0,0,1,0,1,0,1,29.73,25.4,"12/21/2018","4/26/2019",-12.942,33.466,1020,"Rainfed","SeedCo","Private"
"Malawi",2018,"E036","G145","L015",2,0,0,0,57.33333333,NA,NA,109.6666667,0,0,0,64.36666667,15.33333333,1658.666667,1,1,0,0,0,0,0,1,0,1,0,1,36.63,21.97,"12/21/2018","4/26/2019",-12.942,33.466,1020,"Rainfed","SeedCo","Private"
"Malawi",2018,"E036","G146","L015",2,0,0,0,57,NA,NA,105.3333333,0,0,0,69.23333333,16,1437.666667,1,1,0,0,0,0,0,1,0,1,0,1,28.815,25.555,"12/21/2018","4/26/2019",-12.942,33.466,1020,"Rainfed","SeedCo","Private"
"Malawi",2018,"E036","G157","L015",2,0,0,0,60,NA,NA,104,0,0,0,36.53333333,14,1530,1,1,0,0,0,0,0,1,0,1,0,1,40.375,22.535,"12/21/2018","4/26/2019",-12.942,33.466,1020,"Rainfed","Sensako","Private"
"Malawi",2018,"E036","G182","L015",2,0,0,0,60,NA,NA,96,0,0,0,69.33333333,16,2808.333333,1,1,0,0,0,0,0,1,0,1,0,1,37.77,21.575,"12/21/2018","4/26/2019",-12.942,33.466,1020,"Rainfed","International Institute of Tropical Agriculture IITA","Public"
"Malawi",2018,"E036","G188","L015",2,0,0,0,62,NA,NA,96,0,0,0,67.33333333,16,2497.666667,1,1,0,0,0,0,0,1,0,1,0,1,37.76,22.115,"12/21/2018","4/26/2019",-12.942,33.466,1020,"Rainfed","International Institute of Tropical Agriculture IITA","Public"
"Malawi",2018,"E036","G233","L015",2,0,0,0,65,NA,NA,106.3333333,0,0,0,64.23333333,16,1284,1,1,0,0,0,0,0,1,0,1,0,1,34.875,23.845,"12/21/2018","4/26/2019",-12.942,33.466,1020,"Rainfed","International Institute of Tropical Agriculture IITA","Public"
"Malawi",2018,"E036","G365","L015",2,1,0,0,58.66666667,NA,NA,99,0,0,0,64.36666667,16,3347.666667,1,1,0,0,0,0,0,1,0,1,0,1,38.02,21.49,"12/21/2018","4/26/2019",-12.942,33.466,1020,"Rainfed","Department of Agricultural Research Services DARS","Public"
"Malawi",2018,"E029","G018","L012",2,0,0,0,41.66666667,"Purple",NA,120.3333333,0,0,0,26.66666667,22.66666667,1188.43,0,0,0,0,0,0,0,0,0,1,0,0,NA,NA,"1/3/2019","5/7/2019",-9.926,33.909,495,"Rainfed","Ethiopian Institute of Agricultural Research EIAR","Public"
"Malawi",2018,"E029","G021","L012",2,0,0,0,41.33333333,"Purple",NA,112,0,0,0,72,18.66666667,1252.603333,0,0,0,0,0,0,0,0,0,2,0,0,NA,NA,"1/3/2019","5/7/2019",-9.926,33.909,495,"Rainfed","Agricultural Research Council ARC","Public"
"Malawi",2018,"E029","G022","L012",2,0,0,0,35.66666667,"Purple",NA,108.6666667,0,0,0,33.33333333,20,1296.246667,0,0,0,0,0,0,0,0,0,2,0,0,NA,NA,"1/3/2019","5/7/2019",-9.926,33.909,495,"Rainfed","Agricultural Research Council ARC","Public"
"Malawi",2018,"E029","G029","L012",2,0,0,0,31.66666667,"Purple",NA,107.3333333,0,0,0,22.66666667,20,563.4466667,0,0,0,0,0,0,0,0,0,1,0,0,NA,NA,"1/3/2019","5/7/2019",-9.926,33.909,495,"Rainfed","Agricultural Research Council ARC","Public"
"Malawi",2018,"E029","G030","L012",2,0,0,0,36.33333333,"Purple",NA,112,0,0,0,25.33333333,23.33333333,328.4666667,0,0,0,0,0,0,0,0,0,1,0,0,NA,NA,"1/3/2019","5/7/2019",-9.926,33.909,495,"Rainfed","Agricultural Research Council ARC","Public"
"Malawi",2018,"E029","G034","L012",2,0,0,0,36,"Purple",NA,147.6666667,0,0,0,62.66666667,20,1497.32,0,0,0,0,0,0,0,0,0,2,0,0,NA,NA,"1/3/2019","5/7/2019",-9.926,33.909,495,"Rainfed","ZamSeed","Private"
"Malawi",2018,"E029","G056","L012",2,0,0,0,37,"Purple",NA,125,0,0,0,31.33333333,21.33333333,931.9166667,0,0,0,0,0,0,0,0,0,1,0,0,NA,NA,"1/3/2019","5/7/2019",-9.926,33.909,495,"Rainfed","ZamSeed","Private"
"Malawi",2018,"E029","G063","L012",2,0,0,0,46.33333333,"Purple",NA,107.6666667,0,0,0,72,21.33333333,997.2433333,0,0,0,0,0,0,0,0,0,1,0,0,NA,NA,"1/3/2019","5/7/2019",-9.926,33.909,495,"Rainfed","Makerere University","Public"
"Malawi",2018,"E029","G065","L012",2,1,0,0,40.66666667,"Purple",NA,118,0,0,0,54.66666667,19.33333333,1568.2,0,0,0,0,0,0,0,0,0,2,0,0,NA,NA,"1/3/2019","5/7/2019",-9.926,33.909,495,"Rainfed","Department of Agricultural Research Services DARS","Public"
"Malawi",2018,"E029","G070","L012",2,0,0,0,40,"Purple",NA,126.3333333,0,0,0,79.33333333,20.66666667,2048.046667,0,0,0,0,0,0,0,0,0,1,0,0,NA,NA,"1/3/2019","5/7/2019",-9.926,33.909,495,"Rainfed","MRISyngenta Synergy Agribusiness Zambia Limited","Private"
"Malawi",2018,"E029","G074","L012",2,1,0,0,42,"Purple",NA,117.3333333,0,0,0,74.66666667,21.33333333,1367.433333,0,0,0,0,0,0,0,0,0,1,0,0,NA,NA,"1/3/2019","5/7/2019",-9.926,33.909,495,"Rainfed","Department of Agricultural Research Services DARS","Public"
"Malawi",2018,"E029","G081","L012",2,0,0,0,38,"Purple",NA,120.3333333,0,0,0,104,21.33333333,1254.56,0,0,0,0,0,0,0,0,0,3,0,0,NA,NA,"1/3/2019","5/7/2019",-9.926,33.909,495,"Rainfed","Semillas Panorama SAS","Private"
"Malawi",2018,"E029","G082","L012",2,0,0,0,39,"Purple",NA,124,0,0,0,86.66666667,21.33333333,1519.083333,0,0,0,0,0,0,0,0,0,1,0,0,NA,NA,"1/3/2019","5/7/2019",-9.926,33.909,495,"Rainfed","Semillas Panorama SAS","Private"
"Malawi",2018,"E029","G084","L012",2,0,0,0,41.33333333,"Purple",NA,119.6666667,0,0,0,97.33333333,20.66666667,1320.19,0,0,0,0,0,0,0,0,0,3,0,0,NA,NA,"1/3/2019","5/7/2019",-9.926,33.909,495,"Rainfed","Semillas Panorama SAS","Private"
"Malawi",2018,"E029","G092","L012",2,0,0,0,39.33333333,"Purple",NA,119.3333333,0,0,0,84,18.66666667,1614.293333,0,0,0,0,0,0,0,0,0,1,0,0,NA,NA,"1/3/2019","5/7/2019",-9.926,33.909,495,"Rainfed","SeedCo","Private"
"Malawi",2018,"E029","G095","L012",2,0,0,0,38.66666667,"Purple",NA,120.6666667,0,0,0,84.66666667,22.66666667,1652.18,0,0,0,0,0,0,0,0,0,2,0,0,NA,NA,"1/3/2019","5/7/2019",-9.926,33.909,495,"Rainfed","SeedCo","Private"
"Malawi",2018,"E029","G097","L012",2,0,0,0,43.66666667,"Purple",NA,116,0,0,0,51.33333333,19.33333333,1875.096667,0,0,0,0,0,0,0,0,0,1,0,0,NA,NA,"1/3/2019","5/7/2019",-9.926,33.909,495,"Rainfed","SeedCo","Private"
"Malawi",2018,"E029","G098","L012",2,0,0,0,40,"Purple",NA,122.6666667,0,0,0,86,19.33333333,1684.75,0,0,0,0,0,0,0,0,0,1,0,0,NA,NA,"1/3/2019","5/7/2019",-9.926,33.909,495,"Rainfed","SeedCo","Private"
"Malawi",2018,"E029","G101","L012",2,0,0,0,49,"Purple",NA,120,0,0,0,54,19.33333333,1698.736667,0,0,0,0,0,0,0,0,0,1,0,0,NA,NA,"1/3/2019","5/7/2019",-9.926,33.909,495,"Rainfed","SeedCo","Private"
"Malawi",2018,"E029","G103","L012",2,0,0,0,45,"Purple",NA,115.3333333,0,0,0,44.66666667,22,1664.443333,0,0,0,0,0,0,0,0,0,2,0,0,NA,NA,"1/3/2019","5/7/2019",-9.926,33.909,495,"Rainfed","SeedCo","Private"
"Malawi",2018,"E029","G136","L012",2,0,0,0,42,"Purple",NA,109.6666667,0,0,0,71.33333333,24,1511.57,0,0,0,0,0,0,0,0,0,2,0,0,NA,NA,"1/3/2019","5/7/2019",-9.926,33.909,495,"Rainfed","Ethiopian Institute of Agricultural Research EIAR","Public"
"Malawi",2018,"E029","G138","L012",2,0,0,0,47,"Purple",NA,114.6666667,0,0,0,69.33333333,20.66666667,1617.126667,0,0,0,0,0,0,0,0,0,1,0,0,NA,NA,"1/3/2019","5/7/2019",-9.926,33.909,495,"Rainfed","SeedCo","Private"
"Malawi",2018,"E029","G142","L012",2,0,0,0,37.33333333,"Purple",NA,112,0,0,0,63.33333333,23.33333333,1838.66,0,0,0,0,0,0,0,0,0,1,0,0,NA,NA,"1/3/2019","5/7/2019",-9.926,33.909,495,"Rainfed","SeedCo","Private"
"Malawi",2018,"E029","G145","L012",2,0,0,0,41.33333333,"Purple",NA,118.6666667,0,0,0,96,20.66666667,1911.073333,0,0,0,0,0,0,0,0,0,1,0,0,NA,NA,"1/3/2019","5/7/2019",-9.926,33.909,495,"Rainfed","SeedCo","Private"
"Malawi",2018,"E029","G146","L012",2,0,0,0,37.66666667,"Purple",NA,120.3333333,0,0,0,73.33333333,20,1893.026667,0,0,0,0,0,0,0,0,0,2,0,0,NA,NA,"1/3/2019","5/7/2019",-9.926,33.909,495,"Rainfed","SeedCo","Private"
"Malawi",2018,"E029","G157","L012",2,0,0,0,35.33333333,"Purple",NA,108,0,0,0,27.33333333,21.33333333,345.48,0,0,0,0,0,0,0,0,0,1,0,0,NA,NA,"1/3/2019","5/7/2019",-9.926,33.909,495,"Rainfed","Sensako","Private"
"Malawi",2018,"E029","G182","L012",2,0,0,0,42.33333333,"Purple",NA,115.3333333,0,0,0,70.66666667,20.66666667,2174.56,0,0,0,0,0,0,0,0,0,2,0,0,NA,NA,"1/3/2019","5/7/2019",-9.926,33.909,495,"Rainfed","International Institute of Tropical Agriculture IITA","Public"
"Malawi",2018,"E029","G188","L012",2,0,0,0,41.33333333,"Purple",NA,112,0,0,0,57.33333333,20.66666667,2049.613333,0,0,0,0,0,0,0,0,0,2,0,0,NA,NA,"1/3/2019","5/7/2019",-9.926,33.909,495,"Rainfed","International Institute of Tropical Agriculture IITA","Public"
"Malawi",2018,"E029","G233","L012",2,0,0,0,38.33333333,"Purple",NA,121,0,0,0,85.33333333,18.66666667,1778.123333,0,0,0,0,0,0,0,0,0,1,0,0,NA,NA,"1/3/2019","5/7/2019",-9.926,33.909,495,"Rainfed","International Institute of Tropical Agriculture IITA","Public"
"Malawi",2018,"E029","G365","L012",2,1,0,0,42,"Purple",NA,111.6666667,0,0,0,74,19.33333333,1489.923333,0,0,0,0,0,0,0,0,0,1,0,0,NA,NA,"1/3/2019","5/7/2019",-9.926,33.909,495,"Rainfed","Department of Agricultural Research Services DARS","Public"
"Malawi",2019,"E076","G002","L064",1,0,0,0,55.33333333,NA,NA,118.6666667,1,0,0,40.06666667,18.66666667,1489.933333,1,1,0,0,0,0,0,1,0,1,0,1,44.84,22.825,"7/15/2019","12/15/2019",-15.221,35.491,609,"Rainfed","CSIRO Agriculture and Food","Public"
"Malawi",2019,"E076","G007","L064",1,0,0,0,35.66666667,NA,NA,67.33333333,1,0,0,15.46666667,11.33333333,1347.95,1,1,0,0,0,0,0,1,0,1,0,1,43.3,21.51,"7/15/2019","12/15/2019",-15.221,35.491,609,"Rainfed","Kenya Agricultural  Livestock Research Organization KALRO","Public"
"Malawi",2019,"E076","G018","L064",1,0,0,0,58.33333333,NA,NA,121,1,0,0,42.66666667,20,1617.033333,1,1,0,0,0,0,0,1,0,1,0,1,46.105,20.915,"7/15/2019","12/15/2019",-15.221,35.491,609,"Rainfed","Ethiopian Institute of Agricultural Research EIAR","Public"
"Malawi",2019,"E076","G021","L064",1,0,0,0,47.33333333,NA,NA,107,1,0,0,49.6,23,1696.033333,1,1,0,0,0,0,0,1,0,1,0,1,40.515,22.59,"7/15/2019","12/15/2019",-15.221,35.491,609,"Rainfed","Agricultural Research Council ARC","Public"
"Malawi",2019,"E076","G022","L064",1,0,0,0,50.33333333,NA,NA,116.3333333,1,0,0,29.66666667,19.66666667,2061.166667,1,1,0,0,0,0,0,1,0,1,0,1,45.78,21.4,"7/15/2019","12/15/2019",-15.221,35.491,609,"Rainfed","Agricultural Research Council ARC","Public"
"Malawi",2019,"E076","G028","L064",1,0,0,0,61.33333333,NA,NA,121.3333333,1,0,0,49.26666667,24,1264.866667,1,1,0,0,0,0,0,1,0,1,0,1,43.69,22.235,"7/15/2019","12/15/2019",-15.221,35.491,609,"Rainfed","CSIRO Agriculture and Food","Public"
"Malawi",2019,"E076","G029","L064",1,0,0,0,49,NA,NA,116,1,0,0,25.26666667,20.66666667,1727.666667,1,1,0,0,0,0,0,1,0,1,0,1,44.33,21.73,"7/15/2019","12/15/2019",-15.221,35.491,609,"Rainfed","Agricultural Research Council ARC","Public"
"Malawi",2019,"E076","G030","L064",1,0,0,0,32.66666667,NA,NA,77.66666667,1,0,0,22.6,14,1912.45,1,1,0,0,0,0,0,1,0,1,0,1,44.4,21.25,"7/15/2019","12/15/2019",-15.221,35.491,609,"Rainfed","Agricultural Research Council ARC","Public"
"Malawi",2019,"E076","G032","L064",1,0,0,0,59.66666667,NA,NA,119.6666667,1,0,0,45.86666667,22,1749.366667,1,1,0,0,0,0,0,1,0,1,0,1,43.87,20.65,"7/15/2019","12/15/2019",-15.221,35.491,609,"Rainfed","CSIRO Agriculture and Food","Public"
"Malawi",2019,"E076","G036","L064",1,0,0,0,54.33333333,NA,NA,121.3333333,1,0,0,31.53333333,24,1492.333333,1,1,0,0,0,0,0,1,0,1,0,1,44.225,21.605,"7/15/2019","12/15/2019",-15.221,35.491,609,"Rainfed","Kenya Agricultural  Livestock Research Organization KALRO","Public"
"Malawi",2019,"E076","G037","L064",1,0,0,0,47,NA,NA,98.66666667,1,0,0,40.46666667,17.66666667,1534.966667,1,1,0,0,0,0,0,1,0,1,0,1,42.41,23.05,"7/15/2019","12/15/2019",-15.221,35.491,609,"Rainfed","Kenya Agricultural  Livestock Research Organization KALRO","Public"
"Malawi",2019,"E076","G039","L064",1,0,0,0,36,NA,NA,70.66666667,1,0,0,28.86666667,14.33333333,1551.75,1,1,0,0,0,0,0,1,0,1,0,1,43.39,23.95,"7/15/2019","12/15/2019",-15.221,35.491,609,"Rainfed","Kenya Agricultural  Livestock Research Organization KALRO","Public"
"Malawi",2019,"E076","G042","L064",1,0,0,0,59.66666667,NA,NA,120,1,0,0,45.8,8,1527.2,1,1,0,0,0,0,0,1,0,1,0,1,NA,NA,"7/15/2019","12/15/2019",-15.221,35.491,609,"Rainfed","CSIRO Agriculture and Food","Public"
"Malawi",2019,"E076","G043","L064",1,0,0,0,42,NA,NA,80.66666667,1,0,0,19.4,19.33333333,1291.066667,1,1,0,0,0,0,0,1,0,1,0,1,44.04,22.5,"7/15/2019","12/15/2019",-15.221,35.491,609,"Rainfed","University of Illinois","Public"
"Malawi",2019,"E076","G044","L064",1,0,0,0,31.33333333,NA,NA,60.33333333,1,0,0,18,14,1249.05,1,1,0,0,0,0,0,1,0,1,0,1,43.61,23.11,"7/15/2019","12/15/2019",-15.221,35.491,609,"Rainfed","University of Illinois","Public"
"Malawi",2019,"E076","G056","L064",1,0,0,0,54.66666667,NA,NA,118.3333333,1,0,0,51.53333333,23,2252.733333,1,1,0,0,0,0,0,1,0,1,0,1,41.55,23.12,"7/15/2019","12/15/2019",-15.221,35.491,609,"Rainfed","ZamSeed","Private"
"Malawi",2019,"E076","G058","L064",1,0,0,0,62.33333333,NA,NA,128,1,0,0,73,17,1456.133333,1,1,0,0,0,0,0,1,0,1,0,1,NA,NA,"7/15/2019","12/15/2019",-15.221,35.491,609,"Rainfed","CSIRO Agriculture and Food","Public"
"Malawi",2019,"E076","G073","L064",1,0,0,0,67,NA,NA,121.6666667,1,0,0,49.13333333,6.666666667,1351.9,1,1,0,0,0,0,0,1,0,1,0,1,NA,NA,"7/15/2019","12/15/2019",-15.221,35.491,609,"Rainfed","CSIRO Agriculture and Food","Public"
"Malawi",2019,"E076","G075","L064",1,0,0,0,63.66666667,NA,NA,121,1,0,0,47.06666667,11.33333333,1573.3,1,1,0,0,0,0,0,1,0,1,0,1,46.105,20.335,"7/15/2019","12/15/2019",-15.221,35.491,609,"Rainfed","CSIRO Agriculture and Food","Public"
"Malawi",2019,"E076","G092","L064",1,0,0,0,58.66666667,NA,NA,120.3333333,1,0,0,67.06666667,26.33333333,2171.166667,1,1,0,0,0,0,0,1,0,1,0,1,44.375,22.35,"7/15/2019","12/15/2019",-15.221,35.491,609,"Rainfed","SeedCo","Private"
"Malawi",2019,"E076","G093","L064",1,0,0,0,34,NA,NA,79.66666667,1,0,0,25.13333333,12.33333333,1459.05,1,1,0,0,0,0,0,1,0,1,0,1,43.22,22.51,"7/15/2019","12/15/2019",-15.221,35.491,609,"Rainfed","University of Missouri","Public"
"Malawi",2019,"E076","G098","L064",1,0,0,0,54,NA,NA,117,1,0,0,67.06666667,22.33333333,2063.8,1,1,0,0,0,0,0,1,0,1,0,1,44.82,21.945,"7/15/2019","12/15/2019",-15.221,35.491,609,"Rainfed","SeedCo","Private"
"Malawi",2019,"E076","G103","L064",1,0,0,0,60,NA,NA,119.6666667,1,0,0,46.46666667,22.33333333,1842.8,1,1,0,0,0,0,0,1,0,1,0,1,44.895,21.855,"7/15/2019","12/15/2019",-15.221,35.491,609,"Rainfed","SeedCo","Private"
"Malawi",2019,"E076","G108","L064",1,0,0,0,47.66666667,NA,NA,101.6666667,1,0,0,34.53333333,20.33333333,1838.633333,1,1,0,0,0,0,0,1,0,1,0,1,45.215,21.45,"7/15/2019","12/15/2019",-15.221,35.491,609,"Rainfed","University of Missouri","Public"
"Malawi",2019,"E076","G119","L064",1,0,0,0,40.66666667,NA,NA,88.33333333,1,0,0,28.93333333,16.66666667,1562.833333,1,1,0,0,0,0,0,1,0,1,0,1,41.615,23.135,"7/15/2019","12/15/2019",-15.221,35.491,609,"Rainfed","University of Missouri","Public"
"Malawi",2019,"E076","G120","L064",1,0,0,0,47,NA,NA,102.3333333,1,0,0,28.33333333,17.66666667,2022.266667,1,1,0,0,0,0,0,1,0,1,0,1,43.67,22.2,"7/15/2019","12/15/2019",-15.221,35.491,609,"Rainfed","University of Missouri","Public"
"Malawi",2019,"E076","G121","L064",1,0,0,0,58.66666667,NA,NA,119.6666667,1,0,0,72.73333333,18.33333333,1825.666667,1,1,0,0,0,0,0,1,0,1,0,1,44.98,19.74,"7/15/2019","12/15/2019",-15.221,35.491,609,"Rainfed","CSIRO Agriculture and Food","Public"
"Malawi",2019,"E076","G129","L064",1,0,0,0,67,NA,NA,124,1,0,0,86.33333333,19.33333333,1469.9,1,1,0,0,0,0,0,1,0,1,0,1,44.915,18.985,"7/15/2019","12/15/2019",-15.221,35.491,609,"Rainfed","Kenya Agricultural  Livestock Research Organization KALRO","Public"
"Malawi",2019,"E076","G136","L064",1,0,0,0,59.66666667,NA,NA,121.3333333,1,0,0,53.66666667,19,2106.633333,1,1,0,0,0,0,0,1,0,1,0,1,41.58,23.405,"7/15/2019","12/15/2019",-15.221,35.491,609,"Rainfed","Ethiopian Institute of Agricultural Research EIAR","Public"
"Malawi",2019,"E076","G151","L064",1,0,0,0,45,NA,NA,90,1,0,0,35,20.33333333,1672.8,1,1,0,0,0,0,0,1,0,1,0,1,44.805,22.43,"7/15/2019","12/15/2019",-15.221,35.491,609,"Rainfed","Sensako","Private"
"Malawi",2019,"E076","G152","L064",1,0,0,0,44.66666667,NA,NA,90,1,0,0,26.26666667,20.33333333,1453.566667,1,1,0,0,0,0,0,1,0,1,0,1,45.99,21.65,"7/15/2019","12/15/2019",-15.221,35.491,609,"Rainfed","Sensako","Private"
"Malawi",2019,"E076","G153","L064",1,0,0,0,42.66666667,NA,NA,94.33333333,1,0,0,30.86666667,21.33333333,1354.366667,1,1,0,0,0,0,0,1,0,1,0,1,43.835,21.24,"7/15/2019","12/15/2019",-15.221,35.491,609,"Rainfed","Sensako","Private"
"Malawi",2019,"E076","G154","L064",1,0,0,0,47.66666667,NA,NA,101.6666667,1,0,0,33.06666667,20.33333333,1463.133333,1,1,0,0,0,0,0,1,0,1,0,1,43.73,21.49,"7/15/2019","12/15/2019",-15.221,35.491,609,"Rainfed","Sensako","Private"
"Malawi",2019,"E076","G155","L064",1,0,0,0,42,NA,NA,92.33333333,1,0,0,29.53333333,19.33333333,1399.133333,1,1,0,0,0,0,0,1,0,1,0,1,42.355,22.835,"7/15/2019","12/15/2019",-15.221,35.491,609,"Rainfed","Sensako","Private"
"Malawi",2019,"E076","G157","L064",1,0,0,0,59.66666667,NA,NA,121.3333333,1,0,0,51.13333333,23.33333333,1616.466667,1,1,0,0,0,0,0,1,0,1,0,1,45.155,21.44,"7/15/2019","12/15/2019",-15.221,35.491,609,"Rainfed","Sensako","Private"
"Malawi",2019,"E076","G160","L064",1,0,0,0,55,NA,NA,119.3333333,1,0,0,36.6,21,1664.233333,1,1,0,0,0,0,0,1,0,1,0,1,45.63,20.975,"7/15/2019","12/15/2019",-15.221,35.491,609,"Rainfed","CSIRO Agriculture and Food","Public"
"Malawi",2019,"E076","G188","L064",1,0,0,0,58.66666667,NA,NA,121.3333333,1,0,0,62.06666667,17,2233.733333,1,1,0,0,0,0,0,1,0,1,0,1,44.465,19.97,"7/15/2019","12/15/2019",-15.221,35.491,609,"Rainfed","International Institute of Tropical Agriculture IITA","Public"
"Malawi",2019,"E076","G206","L064",1,0,0,0,52,NA,NA,120.3333333,1,0,0,41.41666667,20.66666667,1234.9,1,1,0,0,0,0,0,1,0,1,0,1,41.54,22.445,"7/15/2019","12/15/2019",-15.221,35.491,609,"Rainfed","International Institute of Tropical Agriculture IITA","Public"
"Malawi",2019,"E076","G233","L064",1,0,0,0,53,NA,NA,120.6666667,1,0,0,52.13333333,19.66666667,2041.5,1,1,0,0,0,0,0,1,0,1,0,1,42.495,22.765,"7/15/2019","12/15/2019",-15.221,35.491,609,"Rainfed","International Institute of Tropical Agriculture IITA","Public"
"Malawi",2019,"E076","G365","L064",1,1,0,0,57.66666667,NA,NA,120,1,0,0,68.33333333,18.33333333,1772.666667,1,1,0,0,0,0,0,1,0,1,0,1,44.15,19.71,"7/15/2019","12/15/2019",-15.221,35.491,609,"Rainfed","Department of Agricultural Research Services DARS","Public"
"Malawi",2019,"E075","G002","L063",1,0,0,0,55.33333333,NA,NA,95,1,0,1.666666667,48.64,18,4047.633333,1,1,0,0,0,0,0,1,0,1,0,3,40.68,23.42,"7/14/2019","12/3/2019",-14.264,34.57,503,"Rainfed","CSIRO Agriculture and Food","Public"
"Malawi",2019,"E075","G007","L063",1,0,0,0,51,NA,NA,88.66666667,1,0,1.666666667,47.74,17.66666667,2964.633333,1,1,0,0,0,0,0,1,0,1,0,1,38.245,23,"7/14/2019","12/3/2019",-14.264,34.57,503,"Rainfed","Kenya Agricultural  Livestock Research Organization KALRO","Public"
"Malawi",2019,"E075","G018","L063",1,0,0,0,57,NA,NA,96.33333333,1,0,1.333333333,64.68,16.66666667,3421.233333,1,1,0,0,0,0,0,1,0,1,0,1,42.75,23.01,"7/14/2019","12/3/2019",-14.264,34.57,503,"Rainfed","Ethiopian Institute of Agricultural Research EIAR","Public"
"Malawi",2019,"E075","G021","L063",1,0,0,0,53.66666667,NA,NA,94.33333333,2,0,1,76.39333333,20.33333333,4011.2,1,3,0,0,0,0,0,1,0,1,0,3,36.86,23.77,"7/14/2019","12/3/2019",-14.264,34.57,503,"Rainfed","Agricultural Research Council ARC","Public"
"Malawi",2019,"E075","G022","L063",1,0,0,0,51,NA,NA,98,1,0,1.333333333,41.11333333,17.66666667,3502.466667,1,1,0,0,0,0,0,1,0,1,0,3,41.15,22.01,"7/14/2019","12/3/2019",-14.264,34.57,503,"Rainfed","Agricultural Research Council ARC","Public"
"Malawi",2019,"E075","G028","L063",1,0,0,0,62.66666667,NA,NA,100.3333333,1,0,1,65.64666667,18.33333333,3549.2,1,1,0,0,0,0,0,1,0,1,0,1,43.14,22.205,"7/14/2019","12/3/2019",-14.264,34.57,503,"Rainfed","CSIRO Agriculture and Food","Public"
"Malawi",2019,"E075","G029","L063",1,0,0,0,52,NA,NA,93,1,0,2,45.58,20.33333333,4135.566667,1,1,0,0,0,0,0,1,0,1,0,2,42.51,21.67,"7/14/2019","12/3/2019",-14.264,34.57,503,"Rainfed","Agricultural Research Council ARC","Public"
"Malawi",2019,"E075","G030","L063",1,0,0,0,51.33333333,NA,NA,95.33333333,1,0,1,37.16666667,19,4061.433333,1,1,0,0,0,0,0,1,0,2,0,1,41.725,22.13,"7/14/2019","12/3/2019",-14.264,34.57,503,"Rainfed","Agricultural Research Council ARC","Public"
"Malawi",2019,"E075","G032","L063",1,0,0,0,60.66666667,NA,NA,99,3,0,1.333333333,68.98,19,3255.9,1,1,0,0,0,0,0,1,0,1,0,1,39.59,22.69,"7/14/2019","12/3/2019",-14.264,34.57,503,"Rainfed","CSIRO Agriculture and Food","Public"
"Malawi",2019,"E075","G036","L063",1,0,0,0,52.66666667,NA,NA,95,1,0,1,43.15333333,21,3684.1,1,1,0,0,0,0,0,1,0,1,0,1,40.875,21.76,"7/14/2019","12/3/2019",-14.264,34.57,503,"Rainfed","Kenya Agricultural  Livestock Research Organization KALRO","Public"
"Malawi",2019,"E075","G037","L063",1,0,0,0,53.33333333,NA,NA,91.33333333,1,0,1,66.73333333,18.33333333,3753.866667,1,1,0,0,0,0,0,1,0,1,0,1,40.695,22.505,"7/14/2019","12/3/2019",-14.264,34.57,503,"Rainfed","Kenya Agricultural  Livestock Research Organization KALRO","Public"
"Malawi",2019,"E075","G039","L063",1,0,0,0,55,NA,NA,97.66666667,1,0,1,70.17333333,20.66666667,4775.133333,1,1,0,0,0,0,0,1,0,1,0,1,38.65,23.39,"7/14/2019","12/3/2019",-14.264,34.57,503,"Rainfed","Kenya Agricultural  Livestock Research Organization KALRO","Public"
"Malawi",2019,"E075","G042","L063",1,0,0,0,55,NA,NA,114.6666667,1,0,0,61.02,14.66666667,1326.033333,1,1,0,0,0,0,0,1,0,1,0,1,NA,NA,"7/14/2019","12/3/2019",-14.264,34.57,503,"Rainfed","CSIRO Agriculture and Food","Public"
"Malawi",2019,"E075","G043","L063",1,0,0,0,27,NA,NA,54,1,0,2,15.90666667,13,1491.65,1,1,0,0,0,0,0,1,0,1,0,1,40.44,23.51,"7/14/2019","12/3/2019",-14.264,34.57,503,"Rainfed","University of Illinois","Public"
"Malawi",2019,"E075","G044","L063",1,0,0,0,39,NA,NA,86,1,0,1.333333333,31.12666667,13.33333333,1694.766667,1,1,0,0,0,0,0,1,0,1,0,1,39.94,23.37,"7/14/2019","12/3/2019",-14.264,34.57,503,"Rainfed","University of Illinois","Public"
"Malawi",2019,"E075","G056","L063",1,0,0,0,49.66666667,NA,NA,108,1,0,1,59.26666667,22.33333333,4482.533333,1,1,0,0,0,0,0,1,0,1,0,3,37.255,23.645,"7/14/2019","12/3/2019",-14.264,34.57,503,"Rainfed","ZamSeed","Private"
"Malawi",2019,"E075","G058","L063",1,0,0,0,77.33333333,NA,NA,132.6666667,1,0,1,86.41333333,15.33333333,2005.233333,0,0,0,0,0,0,0,1,0,0,0,1,NA,NA,"7/14/2019","12/3/2019",-14.264,34.57,503,"Rainfed","CSIRO Agriculture and Food","Public"
"Malawi",2019,"E075","G073","L063",1,0,0,0,67,NA,NA,118,1,0,2,75.75333333,18.66666667,2081.333333,1,1,0,0,0,0,0,1,0,1,0,1,40.57,22.28,"7/14/2019","12/3/2019",-14.264,34.57,503,"Rainfed","CSIRO Agriculture and Food","Public"
"Malawi",2019,"E075","G075","L063",1,0,0,0,63,NA,NA,105.6666667,4,0,1.666666667,72.91333333,8.666666667,3368.266667,1,4,0,0,0,0,0,1,0,1,0,4,42.375,21.215,"7/14/2019","12/3/2019",-14.264,34.57,503,"Rainfed","CSIRO Agriculture and Food","Public"
"Malawi",2019,"E075","G092","L063",1,0,0,0,57.66666667,NA,NA,109.3333333,2,0,1.333333333,84.40666667,15.33333333,4300,1,1,0,0,0,0,0,1,0,1,0,1,40.925,22.575,"7/14/2019","12/3/2019",-14.264,34.57,503,"Rainfed","SeedCo","Private"
"Malawi",2019,"E075","G093","L063",1,0,0,0,57,NA,NA,94.33333333,3,0,1,53.64666667,20.33333333,4704.966667,1,1,0,0,0,0,0,1,0,1,0,1,39.82,22.7,"7/14/2019","12/3/2019",-14.264,34.57,503,"Rainfed","University of Missouri","Public"
"Malawi",2019,"E075","G098","L063",1,0,0,0,56,NA,NA,112,1,0,1,79.52666667,22,4134.133333,1,1,0,0,0,0,0,1,0,1,0,1,42.38,22.42,"7/14/2019","12/3/2019",-14.264,34.57,503,"Rainfed","SeedCo","Private"
"Malawi",2019,"E075","G103","L063",1,0,0,0,53.66666667,NA,NA,106.3333333,1,0,0.666666667,61.54,21,3914.566667,1,1,0,0,0,0,0,1,0,1,0,1,41.54,22.29,"7/14/2019","12/3/2019",-14.264,34.57,503,"Rainfed","SeedCo","Private"
"Malawi",2019,"E075","G108","L063",1,0,0,0,37.33333333,NA,NA,83.33333333,1,0,2,30.32,17.66666667,2236.066667,1,1,0,0,0,0,0,1,0,1,0,1,39.52,22.71,"7/14/2019","12/3/2019",-14.264,34.57,503,"Rainfed","University of Missouri","Public"
"Malawi",2019,"E075","G119","L063",1,0,0,0,39,NA,NA,85.33333333,1,0,1,39.48,15,2515.366667,1,1,0,0,0,0,0,1,0,1,0,1,40.03,23.04,"7/14/2019","12/3/2019",-14.264,34.57,503,"Rainfed","University of Missouri","Public"
"Malawi",2019,"E075","G120","L063",1,0,0,0,52.66666667,NA,NA,91,1,0,1,42.20666667,18,4198.333333,1,1,0,0,0,0,0,1,0,1,0,1,39.81,22.12,"7/14/2019","12/3/2019",-14.264,34.57,503,"Rainfed","University of Missouri","Public"
"Malawi",2019,"E075","G121","L063",1,0,0,0,54.66666667,NA,NA,110,2,0,1.666666667,90.21333333,18.33333333,2996.9,1,1,0,0,0,0,0,1,0,1,0,3,42.36,21.43,"7/14/2019","12/3/2019",-14.264,34.57,503,"Rainfed","CSIRO Agriculture and Food","Public"
"Malawi",2019,"E075","G129","L063",1,0,0,0,64,NA,NA,108,3,0,1,92.57333333,13.66666667,1622.133333,1,1,0,0,0,0,0,1,0,1,0,1,42.26,21.29,"7/14/2019","12/3/2019",-14.264,34.57,503,"Rainfed","Kenya Agricultural  Livestock Research Organization KALRO","Public"
"Malawi",2019,"E075","G136","L063",1,0,0,0,55,NA,NA,103.3333333,1,0,1,79.51333333,19.33333333,4562.1,1,1,0,0,0,0,0,1,0,1,0,1,39.11,23.47,"7/14/2019","12/3/2019",-14.264,34.57,503,"Rainfed","Ethiopian Institute of Agricultural Research EIAR","Public"
"Malawi",2019,"E075","G151","L063",1,0,0,0,41.33333333,NA,NA,86.66666667,1,0,1.666666667,42.33333333,20.66666667,2300.333333,1,1,0,0,0,0,0,1,0,1,0,1,39.85,22.99,"7/14/2019","12/3/2019",-14.264,34.57,503,"Rainfed","Sensako","Private"
"Malawi",2019,"E075","G152","L063",1,0,0,0,39.33333333,NA,NA,81.66666667,1,0,1.666666667,35.37333333,21.66666667,2349.233333,1,1,0,0,0,0,0,1,0,1,0,1,40.9,22.61,"7/14/2019","12/3/2019",-14.264,34.57,503,"Rainfed","Sensako","Private"
"Malawi",2019,"E075","G153","L063",1,0,0,0,43.66666667,NA,NA,87.66666667,1,0,2.666666667,44.86666667,20.33333333,1778.333333,1,1,0,0,0,0,0,1,0,1,0,1,40.9,22.19,"7/14/2019","12/3/2019",-14.264,34.57,503,"Rainfed","Sensako","Private"
"Malawi",2019,"E075","G154","L063",1,0,0,0,50,NA,NA,94,1,0,1,41.52,20.33333333,2384.7,1,1,0,0,0,0,0,1,0,1,0,1,39.2,23.27,"7/14/2019","12/3/2019",-14.264,34.57,503,"Rainfed","Sensako","Private"
"Malawi",2019,"E075","G155","L063",1,0,0,0,37.33333333,NA,NA,84.66666667,1,0,3,29.58666667,16.66666667,1865.2,1,1,0,0,0,0,0,1,0,1,0,1,39.95,23.28,"7/14/2019","12/3/2019",-14.264,34.57,503,"Rainfed","Sensako","Private"
"Malawi",2019,"E075","G157","L063",1,0,0,0,54,NA,NA,107.3333333,1,0,1,81.80666667,24,4930.866667,1,3,0,0,0,0,0,1,0,1,0,1,40.255,22.925,"7/14/2019","12/3/2019",-14.264,34.57,503,"Rainfed","Sensako","Private"
"Malawi",2019,"E075","G160","L063",1,0,0,0,53,NA,NA,106.6666667,1,0,1,47.29333333,19,3501.566667,1,1,0,0,0,0,0,1,0,1,0,1,40.31,22.77,"7/14/2019","12/3/2019",-14.264,34.57,503,"Rainfed","CSIRO Agriculture and Food","Public"
"Malawi",2019,"E075","G188","L063",1,0,0,0,59.66666667,NA,NA,91.33333333,3,0,1.333333333,82.20666667,14.33333333,3428.633333,1,1,0,0,0,0,0,1,0,1,0,1,40.1,21.05,"7/14/2019","12/3/2019",-14.264,34.57,503,"Rainfed","International Institute of Tropical Agriculture IITA","Public"
"Malawi",2019,"E075","G206","L063",1,0,0,0,53.66666667,NA,NA,99,1,0,1.666666667,59.10666667,26.33333333,3339.033333,1,1,0,0,0,0,0,1,0,1,0,3,40.985,22.585,"7/14/2019","12/3/2019",-14.264,34.57,503,"Rainfed","International Institute of Tropical Agriculture IITA","Public"
"Malawi",2019,"E075","G233","L063",1,0,0,0,55,NA,NA,100.3333333,3,0,1,82.01333333,16.33333333,3879.566667,1,1,0,0,0,0,0,1,0,1,0,1,39.99,22.74,"7/14/2019","12/3/2019",-14.264,34.57,503,"Rainfed","International Institute of Tropical Agriculture IITA","Public"
"Malawi",2019,"E075","G365","L063",1,1,0,0,53.66666667,NA,NA,94.33333333,2,0,1.333333333,74.26,14.66666667,3941.333333,1,1,0,0,0,0,0,1,0,1,0,1,40.16,20.38,"7/14/2019","12/3/2019",-14.264,34.57,503,"Rainfed","Department of Agricultural Research Services DARS","Public"
"Malawi",2019,"E077","G002","L017",1,0,0,0,64,NA,NA,131,1,0,1,53.86666667,15.66666667,2801.733333,1,1,0,0,0,0,0,1,0,1,0,1,39.68,21.835,"6/28/2019","12/27/2019",-13.672,32.66,1158,"Rainfed","CSIRO Agriculture and Food","Public"
"Malawi",2019,"E077","G007","L017",1,0,0,0,58,NA,NA,124,2,0,2.333333333,40.46666667,18,2485.1,1,1,0,0,0,0,0,1,0,1,0,1,39.575,20.445,"6/28/2019","12/27/2019",-13.672,32.66,1158,"Rainfed","Kenya Agricultural  Livestock Research Organization KALRO","Public"
"Malawi",2019,"E077","G018","L017",1,0,0,0,62,NA,NA,124,1,0,1.666666667,60.53333333,15,3227.766667,1,1,0,0,0,0,0,1,0,1,0,1,42.285,21.005,"6/28/2019","12/27/2019",-13.672,32.66,1158,"Rainfed","Ethiopian Institute of Agricultural Research EIAR","Public"
"Malawi",2019,"E077","G021","L017",1,0,0,0,61,NA,NA,124,2,0,1.333333333,72.06666667,17,3078.666667,1,1,0,0,0,0,0,1,0,1,0,1,37.675,21.47,"6/28/2019","12/27/2019",-13.672,32.66,1158,"Rainfed","Agricultural Research Council ARC","Public"
"Malawi",2019,"E077","G022","L017",1,0,0,0,61,NA,NA,118,1,0,2,50,16.33333333,3250.033333,1,1,0,0,0,0,0,1,0,1,0,1,43.175,19.37,"6/28/2019","12/27/2019",-13.672,32.66,1158,"Rainfed","Agricultural Research Council ARC","Public"
"Malawi",2019,"E077","G028","L017",1,0,0,0,65.33333333,NA,NA,158,1,0,2,56.46666667,19.66666667,2665.4,1,1,0,0,0,0,0,1,0,1,0,1,43.815,21.05,"6/28/2019","12/27/2019",-13.672,32.66,1158,"Rainfed","CSIRO Agriculture and Food","Public"
"Malawi",2019,"E077","G029","L017",1,0,0,0,58,NA,NA,134.3333333,1,0,2,50.13333333,18,2581.566667,1,1,0,0,0,0,0,1,0,1,0,1,40.54,20.94,"6/28/2019","12/27/2019",-13.672,32.66,1158,"Rainfed","Agricultural Research Council ARC","Public"
"Malawi",2019,"E077","G030","L017",1,0,0,0,58,NA,NA,130,1,0,1.666666667,55.7,19.33333333,2886.5,1,1,0,0,0,0,0,1,0,1,0,1,42.33,20.02,"6/28/2019","12/27/2019",-13.672,32.66,1158,"Rainfed","Agricultural Research Council ARC","Public"
"Malawi",2019,"E077","G032","L017",1,0,0,0,64.66666667,NA,NA,128,1,0,1,59.4,18.66666667,2663.733333,1,1,0,0,0,0,0,1,0,1,0,1,40.18,20.68,"6/28/2019","12/27/2019",-13.672,32.66,1158,"Rainfed","CSIRO Agriculture and Food","Public"
"Malawi",2019,"E077","G036","L017",1,0,0,0,59,NA,NA,87.33333333,1,0,0.666666667,35.93333333,16,2657.3,1,1,0,0,0,0,0,1,0,1,0,1,41.705,19.175,"6/28/2019","12/27/2019",-13.672,32.66,1158,"Rainfed","Kenya Agricultural  Livestock Research Organization KALRO","Public"
"Malawi",2019,"E077","G037","L017",1,0,0,0,53,NA,NA,122,1,0,2,68.5,17,2563.833333,1,1,0,0,0,0,0,1,0,1,0,1,41.255,21.845,"6/28/2019","12/27/2019",-13.672,32.66,1158,"Rainfed","Kenya Agricultural  Livestock Research Organization KALRO","Public"
"Malawi",2019,"E077","G039","L017",1,0,0,0,64,NA,NA,131,1,0,2.333333333,67.86666667,20.66666667,4104.733333,1,1,0,0,0,0,0,1,0,1,0,1,39.59,20.81,"6/28/2019","12/27/2019",-13.672,32.66,1158,"Rainfed","Kenya Agricultural  Livestock Research Organization KALRO","Public"
"Malawi",2019,"E077","G042","L017",1,0,0,0,62,NA,NA,130,1,0,1,57,15,2472.233333,1,1,0,0,0,0,0,1,0,1,0,1,42.055,20.75,"6/28/2019","12/27/2019",-13.672,32.66,1158,"Rainfed","CSIRO Agriculture and Food","Public"
"Malawi",2019,"E077","G043","L017",1,0,0,0,42,NA,NA,116.6666667,2,0,3,28.2,19,803.1666667,1,1,0,0,0,0,0,1,0,1,0,1,38.4,22.69,"6/28/2019","12/27/2019",-13.672,32.66,1158,"Rainfed","University of Illinois","Public"
"Malawi",2019,"E077","G044","L017",1,0,0,0,42.66666667,NA,NA,155,3,0,2,37.26666667,21,1483.8,1,1,0,0,0,0,0,1,0,1,0,1,41.87,21.635,"6/28/2019","12/27/2019",-13.672,32.66,1158,"Rainfed","University of Illinois","Public"
"Malawi",2019,"E077","G056","L017",1,0,0,0,64,NA,NA,129.6666667,1,0,1,74.4,19.66666667,3488.966667,1,1,0,0,0,0,0,1,0,1,0,1,37.7,21.665,"6/28/2019","12/27/2019",-13.672,32.66,1158,"Rainfed","ZamSeed","Private"
"Malawi",2019,"E077","G058","L017",1,0,0,0,62,NA,NA,130,1,0,1,70.66666667,22.33333333,1726.133333,1,1,0,0,0,0,0,1,0,1,0,1,41.225,17.345,"6/28/2019","12/27/2019",-13.672,32.66,1158,"Rainfed","CSIRO Agriculture and Food","Public"
"Malawi",2019,"E077","G073","L017",1,0,0,0,68,NA,NA,130,1,0,1,63.2,17.33333333,2567.433333,1,1,0,0,0,0,0,1,0,1,0,1,41.76,20.46,"6/28/2019","12/27/2019",-13.672,32.66,1158,"Rainfed","CSIRO Agriculture and Food","Public"
"Malawi",2019,"E077","G075","L017",1,0,0,0,62.66666667,NA,NA,130.3333333,1,0,2,68.73333333,8.333333333,2884.433333,1,1,0,0,0,0,0,1,0,1,0,1,39.97,20.395,"6/28/2019","12/27/2019",-13.672,32.66,1158,"Rainfed","CSIRO Agriculture and Food","Public"
"Malawi",2019,"E077","G092","L017",1,0,0,0,66,NA,NA,136,1,0,1.333333333,85.1,21,3632.7,1,1,0,0,0,0,0,1,0,1,0,1,40.665,21.025,"6/28/2019","12/27/2019",-13.672,32.66,1158,"Rainfed","SeedCo","Private"
"Malawi",2019,"E077","G093","L017",1,0,0,0,58,NA,NA,129,2,0,2,62.93333333,16.33333333,3659.266667,1,1,0,0,0,0,0,1,0,1,0,1,39.07,22.01,"6/28/2019","12/27/2019",-13.672,32.66,1158,"Rainfed","University of Missouri","Public"
"Malawi",2019,"E077","G098","L017",1,0,0,0,57.66666667,NA,NA,141,2,0,1.333333333,89,21,3050.8,1,1,0,0,0,0,0,1,0,1,0,1,40.73,20.985,"6/28/2019","12/27/2019",-13.672,32.66,1158,"Rainfed","SeedCo","Private"
"Malawi",2019,"E077","G103","L017",1,0,0,0,65.33333333,NA,NA,125.6666667,2,0,1,68.2,19.66666667,2939.3,1,1,0,0,0,0,0,1,0,1,0,1,40.795,21.165,"6/28/2019","12/27/2019",-13.672,32.66,1158,"Rainfed","SeedCo","Private"
"Malawi",2019,"E077","G108","L017",1,0,0,0,45,NA,NA,118,1,0,2,28.9,18.33333333,1606.233333,1,1,0,0,0,0,0,1,0,1,0,1,41.69,20.945,"6/28/2019","12/27/2019",-13.672,32.66,1158,"Rainfed","University of Missouri","Public"
"Malawi",2019,"E077","G119","L017",1,0,0,0,42,NA,NA,124,2,0,1.333333333,42.66666667,16.33333333,2118.733333,1,1,0,0,0,0,0,1,0,1,0,1,40.995,20.4,"6/28/2019","12/27/2019",-13.672,32.66,1158,"Rainfed","University of Missouri","Public"
"Malawi",2019,"E077","G120","L017",1,0,0,0,51,NA,NA,124,2,0,1.333333333,56,16,3184.966667,1,1,0,0,0,0,0,1,0,1,0,1,39.615,20.73,"6/28/2019","12/27/2019",-13.672,32.66,1158,"Rainfed","University of Missouri","Public"
"Malawi",2019,"E077","G121","L017",1,0,0,0,64.66666667,NA,NA,139,2,0,1,88,19.66666667,2608.5,1,1,0,0,0,0,0,1,0,1,0,1,42.725,19.48,"6/28/2019","12/27/2019",-13.672,32.66,1158,"Rainfed","CSIRO Agriculture and Food","Public"
"Malawi",2019,"E077","G129","L017",1,0,0,0,66,NA,NA,136,1,0,1.666666667,89.73333333,17.33333333,2896.233333,1,1,0,0,0,0,0,1,0,1,0,1,43.47,19.23,"6/28/2019","12/27/2019",-13.672,32.66,1158,"Rainfed","Kenya Agricultural  Livestock Research Organization KALRO","Public"
"Malawi",2019,"E077","G136","L017",1,0,0,0,66,NA,NA,131,1,0,1,77.93333333,16,3527.066667,1,1,0,0,0,0,0,1,0,1,0,1,40.46,21.665,"6/28/2019","12/27/2019",-13.672,32.66,1158,"Rainfed","Ethiopian Institute of Agricultural Research EIAR","Public"
"Malawi",2019,"E077","G151","L017",1,0,0,0,45,NA,NA,118,1,0,1.666666667,36.33333333,20,1655.366667,1,1,0,0,0,0,0,1,0,1,0,1,43.895,20.765,"6/28/2019","12/27/2019",-13.672,32.66,1158,"Rainfed","Sensako","Private"
"Malawi",2019,"E077","G152","L017",1,0,0,0,45,NA,NA,114,2,0,1.666666667,49.73333333,20.33333333,2309.266667,1,1,0,0,0,0,0,1,0,1,0,1,41.81,20.48,"6/28/2019","12/27/2019",-13.672,32.66,1158,"Rainfed","Sensako","Private"
"Malawi",2019,"E077","G153","L017",1,0,0,0,58,NA,NA,78.66666667,2,0,2,29.13333333,15,1968.45,1,1,0,0,0,0,0,1,0,1,0,1,42.845,20.19,"6/28/2019","12/27/2019",-13.672,32.66,1158,"Rainfed","Sensako","Private"
"Malawi",2019,"E077","G154","L017",1,0,0,0,58,NA,NA,122,1,0,2,52.86666667,17.66666667,1788.333333,1,1,0,0,0,0,0,1,0,1,0,1,41.215,20.925,"6/28/2019","12/27/2019",-13.672,32.66,1158,"Rainfed","Sensako","Private"
"Malawi",2019,"E077","G155","L017",1,0,0,0,45,NA,NA,124,1,0,1.666666667,26.2,17.66666667,1570.366667,1,1,0,0,0,0,0,1,0,1,0,1,40.525,21.935,"6/28/2019","12/27/2019",-13.672,32.66,1158,"Rainfed","Sensako","Private"
"Malawi",2019,"E077","G157","L017",1,0,0,0,66,NA,NA,131,1,0,1.333333333,79.13333333,18.66666667,3379,1,1,0,0,0,0,0,1,0,1,0,1,38.82,21.605,"6/28/2019","12/27/2019",-13.672,32.66,1158,"Rainfed","Sensako","Private"
"Malawi",2019,"E077","G160","L017",1,0,0,0,58,NA,NA,128.6666667,1,0,1.666666667,62.46666667,20,3163.6,1,1,0,0,0,0,0,1,0,1,0,1,41.355,20.065,"6/28/2019","12/27/2019",-13.672,32.66,1158,"Rainfed","CSIRO Agriculture and Food","Public"
"Malawi",2019,"E077","G188","L017",1,0,0,0,61,NA,NA,118,2,0,2,65.43333333,13.33333333,2423.266667,1,1,0,0,0,0,0,1,0,1,0,1,41.085,19.015,"6/28/2019","12/27/2019",-13.672,32.66,1158,"Rainfed","International Institute of Tropical Agriculture IITA","Public"
"Malawi",2019,"E077","G206","L017",1,0,0,0,59,NA,NA,136,1,0,1,57,26.66666667,736.1333333,1,1,0,0,0,0,0,1,0,1,0,1,40.895,21.46,"6/28/2019","12/27/2019",-13.672,32.66,1158,"Rainfed","International Institute of Tropical Agriculture IITA","Public"
"Malawi",2019,"E077","G233","L017",1,0,0,0,57.33333333,NA,NA,124,2,0,1,73.4,17.66666667,2983.966667,1,1,0,0,0,0,0,1,0,1,0,1,43.755,19.96,"6/28/2019","12/27/2019",-13.672,32.66,1158,"Rainfed","International Institute of Tropical Agriculture IITA","Public"
"Malawi",2019,"E077","G365","L017",1,1,0,0,58,NA,NA,118,1,0,2,54.53333333,13.33333333,2872.1,1,1,0,0,0,0,0,1,0,1,0,1,40.4,19.05,"6/28/2019","12/27/2019",-13.672,32.66,1158,"Rainfed","Department of Agricultural Research Services DARS","Public"
"Malawi",2019,"E078","G002","L016",1,0,0,0,91,NA,NA,140,1,0,1,60.26666667,13.33333333,1959.9,1,1,0,0,0,0,0,1,0,1,0,1,38.54,22.4,"6/25/2019","1/11/2020",-13.251,33.369,1083,"Rainfed","CSIRO Agriculture and Food","Public"
"Malawi",2019,"E078","G007","L016",1,0,0,0,84,NA,NA,136.6666667,1,0,1,47,15.33333333,1865.7,1,1,0,0,0,0,0,1,0,1,0,1,36.26,22.745,"6/25/2019","1/11/2020",-13.251,33.369,1083,"Rainfed","Kenya Agricultural  Livestock Research Organization KALRO","Public"
"Malawi",2019,"E078","G018","L016",1,0,0,0,86,NA,NA,150,1,0,1,43.73333333,16,2516.4,1,1,0,0,0,0,0,1,0,1,0,1,38.955,22.075,"6/25/2019","1/11/2020",-13.251,33.369,1083,"Rainfed","Ethiopian Institute of Agricultural Research EIAR","Public"
"Malawi",2019,"E078","G021","L016",1,0,0,0,85,NA,NA,140,1,0,1,53.33333333,16,2065.833333,1,1,0,0,0,0,0,1,0,1,0,1,38.18,22.25,"6/25/2019","1/11/2020",-13.251,33.369,1083,"Rainfed","Agricultural Research Council ARC","Public"
"Malawi",2019,"E078","G022","L016",1,0,0,0,83,NA,NA,150,1,0,1,48.2,16,2759.133333,1,1,0,0,0,0,0,1,0,1,0,1,41.055,21.905,"6/25/2019","1/11/2020",-13.251,33.369,1083,"Rainfed","Agricultural Research Council ARC","Public"
"Malawi",2019,"E078","G028","L016",1,0,0,0,86.33333333,NA,NA,136.6666667,1,0,1,62.26666667,22.66666667,2513.633333,1,1,0,0,0,0,0,1,0,1,0,1,41.79,21.285,"6/25/2019","1/11/2020",-13.251,33.369,1083,"Rainfed","CSIRO Agriculture and Food","Public"
"Malawi",2019,"E078","G029","L016",1,0,0,0,53.66666667,NA,NA,96.66666667,1,0,0.666666667,28.8,13.33333333,2972.1,1,1,0,0,0,0,0,1,0,1,0,1,40.39,21.44,"6/25/2019","1/11/2020",-13.251,33.369,1083,"Rainfed","Agricultural Research Council ARC","Public"
"Malawi",2019,"E078","G030","L016",1,0,0,0,83,NA,NA,140,1,0,1.333333333,54.13333333,16,2212.9,1,1,0,0,0,0,0,1,0,1,0,1,40.19,21.395,"6/25/2019","1/11/2020",-13.251,33.369,1083,"Rainfed","Agricultural Research Council ARC","Public"
"Malawi",2019,"E078","G032","L016",1,0,0,0,85,NA,NA,140,1,0,1,49.6,15.33333333,1701.5,1,1,0,0,0,0,0,1,0,1,0,1,38.17,21.51,"6/25/2019","1/11/2020",-13.251,33.369,1083,"Rainfed","CSIRO Agriculture and Food","Public"
"Malawi",2019,"E078","G036","L016",1,0,0,0,83,NA,NA,140,1,0,1,58.53333333,18.66666667,2519.8,1,1,0,0,0,0,0,1,0,1,0,1,37.645,22.11,"6/25/2019","1/11/2020",-13.251,33.369,1083,"Rainfed","Kenya Agricultural  Livestock Research Organization KALRO","Public"
"Malawi",2019,"E078","G037","L016",1,0,0,0,79.33333333,NA,NA,136.6666667,1,0,1,58.66666667,17.33333333,1493.1,1,1,0,0,0,0,0,1,0,1,0,1,38.265,23.86,"6/25/2019","1/11/2020",-13.251,33.369,1083,"Rainfed","Kenya Agricultural  Livestock Research Organization KALRO","Public"
"Malawi",2019,"E078","G039","L016",1,0,0,0,86,NA,NA,146.6666667,1,0,1,70.26666667,16.66666667,2001.966667,1,1,0,0,0,0,0,1,0,1,0,1,38.02,22.825,"6/25/2019","1/11/2020",-13.251,33.369,1083,"Rainfed","Kenya Agricultural  Livestock Research Organization KALRO","Public"
"Malawi",2019,"E078","G042","L016",1,0,0,0,86,NA,NA,175,1,0,1,73.73333333,0,NA,1,1,0,0,0,0,0,1,0,1,0,1,NA,NA,"6/25/2019","1/11/2020",-13.251,33.369,1083,"Rainfed","CSIRO Agriculture and Food","Public"
"Malawi",2019,"E078","G043","L016",1,0,0,0,58.33333333,NA,NA,111.3333333,1,0,2,29.6,17.33333333,709.9333333,1,1,0,0,0,0,0,1,0,1,0,1,31.175,24.3,"6/25/2019","1/11/2020",-13.251,33.369,1083,"Rainfed","University of Illinois","Public"
"Malawi",2019,"E078","G044","L016",1,0,0,0,63.33333333,NA,NA,111.3333333,1,0,1.333333333,35.86666667,16.66666667,1188.6,1,1,0,0,0,0,0,1,0,1,0,1,36.96,23.265,"6/25/2019","1/11/2020",-13.251,33.369,1083,"Rainfed","University of Illinois","Public"
"Malawi",2019,"E078","G056","L016",1,0,0,0,90,NA,NA,154.6666667,1,0,1,71.6,15.33333333,3374.6,1,1,0,0,0,0,0,1,0,1,0,1,36.08,22.88,"6/25/2019","1/11/2020",-13.251,33.369,1083,"Rainfed","ZamSeed","Private"
"Malawi",2019,"E078","G058","L016",1,0,0,0,118,NA,NA,145,1,0,1,77.66666667,0,NA,1,1,0,0,0,0,0,1,0,1,0,1,NA,NA,"6/25/2019","1/11/2020",-13.251,33.369,1083,"Rainfed","CSIRO Agriculture and Food","Public"
"Malawi",2019,"E078","G073","L016",1,0,0,0,109.3333333,NA,NA,175,1,0,1,78.33333333,0,NA,1,1,0,0,0,0,0,1,0,1,0,1,NA,NA,"6/25/2019","1/11/2020",-13.251,33.369,1083,"Rainfed","CSIRO Agriculture and Food","Public"
"Malawi",2019,"E078","G075","L016",1,0,0,0,91,NA,NA,140,1,0,1,57.66666667,10.66666667,1761.333333,1,1,0,0,0,0,0,1,0,1,0,1,37.7,21.725,"6/25/2019","1/11/2020",-13.251,33.369,1083,"Rainfed","CSIRO Agriculture and Food","Public"
"Malawi",2019,"E078","G092","L016",1,0,0,0,91.33333333,NA,NA,152.3333333,1,0,1,89.06666667,18,2805.633333,1,1,0,0,0,0,0,1,0,1,0,1,39.485,21.05,"6/25/2019","1/11/2020",-13.251,33.369,1083,"Rainfed","SeedCo","Private"
"Malawi",2019,"E078","G093","L016",1,0,0,0,83,NA,NA,136.6666667,1,0,1,55,15.33333333,2683.233333,1,1,0,0,0,0,0,1,0,1,0,1,38.21,22.84,"6/25/2019","1/11/2020",-13.251,33.369,1083,"Rainfed","University of Missouri","Public"
"Malawi",2019,"E078","G098","L016",1,0,0,0,76.33333333,NA,NA,150,1,0,1,97,16,2494.566667,1,1,0,0,0,0,0,1,0,1,0,1,38.49,22.3,"6/25/2019","1/11/2020",-13.251,33.369,1083,"Rainfed","SeedCo","Private"
"Malawi",2019,"E078","G103","L016",1,0,0,0,48.33333333,NA,NA,102.3333333,1,0,0.666666667,44.13333333,10.66666667,1584.3,1,1,0,0,0,0,0,1,0,1,0,1,38.51,22.12,"6/25/2019","1/11/2020",-13.251,33.369,1083,"Rainfed","SeedCo","Private"
"Malawi",2019,"E078","G108","L016",1,0,0,0,58.66666667,NA,NA,109.3333333,1,0,1,31.46666667,22,1034.733333,1,1,0,0,0,0,0,1,0,1,0,1,35.56,23.9,"6/25/2019","1/11/2020",-13.251,33.369,1083,"Rainfed","University of Missouri","Public"
"Malawi",2019,"E078","G119","L016",1,0,0,0,59.66666667,NA,NA,124,1,0,1.666666667,34.53333333,22,937.6,1,1,0,0,0,0,0,1,0,1,0,1,34.195,24.125,"6/25/2019","1/11/2020",-13.251,33.369,1083,"Rainfed","University of Missouri","Public"
"Malawi",2019,"E078","G120","L016",1,0,0,0,83,NA,NA,143.3333333,1,0,1,49.06666667,14,2957.033333,1,1,0,0,0,0,0,1,0,1,0,1,39.05,22.145,"6/25/2019","1/11/2020",-13.251,33.369,1083,"Rainfed","University of Missouri","Public"
"Malawi",2019,"E078","G121","L016",1,0,0,0,90,NA,NA,154.6666667,1,0,1.333333333,95.6,16,2349.1,1,1,0,0,0,0,0,1,0,1,0,1,41.425,21.03,"6/25/2019","1/11/2020",-13.251,33.369,1083,"Rainfed","CSIRO Agriculture and Food","Public"
"Malawi",2019,"E078","G129","L016",1,0,0,0,89.33333333,NA,NA,154.6666667,1,0,1,84.13333333,13.33333333,2040.733333,1,1,0,0,0,0,0,1,0,1,0,1,41.325,20.78,"6/25/2019","1/11/2020",-13.251,33.369,1083,"Rainfed","Kenya Agricultural  Livestock Research Organization KALRO","Public"
"Malawi",2019,"E078","G136","L016",1,0,0,0,90.66666667,NA,NA,150,1,0,1,76.46666667,16,3049.833333,1,1,0,0,0,0,0,1,0,1,0,1,37.765,22.23,"6/25/2019","1/11/2020",-13.251,33.369,1083,"Rainfed","Ethiopian Institute of Agricultural Research EIAR","Public"
"Malawi",2019,"E078","G151","L016",1,0,0,0,65.33333333,NA,NA,117.6666667,1,0,1.333333333,42,24,1269.566667,1,1,0,0,0,0,0,1,0,1,0,1,38.725,23.06,"6/25/2019","1/11/2020",-13.251,33.369,1083,"Rainfed","Sensako","Private"
"Malawi",2019,"E078","G152","L016",1,0,0,0,71,NA,NA,120,1,0,1.333333333,40.2,20.66666667,1023.8,1,1,0,0,0,0,0,1,0,1,0,1,40.38,22.055,"6/25/2019","1/11/2020",-13.251,33.369,1083,"Rainfed","Sensako","Private"
"Malawi",2019,"E078","G153","L016",1,0,0,0,71.66666667,NA,NA,124,1,0,1.333333333,38.86666667,22.66666667,1600.066667,1,1,0,0,0,0,0,1,0,1,0,1,39.315,22.305,"6/25/2019","1/11/2020",-13.251,33.369,1083,"Rainfed","Sensako","Private"
"Malawi",2019,"E078","G154","L016",1,0,0,0,83,NA,NA,134.6666667,1,0,1.333333333,50.93333333,16,1926.1,1,1,0,0,0,0,0,1,0,1,0,1,38.805,22.37,"6/25/2019","1/11/2020",-13.251,33.369,1083,"Rainfed","Sensako","Private"
"Malawi",2019,"E078","G155","L016",1,0,0,0,60.66666667,NA,NA,125,1,0,1.666666667,37.33333333,18.66666667,1486.033333,1,1,0,0,0,0,0,1,0,1,0,1,37.995,23.455,"6/25/2019","1/11/2020",-13.251,33.369,1083,"Rainfed","Sensako","Private"
"Malawi",2019,"E078","G157","L016",1,0,0,0,88.66666667,NA,NA,150,1,0,1,85.86666667,16.66666667,2840.033333,1,1,0,0,0,0,0,1,0,1,0,1,37.4,22.505,"6/25/2019","1/11/2020",-13.251,33.369,1083,"Rainfed","Sensako","Private"
"Malawi",2019,"E078","G160","L016",1,0,0,0,80.33333333,NA,NA,136.6666667,1,0,1,44.93333333,18,2025.166667,1,1,0,0,0,0,0,1,0,1,0,1,38.975,22.57,"6/25/2019","1/11/2020",-13.251,33.369,1083,"Rainfed","CSIRO Agriculture and Food","Public"
"Malawi",2019,"E078","G188","L016",1,0,0,0,77.33333333,NA,NA,129,1,0,1,79.26666667,16,1467.333333,1,1,0,0,0,0,0,1,0,1,0,1,41.015,19.875,"6/25/2019","1/11/2020",-13.251,33.369,1083,"Rainfed","International Institute of Tropical Agriculture IITA","Public"
"Malawi",2019,"E078","G206","L016",1,0,0,0,77,NA,NA,150,1,0,1,61.73333333,16.66666667,3065.366667,1,1,0,0,0,0,0,1,0,1,0,1,37.335,22.575,"6/25/2019","1/11/2020",-13.251,33.369,1083,"Rainfed","International Institute of Tropical Agriculture IITA","Public"
"Malawi",2019,"E078","G233","L016",1,0,0,0,72,NA,NA,143.3333333,1,0,1,65.93333333,15.33333333,3334.5,1,1,0,0,0,0,0,1,0,1,0,1,38.775,21.665,"6/25/2019","1/11/2020",-13.251,33.369,1083,"Rainfed","International Institute of Tropical Agriculture IITA","Public"
"Malawi",2019,"E078","G365","L016",1,1,0,0,78,NA,NA,135.6666667,1,0,1,84.33333333,12.66666667,2736.233333,1,1,0,0,0,0,0,1,0,1,0,1,40.135,20.62,"6/25/2019","1/11/2020",-13.251,33.369,1083,"Rainfed","Department of Agricultural Research Services DARS","Public"
"Malawi",2019,"E079","G002","L015",1,0,0,0,81.66666667,NA,NA,108.6666667,0,0,0,52.46666667,10,1262.133333,1,1,0,0,0,0,0,1,0,1,0,1,29.055,25.28,"6/25/2019","1/31/2020",-12.563,33.277,1006,"Rainfed","CSIRO Agriculture and Food","Public"
"Malawi",2019,"E079","G007","L015",1,0,0,0,75,NA,NA,115.3333333,0,0,0,48.73333333,11.33333333,1358.566667,1,1,0,0,0,0,0,1,0,1,0,1,29.455,25.28,"6/25/2019","1/31/2020",-12.563,33.277,1006,"Rainfed","Kenya Agricultural  Livestock Research Organization KALRO","Public"
"Malawi",2019,"E079","G018","L015",1,0,0,0,78,NA,NA,116,0,0,0,70,13.33333333,1543.366667,1,1,0,0,0,0,0,1,0,1,0,1,35.445,24.35,"6/25/2019","1/31/2020",-12.563,33.277,1006,"Rainfed","Ethiopian Institute of Agricultural Research EIAR","Public"
"Malawi",2019,"E079","G021","L015",1,0,0,0,63.33333333,NA,NA,113,0,0,0,60.53333333,15.66666667,1397.933333,1,1,0,0,0,0,0,1,0,1,0,1,33.915,23.785,"6/25/2019","1/31/2020",-12.563,33.277,1006,"Rainfed","Agricultural Research Council ARC","Public"
"Malawi",2019,"E079","G022","L015",1,0,0,0,75,NA,NA,116,0,0,0,56.6,15.33333333,1863.833333,1,1,0,0,0,0,0,1,0,1,0,1,37.785,23.115,"6/25/2019","1/31/2020",-12.563,33.277,1006,"Rainfed","Agricultural Research Council ARC","Public"
"Malawi",2019,"E079","G028","L015",1,0,0,0,78,NA,NA,117,0,0,0,64.73333333,16.33333333,1562.833333,1,1,0,0,0,0,0,1,0,1,0,1,33.77,25.125,"6/25/2019","1/31/2020",-12.563,33.277,1006,"Rainfed","CSIRO Agriculture and Food","Public"
"Malawi",2019,"E079","G029","L015",1,0,0,0,75,NA,NA,110,0,0,0,48.13333333,17,1278.6,1,1,0,0,0,0,0,1,0,1,0,1,32.535,24.975,"6/25/2019","1/31/2020",-12.563,33.277,1006,"Rainfed","Agricultural Research Council ARC","Public"
"Malawi",2019,"E079","G030","L015",1,0,0,0,81.33333333,NA,NA,115.6666667,0,0,0,55.26666667,15.33333333,1285.1,1,1,0,0,0,0,0,1,0,1,0,1,33.305,24.725,"6/25/2019","1/31/2020",-12.563,33.277,1006,"Rainfed","Agricultural Research Council ARC","Public"
"Malawi",2019,"E079","G032","L015",1,0,0,0,75,NA,NA,111.3333333,0,0,0,56.93333333,16.66666667,1100.766667,1,1,0,0,0,0,0,1,0,1,0,1,31.085,24.755,"6/25/2019","1/31/2020",-12.563,33.277,1006,"Rainfed","CSIRO Agriculture and Food","Public"
"Malawi",2019,"E079","G036","L015",1,0,0,0,72,NA,NA,114.6666667,0,0,0,49.66666667,17.66666667,1035.266667,1,1,0,0,0,0,0,1,0,1,0,1,33.525,23.69,"6/25/2019","1/31/2020",-12.563,33.277,1006,"Rainfed","Kenya Agricultural  Livestock Research Organization KALRO","Public"
"Malawi",2019,"E079","G037","L015",1,0,0,0,78,NA,NA,120,0,0,0,76.73333333,11.33333333,1349.433333,1,1,0,0,0,0,0,1,0,1,0,1,29.85,26.015,"6/25/2019","1/31/2020",-12.563,33.277,1006,"Rainfed","Kenya Agricultural  Livestock Research Organization KALRO","Public"
"Malawi",2019,"E079","G039","L015",1,0,0,0,78,NA,NA,114.6666667,0,0,0,56.66666667,19.66666667,1051.4,1,1,0,0,0,0,0,1,0,1,0,1,31.655,25.46,"6/25/2019","1/31/2020",-12.563,33.277,1006,"Rainfed","Kenya Agricultural  Livestock Research Organization KALRO","Public"
"Malawi",2019,"E079","G042","L015",1,0,0,0,75,NA,NA,169,0,0,0,86.8,4.666666667,1412.8,1,1,0,0,0,0,0,1,0,1,0,1,40.08,22.56,"6/25/2019","1/31/2020",-12.563,33.277,1006,"Rainfed","CSIRO Agriculture and Food","Public"
"Malawi",2019,"E079","G043","L015",1,0,0,0,49.33333333,NA,NA,114,0,0,0,36.66666667,17,1283.933333,1,1,0,0,0,0,0,1,0,1,0,1,32.215,24.75,"6/25/2019","1/31/2020",-12.563,33.277,1006,"Rainfed","University of Illinois","Public"
"Malawi",2019,"E079","G044","L015",1,0,0,0,69,NA,NA,114,0,0,0,39.86666667,17.33333333,1127.066667,1,1,0,0,0,0,0,1,0,1,0,1,33.625,24.625,"6/25/2019","1/31/2020",-12.563,33.277,1006,"Rainfed","University of Illinois","Public"
"Malawi",2019,"E079","G056","L015",1,0,0,0,69.33333333,NA,NA,114.3333333,0,0,0,50.46666667,16.66666667,1629.8,1,1,0,0,0,0,0,1,0,1,0,1,30.465,25.29,"6/25/2019","1/31/2020",-12.563,33.277,1006,"Rainfed","ZamSeed","Private"
"Malawi",2019,"E079","G058","L015",1,0,0,0,78.33333333,NA,NA,169,0,0,0,86.73333333,0,NA,1,1,0,0,0,0,0,1,0,1,0,1,40.34,21.93,"6/25/2019","1/31/2020",-12.563,33.277,1006,"Rainfed","CSIRO Agriculture and Food","Public"
"Malawi",2019,"E079","G073","L015",1,0,0,0,92.66666667,NA,NA,169,0,0,0,51.66666667,0,NA,1,1,0,0,0,0,0,1,0,1,0,1,40.03,21.58,"6/25/2019","1/31/2020",-12.563,33.277,1006,"Rainfed","CSIRO Agriculture and Food","Public"
"Malawi",2019,"E079","G075","L015",1,0,0,0,69.66666667,NA,NA,116,0,0,0,64,5.666666667,918.5333333,1,1,0,0,0,0,0,1,0,1,0,1,30.2,24.045,"6/25/2019","1/31/2020",-12.563,33.277,1006,"Rainfed","CSIRO Agriculture and Food","Public"
"Malawi",2019,"E079","G092","L015",1,0,0,0,93.66666667,NA,NA,113.6666667,0,0,0,76.6,16.66666667,2180.7,1,1,0,0,0,0,0,1,0,1,0,1,33.995,24.49,"6/25/2019","1/31/2020",-12.563,33.277,1006,"Rainfed","SeedCo","Private"
"Malawi",2019,"E079","G093","L015",1,0,0,0,78,NA,NA,109.6666667,0,0,0,51.4,13.33333333,1868.466667,1,1,0,0,0,0,0,1,0,1,0,1,32.77,24.975,"6/25/2019","1/31/2020",-12.563,33.277,1006,"Rainfed","University of Missouri","Public"
"Malawi",2019,"E079","G098","L015",1,0,0,0,72,NA,NA,109.6666667,0,0,0,89.2,14.33333333,1641.566667,1,1,0,0,0,0,0,1,0,1,0,1,32.38,24.58,"6/25/2019","1/31/2020",-12.563,33.277,1006,"Rainfed","SeedCo","Private"
"Malawi",2019,"E079","G103","L015",1,0,0,0,75,NA,NA,114.3333333,0,0,0,75.2,15.66666667,1825.033333,1,1,0,0,0,0,0,1,0,1,0,1,34.64,23.98,"6/25/2019","1/31/2020",-12.563,33.277,1006,"Rainfed","SeedCo","Private"
"Malawi",2019,"E079","G108","L015",1,0,0,0,52.66666667,NA,NA,114,0,0,0,41,15,1259.033333,1,1,0,0,0,0,0,1,0,1,0,1,32.275,25.46,"6/25/2019","1/31/2020",-12.563,33.277,1006,"Rainfed","University of Missouri","Public"
"Malawi",2019,"E079","G119","L015",1,0,0,0,81.33333333,NA,NA,114,0,0,0,41.06666667,14.66666667,1499.033333,1,1,0,0,0,0,0,1,0,1,0,1,32.37,24.78,"6/25/2019","1/31/2020",-12.563,33.277,1006,"Rainfed","University of Missouri","Public"
"Malawi",2019,"E079","G120","L015",1,0,0,0,72,NA,NA,116.6666667,0,0,0,48,13.66666667,1790.133333,1,1,0,0,0,0,0,1,0,1,0,1,31.855,25.035,"6/25/2019","1/31/2020",-12.563,33.277,1006,"Rainfed","University of Missouri","Public"
"Malawi",2019,"E079","G121","L015",1,0,0,0,72,NA,NA,118,0,0,0,57.53333333,10.33333333,963,1,1,0,0,0,0,0,1,0,1,0,1,36.745,22.7,"6/25/2019","1/31/2020",-12.563,33.277,1006,"Rainfed","CSIRO Agriculture and Food","Public"
"Malawi",2019,"E079","G129","L015",1,0,0,0,75,NA,NA,107.6666667,0,0,0,85.46666667,14,2110.2,1,1,0,0,0,0,0,1,0,1,0,1,39.75,21.15,"6/25/2019","1/31/2020",-12.563,33.277,1006,"Rainfed","Kenya Agricultural  Livestock Research Organization KALRO","Public"
"Malawi",2019,"E079","G136","L015",1,0,0,0,75,NA,NA,113.3333333,0,0,0,78.93333333,14,1535.533333,1,1,0,0,0,0,0,1,0,1,0,1,30.425,25.765,"6/25/2019","1/31/2020",-12.563,33.277,1006,"Rainfed","Ethiopian Institute of Agricultural Research EIAR","Public"
"Malawi",2019,"E079","G151","L015",1,0,0,0,69,NA,NA,114,0,0,0,47.53333333,9.666666667,1225.266667,1,1,0,0,0,0,0,1,0,1,0,1,33.395,25.105,"6/25/2019","1/31/2020",-12.563,33.277,1006,"Rainfed","Sensako","Private"
"Malawi",2019,"E079","G152","L015",1,0,0,0,72,NA,NA,114,0,0,0,46.53333333,15,1249.733333,1,1,0,0,0,0,0,1,0,1,0,1,33.365,24.89,"6/25/2019","1/31/2020",-12.563,33.277,1006,"Rainfed","Sensako","Private"
"Malawi",2019,"E079","G153","L015",1,0,0,0,69,NA,NA,114,0,0,0,48.26666667,15,1268.1,1,1,0,0,0,0,0,1,0,1,0,1,30.59,24.22,"6/25/2019","1/31/2020",-12.563,33.277,1006,"Rainfed","Sensako","Private"
"Malawi",2019,"E079","G154","L015",1,0,0,0,75,NA,NA,115,0,0,0,48.93333333,16.66666667,1462.466667,1,1,0,0,0,0,0,1,0,1,0,1,31.41,25.76,"6/25/2019","1/31/2020",-12.563,33.277,1006,"Rainfed","Sensako","Private"
"Malawi",2019,"E079","G155","L015",1,0,0,0,72,NA,NA,114,0,0,0,35.4,13.33333333,1274.566667,1,1,0,0,0,0,0,1,0,1,0,1,30.63,25.7,"6/25/2019","1/31/2020",-12.563,33.277,1006,"Rainfed","Sensako","Private"
"Malawi",2019,"E079","G157","L015",1,0,0,0,75,NA,NA,117,0,0,0,53.26666667,19,1642.633333,1,1,0,0,0,0,0,1,0,1,0,1,34.18,24.08,"6/25/2019","1/31/2020",-12.563,33.277,1006,"Rainfed","Sensako","Private"
"Malawi",2019,"E079","G160","L015",1,0,0,0,78,NA,NA,111.6666667,0,0,0,53.13333333,20.66666667,2849.733333,1,1,0,0,0,0,0,1,0,1,0,1,37.59,22.17,"6/25/2019","1/31/2020",-12.563,33.277,1006,"Rainfed","CSIRO Agriculture and Food","Public"
"Malawi",2019,"E079","G188","L015",1,0,0,0,78,NA,NA,110,0,0,0,82.4,14,2369.3,1,1,0,0,0,0,0,1,0,1,0,1,38.745,20.845,"6/25/2019","1/31/2020",-12.563,33.277,1006,"Rainfed","International Institute of Tropical Agriculture IITA","Public"
"Malawi",2019,"E079","G206","L015",1,0,0,0,81.33333333,NA,NA,114.6666667,0,0,0,46.33333333,19.66666667,1406.866667,1,1,0,0,0,0,0,1,0,1,0,1,35.525,24.02,"6/25/2019","1/31/2020",-12.563,33.277,1006,"Rainfed","International Institute of Tropical Agriculture IITA","Public"
"Malawi",2019,"E079","G233","L015",1,0,0,0,78,NA,NA,104,0,0,0,48.2,16.33333333,2121,1,1,0,0,0,0,0,1,0,1,0,1,37.24,23.37,"6/25/2019","1/31/2020",-12.563,33.277,1006,"Rainfed","International Institute of Tropical Agriculture IITA","Public"
"Malawi",2019,"E079","G365","L015",1,1,0,0,78,NA,NA,114,0,0,0,87.86666667,15.66666667,2892.5,1,1,0,0,0,0,0,1,0,1,0,1,39.455,20.72,"6/25/2019","1/31/2020",-12.563,33.277,1006,"Rainfed","Department of Agricultural Research Services DARS","Public"
"Malawi",2019,"E095","G034","L024",2,0,0,0,59.33333333,NA,NA,114,1,0,1.666666667,59.66666667,11.33333333,939.2333333,0,0,0,0,0,0,0,1,0,2,0,1,41.775,21.085,"12/23/2019","5/11/2020",-15.926,35.067,1158,"Rainfed","ZamSeed","Private"
"Malawi",2019,"E095","G036","L024",2,0,0,0,46.66666667,NA,NA,102.6666667,1,0,2,41.33333333,17.33333333,1428.2,0,0,0,0,0,0,0,1,0,1,0,1,40.51,20.7,"12/23/2019","5/11/2020",-15.926,35.067,1158,"Rainfed","Kenya Agricultural  Livestock Research Organization KALRO","Public"
"Malawi",2019,"E095","G039","L024",2,0,0,0,47.66666667,NA,NA,108.6666667,2,0,1.666666667,56.33333333,18.66666667,1982.233333,0,0,0,0,0,0,0,1,0,1,0,1,38.735,20.135,"12/23/2019","5/11/2020",-15.926,35.067,1158,"Rainfed","Kenya Agricultural  Livestock Research Organization KALRO","Public"
"Malawi",2019,"E095","G056","L024",2,0,0,0,52.33333333,NA,NA,112,1,0,1.666666667,41.33333333,16.33333333,1025.4,0,0,0,0,0,0,0,1,0,2,0,1,39.275,20.13,"12/23/2019","5/11/2020",-15.926,35.067,1158,"Rainfed","ZamSeed","Private"
"Malawi",2019,"E095","G063","L024",2,0,0,0,56.33333333,NA,NA,124.3333333,1,0,1,75.66666667,16.33333333,717.6,0,0,0,0,0,0,0,1,0,4,0,1,44.4,17.92,"12/23/2019","5/11/2020",-15.926,35.067,1158,"Rainfed","Makerere University","Public"
"Malawi",2019,"E095","G065","L024",2,1,0,0,50.33333333,NA,NA,111.3333333,1,0,1.333333333,57.33333333,15.33333333,1400.2,0,0,0,0,0,0,0,1,0,4,0,1,41.23,18.595,"12/23/2019","5/11/2020",-15.926,35.067,1158,"Rainfed","Department of Agricultural Research Services DARS","Public"
"Malawi",2019,"E095","G074","L024",2,1,0,0,53.66666667,NA,NA,109.6666667,1,0,1.333333333,52.33333333,16.33333333,1351.6,0,0,0,0,0,0,0,1,0,1,0,1,42.655,18.22,"12/23/2019","5/11/2020",-15.926,35.067,1158,"Rainfed","Department of Agricultural Research Services DARS","Public"
"Malawi",2019,"E095","G092","L024",2,0,0,0,52.66666667,NA,NA,109.6666667,1,0,1.666666667,70.33333333,15.33333333,1193.733333,0,0,0,0,0,0,0,1,0,1,0,1,41.205,18.78,"12/23/2019","5/11/2020",-15.926,35.067,1158,"Rainfed","SeedCo","Private"
"Malawi",2019,"E095","G097","L024",2,0,0,0,49.66666667,NA,NA,123,1,0,1,59.66666667,17.66666667,1246.033333,0,0,0,0,0,0,0,1,0,3,0,1,43.565,18.59,"12/23/2019","5/11/2020",-15.926,35.067,1158,"Rainfed","SeedCo","Private"
"Malawi",2019,"E095","G098","L024",2,0,0,0,50,NA,NA,111,1,0,1.666666667,42,19.33333333,1953,0,0,0,0,0,0,0,1,0,1,0,1,40.79,20.38,"12/23/2019","5/11/2020",-15.926,35.067,1158,"Rainfed","SeedCo","Private"
"Malawi",2019,"E095","G101","L024",2,0,0,0,52.66666667,NA,NA,107.3333333,1,0,1,50.66666667,15.66666667,1644.233333,0,0,0,0,0,0,0,1,0,4,0,1,41.265,19.585,"12/23/2019","5/11/2020",-15.926,35.067,1158,"Rainfed","SeedCo","Private"
"Malawi",2019,"E095","G138","L024",2,0,0,0,49.33333333,NA,NA,110.6666667,1,0,2,54.33333333,18.33333333,1214.7,0,0,0,0,0,0,0,1,0,2,0,1,38.72,20.99,"12/23/2019","5/11/2020",-15.926,35.067,1158,"Rainfed","SeedCo","Private"
"Malawi",2019,"E095","G141","L024",2,0,0,0,51.66666667,NA,NA,111.3333333,2,0,1,57.66666667,16.33333333,2016.433333,0,0,0,0,0,0,0,1,0,1,0,1,40.725,19.15,"12/23/2019","5/11/2020",-15.926,35.067,1158,"Rainfed","SeedCo","Private"
"Malawi",2019,"E095","G145","L024",2,0,0,0,51.66666667,NA,NA,123,1,0,1,79,16.33333333,1575.166667,0,0,0,0,0,0,0,1,0,3,0,1,40.78,19.355,"12/23/2019","5/11/2020",-15.926,35.067,1158,"Rainfed","SeedCo","Private"
"Malawi",2019,"E095","G146","L024",2,0,0,0,50.33333333,NA,NA,114.3333333,1,0,1,60.33333333,14.33333333,1229.2,0,0,0,0,0,0,0,1,0,1,0,1,39.36,20.14,"12/23/2019","5/11/2020",-15.926,35.067,1158,"Rainfed","SeedCo","Private"
"Malawi",2019,"E095","G147","L024",2,0,0,0,48.66666667,NA,NA,114.3333333,1,0,1,72,20,1743.766667,0,0,0,0,0,0,0,1,0,3,0,1,39.005,20.545,"12/23/2019","5/11/2020",-15.926,35.067,1158,"Rainfed","SeedCo","Private"
"Malawi",2019,"E095","G148","L024",2,0,0,0,56,NA,NA,110,1,0,1,45.33333333,13.33333333,1942.633333,0,0,0,0,0,0,0,1,0,3,0,1,38.31,21.47,"12/23/2019","5/11/2020",-15.926,35.067,1158,"Rainfed","SeedCo","Private"
"Malawi",2019,"E095","G182","L024",2,0,0,0,49.33333333,NA,NA,104.6666667,2,0,2.333333333,54.66666667,13.66666667,2221.133333,0,0,0,0,0,0,0,1,0,1,0,1,38.705,20.38,"12/23/2019","5/11/2020",-15.926,35.067,1158,"Rainfed","International Institute of Tropical Agriculture IITA","Public"
"Malawi",2019,"E095","G188","L024",2,0,0,0,50.33333333,NA,NA,104.6666667,2,0,2,56,13.33333333,1955.9,0,0,0,0,0,0,0,1,0,1,0,1,38.825,20.365,"12/23/2019","5/11/2020",-15.926,35.067,1158,"Rainfed","International Institute of Tropical Agriculture IITA","Public"
"Malawi",2019,"E095","G198","L024",2,0,0,0,54.33333333,NA,NA,114.6666667,1,0,1.666666667,52.66666667,19.66666667,994.3,0,0,0,0,0,0,0,1,0,2,0,1,40.34,20.93,"12/23/2019","5/11/2020",-15.926,35.067,1158,"Rainfed","International Institute of Tropical Agriculture IITA","Public"
"Malawi",2019,"E095","G199","L024",2,0,0,0,58.66666667,NA,NA,110.6666667,1,0,1,50,14.66666667,963.5333333,0,0,0,0,0,0,0,1,0,1,0,1,41.425,18.675,"12/23/2019","5/11/2020",-15.926,35.067,1158,"Rainfed","International Institute of Tropical Agriculture IITA","Public"
"Malawi",2019,"E095","G206","L024",2,0,0,0,51.33333333,NA,NA,111,2,0,1,60,17.33333333,1625.1,0,0,0,0,0,0,0,1,0,1,0,1,38.905,19.56,"12/23/2019","5/11/2020",-15.926,35.067,1158,"Rainfed","International Institute of Tropical Agriculture IITA","Public"
"Malawi",2019,"E095","G208","L024",2,0,0,0,59.33333333,NA,NA,123.6666667,1,0,2.333333333,63,17.66666667,974.9,0,0,0,0,0,0,0,1,0,2,0,1,41.31,19.235,"12/23/2019","5/11/2020",-15.926,35.067,1158,"Rainfed","International Institute of Tropical Agriculture IITA","Public"
"Malawi",2019,"E095","G210","L024",2,0,0,0,48,NA,NA,111.3333333,1,0,1.333333333,49.33333333,20.33333333,1697.533333,0,0,0,0,0,0,0,1,0,1,0,1,40.46,20.415,"12/23/2019","5/11/2020",-15.926,35.067,1158,"Rainfed","International Institute of Tropical Agriculture IITA","Public"
"Malawi",2019,"E095","G216","L024",2,0,0,0,50,NA,NA,109.6666667,1,0,1,58,20,1693.9,0,0,0,0,0,0,0,1,0,1,0,1,39.485,20.88,"12/23/2019","5/11/2020",-15.926,35.067,1158,"Rainfed","International Institute of Tropical Agriculture IITA","Public"
"Malawi",2019,"E095","G219","L024",2,0,0,0,50.66666667,NA,NA,108,1,0,1.333333333,47.33333333,19,1784.433333,0,0,0,0,0,0,0,1,0,1,0,1,40.37,20.775,"12/23/2019","5/11/2020",-15.926,35.067,1158,"Rainfed","International Institute of Tropical Agriculture IITA","Public"
"Malawi",2019,"E095","G233","L024",2,0,0,0,47.33333333,NA,NA,109,2,0,1,59,16.33333333,1808.266667,0,0,0,0,0,0,0,1,0,3,0,1,40.795,20.065,"12/23/2019","5/11/2020",-15.926,35.067,1158,"Rainfed","International Institute of Tropical Agriculture IITA","Public"
"Malawi",2019,"E095","G242","L024",2,0,0,0,54,NA,NA,105.3333333,1,0,1.666666667,56.33333333,16.66666667,2067.566667,0,0,0,0,0,0,0,1,0,2,0,1,40.755,19.495,"12/23/2019","5/11/2020",-15.926,35.067,1158,"Rainfed","International Institute of Tropical Agriculture IITA","Public"
"Malawi",2019,"E095","G246","L024",2,0,0,0,50,NA,NA,111.6666667,2,0,1.666666667,41.66666667,19.66666667,1093.666667,0,0,0,0,0,0,0,1,0,2,0,1,40.26,19.615,"12/23/2019","5/11/2020",-15.926,35.067,1158,"Rainfed","International Institute of Tropical Agriculture IITA","Public"
"Malawi",2019,"E095","G365","L024",2,1,0,0,50,NA,NA,109.6666667,2,0,2,50.33333333,12.66666667,1326.8,0,0,0,0,0,0,0,1,0,2,0,1,40.13,19.945,"12/23/2019","5/11/2020",-15.926,35.067,1158,"Rainfed","Department of Agricultural Research Services DARS","Public"
"Zambia",2019,"E0106","G006","L076",2,0,159.6666667,0,42.33333333,"Purple","Grey",104.6666667,1,0,1,62.4,22,2814.83,0,0,0,0,0,0,0,4,0,0,0,5,39,20.18,"12/18/2019","4/14/2020",-15.392,28.583,1100,"Rainfed","Agricultural Research Council ARC","Public"
"Zambia",2019,"E0106","G018","L076",2,0,96.33333333,0,47.66666667,"Purple","Tawny",107.6666667,3,0,1,52.46666667,20.66666667,2956.17,0,0,0,0,0,0,0,2,0,0,0,3,41.255,21.335,"12/18/2019","4/14/2020",-15.392,28.583,1100,"Rainfed","Ethiopian Institute of Agricultural Research EIAR","Public"
"Zambia",2019,"E0106","G033","L076",2,1,185.6666667,0,44.33333333,"Purple","Tawny",95,4,0,1,90.13333333,20,3001.493333,0,0,0,0,0,0,0,2,0,0,0,2,40.69,19.01,"12/18/2019","4/14/2020",-15.392,28.583,1100,"Rainfed","International Institute of Tropical Agriculture IITA","Public"
"Zambia",2019,"E0106","G034","L076",2,1,121,0,48.66666667,"Purple","Tawny",113.3333333,4,0,1,71,16.66666667,2702.413333,0,0,0,0,0,0,0,1,0,0,0,2,39.7,21.43,"12/18/2019","4/14/2020",-15.392,28.583,1100,"Rainfed","ZamSeed","Private"
"Zambia",2019,"E0106","G036","L076",2,0,145.6666667,0,38.66666667,"Purple","Tawny",95,1,0,2.333333333,58,21.66666667,2572.186667,0,0,0,0,0,0,0,5,0,0,0,2,40.26,20.03,"12/18/2019","4/14/2020",-15.392,28.583,1100,"Rainfed","Kenya Agricultural  Livestock Research Organization KALRO","Public"
"Zambia",2019,"E0106","G039","L076",2,0,127.3333333,0,40.66666667,"Purple","Grey",102.3333333,2,0,1,80.4,21.66666667,3330.346667,0,0,0,0,0,0,0,3,0,0,0,2,37.92,21.345,"12/18/2019","4/14/2020",-15.392,28.583,1100,"Rainfed","Kenya Agricultural  Livestock Research Organization KALRO","Public"
"Zambia",2019,"E0106","G056","L076",2,1,45,0,44.66666667,"Purple","Grey",107.6666667,1,0,1,60.13333333,23.33333333,2070.69,0,0,0,0,0,0,0,2,0,0,0,4,37.25,21.24,"12/18/2019","4/14/2020",-15.392,28.583,1100,"Rainfed","ZamSeed","Private"
"Zambia",2019,"E0106","G064","L076",2,0,152,0,57.33333333,"Purple","Tawny",111.6666667,4,0,1,109.0666667,24,1499.883333,0,0,0,0,0,0,0,1,0,0,0,2,42.83,18.985,"12/18/2019","4/14/2020",-15.392,28.583,1100,"Rainfed","Makerere University","Public"
"Zambia",2019,"E0106","G065","L076",2,0,137,0,46.33333333,"Purple","Grey",107.6666667,5,0,1,80.66666667,20,2701.11,0,0,0,0,0,0,0,1,0,0,0,3,40.395,18.57,"12/18/2019","4/14/2020",-15.392,28.583,1100,"Rainfed","Department of Agricultural Research Services DARS","Public"
"Zambia",2019,"E0106","G068","L076",2,0,187.3333333,0,39.33333333,"White","Tawny",105,2,0,1,59.13333333,16.66666667,3420.08,0,0,0,0,0,0,0,2,0,0,0,4,40.755,19.795,"12/18/2019","4/14/2020",-15.392,28.583,1100,"Rainfed","Crop Breeding Institute CBI","Public"
"Zambia",2019,"E0106","G074","L076",2,0,202.6666667,0,45.33333333,NA,"Grey",110.6666667,4,0,1,81,20.33333333,2539.423333,0,0,0,0,0,0,0,2,0,0,0,3,39.375,19.595,"12/18/2019","4/14/2020",-15.392,28.583,1100,"Rainfed","Department of Agricultural Research Services DARS","Public"
"Zambia",2019,"E0106","G092","L076",2,0,128,0,47.66666667,"Purple","Grey",109,3,0,1,80.33333333,21.66666667,3701.34,0,0,0,0,0,0,0,1,0,0,0,2,39.96,21.33,"12/18/2019","4/14/2020",-15.392,28.583,1100,"Rainfed","SeedCo","Private"
"Zambia",2019,"E0106","G098","L076",2,0,169.3333333,0,43.33333333,"Purple","Tawny",108,2,0,1,68.2,21.66666667,3925.17,0,0,0,0,0,0,0,2,0,0,0,3,40.42,21.245,"12/18/2019","4/14/2020",-15.392,28.583,1100,"Rainfed","SeedCo","Private"
"Zambia",2019,"E0106","G101","L076",2,0,116,0,47.33333333,"Purple","Tawny",111,3,0,1,69.73333333,21.66666667,2565.133333,0,0,0,0,0,0,0,3,0,0,0,2,39.805,20.285,"12/18/2019","4/14/2020",-15.392,28.583,1100,"Rainfed","SeedCo","Private"
"Zambia",2019,"E0106","G107","L076",2,0,198.3333333,0,46.66666667,"Purple","Tawny",111,1,0,1,68.4,20.33333333,2599.846667,0,0,0,0,0,0,0,2,0,0,0,3,41.49,20.63,"12/18/2019","4/14/2020",-15.392,28.583,1100,"Rainfed","SeedCo","Private"
"Zambia",2019,"E0106","G133","L076",2,0,161.6666667,0,53.33333333,"Purple","Tawny",113.3333333,2,0,1,84.06666667,23,3177.2,0,0,0,0,0,0,0,2,0,0,0,3,42.225,19.905,"12/18/2019","4/14/2020",-15.392,28.583,1100,"Rainfed","SeedCo","Private"
"Zambia",2019,"E0106","G134","L076",2,0,205.6666667,0,45.33333333,"Purple","Tawny",106.3333333,5,0,1,71.26666667,22.66666667,3253.446667,0,0,0,0,0,0,0,2,0,0,0,2,40.015,20.13,"12/18/2019","4/14/2020",-15.392,28.583,1100,"Rainfed","SeedCo","Private"
"Zambia",2019,"E0106","G137","L076",2,1,79,0,46.66666667,"Purple","Grey",109.3333333,4,0,1,73.33333333,20,1967.24,0,0,0,0,0,0,0,2,0,0,0,3,39.23,21.265,"12/18/2019","4/14/2020",-15.392,28.583,1100,"Rainfed","SeedCo","Private"
"Zambia",2019,"E0106","G138","L076",2,0,141.6666667,0,42,"Purple","Grey",104.3333333,2,0,1,78.1,23,3377.166667,0,0,0,0,0,0,0,4,0,0,0,3,39.355,20.77,"12/18/2019","4/14/2020",-15.392,28.583,1100,"Rainfed","SeedCo","Private"
"Zambia",2019,"E0106","G141","L076",2,0,168.3333333,0,44.33333333,"Purple","Grey",106.3333333,3,0,1,92.4,23.33333333,3436.32,0,0,0,0,0,0,0,2,0,0,0,2,41.08,19.855,"12/18/2019","4/14/2020",-15.392,28.583,1100,"Rainfed","SeedCo","Private"
"Zambia",2019,"E0106","G143","L076",2,0,251,0,42.66666667,"White","Tawny",107.3333333,2,0,1,87.26666667,23.66666667,2714.366667,0,0,0,0,0,0,0,2,0,0,0,3,39.665,21.125,"12/18/2019","4/14/2020",-15.392,28.583,1100,"Rainfed","SeedCo","Private"
"Zambia",2019,"E0106","G144","L076",2,0,131.6666667,0,41.66666667,"Purple","Grey",108.6666667,2,0,1,60.66666667,25.33333333,3616.36,0,0,0,0,0,0,0,2,0,0,0,4,38.4,20.965,"12/18/2019","4/14/2020",-15.392,28.583,1100,"Rainfed","SeedCo","Private"
"Zambia",2019,"E0106","G145","L076",2,0,167.6666667,0,46.66666667,"Purple","Tawny",113,4,0,1.666666667,89.53333333,20,2013.333333,0,0,0,0,0,0,0,1,0,0,0,2,38.54,19.95,"12/18/2019","4/14/2020",-15.392,28.583,1100,"Rainfed","SeedCo","Private"
"Zambia",2019,"E0106","G146","L076",2,0,126.6666667,0,43,"Purple","Tawny",111,3,0,1,81.06666667,19.66666667,2516.896667,0,0,0,0,0,0,0,2,0,0,0,2,38.425,20.795,"12/18/2019","4/14/2020",-15.392,28.583,1100,"Rainfed","SeedCo","Private"
"Zambia",2019,"E0106","G148","L076",2,0,219,0,43.66666667,"Purple","Grey",109,1,0,1,65.66666667,16.66666667,2726.513333,0,0,0,0,0,0,0,2,0,0,0,3,38.085,21.815,"12/18/2019","4/14/2020",-15.392,28.583,1100,"Rainfed","SeedCo","Private"
"Zambia",2019,"E0106","G188","L076",2,0,196.6666667,0,44.66666667,"Purple","Tawny",94.66666667,4,0,1,90.8,17,3155.17,0,0,0,0,0,0,0,1,0,0,0,1,39.88,18.97,"12/18/2019","4/14/2020",-15.392,28.583,1100,"Rainfed","International Institute of Tropical Agriculture IITA","Public"
"Zambia",2019,"E0106","G198","L076",2,0,145,0,43.33333333,"Purple","Tawny",108.6666667,2,0,1,75.86666667,22.66666667,2756.053333,0,0,0,0,0,0,0,2,0,0,0,2,39.445,21.625,"12/18/2019","4/14/2020",-15.392,28.583,1100,"Rainfed","International Institute of Tropical Agriculture IITA","Public"
"Zambia",2019,"E0106","G199","L076",2,0,117,0,56,"Purple","Tawny",111.3333333,5,0,1.666666667,84.6,20.66666667,1904.366667,0,0,0,0,0,0,0,2,0,0,0,3,41.245,17.815,"12/18/2019","4/14/2020",-15.392,28.583,1100,"Rainfed","International Institute of Tropical Agriculture IITA","Public"
"Zambia",2019,"E0106","G200","L076",2,0,149.3333333,0,48,"Purple","Tawny",104,4,0,1,85.93333333,20.66666667,2805.29,0,0,0,0,0,0,0,2,0,0,0,2,41.13,18.865,"12/18/2019","4/14/2020",-15.392,28.583,1100,"Rainfed","International Institute of Tropical Agriculture IITA","Public"
"Zambia",2019,"E0106","G206","L076",2,0,127.6666667,0,44,"White","Tawny",110.3333333,2,0,1,70.06666667,24.33333333,2511.533333,0,0,0,0,0,0,0,3,0,0,0,3,38.585,21.89,"12/18/2019","4/14/2020",-15.392,28.583,1100,"Rainfed","International Institute of Tropical Agriculture IITA","Public"
"Zambia",2019,"E0106","G207","L076",2,0,191.6666667,0,48.33333333,"Purple","Grey",102.6666667,4,0,1,82.06666667,20.66666667,2223.6,0,0,0,0,0,0,0,1,0,0,0,3,40.13,19.255,"12/18/2019","4/14/2020",-15.392,28.583,1100,"Rainfed","International Institute of Tropical Agriculture IITA","Public"
"Zambia",2019,"E0106","G208","L076",2,0,99,0,40.66666667,"Purple","Grey",99,2,0,1,66.93333333,18,2819.31,0,0,0,0,0,0,0,3,0,0,0,3,42.905,18.54,"12/18/2019","4/14/2020",-15.392,28.583,1100,"Rainfed","International Institute of Tropical Agriculture IITA","Public"
"Zambia",2019,"E0106","G210","L076",2,0,128.3333333,0,43.66666667,"Purple","Grey",105,3,0,1,69.46666667,23,3363.256667,0,0,0,0,0,0,0,3,0,0,0,2,39.54,20.605,"12/18/2019","4/14/2020",-15.392,28.583,1100,"Rainfed","International Institute of Tropical Agriculture IITA","Public"
"Zambia",2019,"E0106","G214","L076",2,0,206.3333333,0,45.33333333,"Purple","Tawny",102.6666667,5,0,1,77.86666667,14.33333333,3132.57,0,0,0,0,0,0,0,1,0,0,0,2,39.565,19.81,"12/18/2019","4/14/2020",-15.392,28.583,1100,"Rainfed","International Institute of Tropical Agriculture IITA","Public"
"Zambia",2019,"E0106","G215","L076",2,0,146,0,47.66666667,"Purple","Tawny",106,5,0,1,89.8,19.66666667,2494.406667,0,0,0,0,0,0,0,1,0,0,0,2,41.11,18.245,"12/18/2019","4/14/2020",-15.392,28.583,1100,"Rainfed","International Institute of Tropical Agriculture IITA","Public"
"Zambia",2019,"E0106","G216","L076",2,0,143.3333333,0,44,"White","Tawny",110.3333333,2,0,1,78.66666667,23.33333333,3044.033333,0,0,0,0,0,0,0,2,0,0,0,3,39.835,21.145,"12/18/2019","4/14/2020",-15.392,28.583,1100,"Rainfed","International Institute of Tropical Agriculture IITA","Public"
"Zambia",2019,"E0106","G233","L076",2,0,187.3333333,0,40.66666667,"White","Tawny",108,5,0,1,91.86666667,22.33333333,3512.183333,0,0,0,0,0,0,0,1,0,0,0,3,39.955,20.475,"12/18/2019","4/14/2020",-15.392,28.583,1100,"Rainfed","International Institute of Tropical Agriculture IITA","Public"
"Zambia",2019,"E0106","G235","L076",2,0,134.3333333,0,46.66666667,"Purple","Tawny",106.3333333,2,0,1,69.06666667,21.33333333,2841.763333,0,0,0,0,0,0,0,1,0,0,0,2,38.22,21.315,"12/18/2019","4/14/2020",-15.392,28.583,1100,"Rainfed","International Institute of Tropical Agriculture IITA","Public"
"Zambia",2019,"E0106","G237","L076",2,0,152,0,44.66666667,"Purple","Grey",107,5,0,1,75.06666667,22.66666667,2767.933333,0,0,0,0,0,0,0,2,0,0,0,3,40.81,18.85,"12/18/2019","4/14/2020",-15.392,28.583,1100,"Rainfed","International Institute of Tropical Agriculture IITA","Public"
"Zambia",2019,"E0106","G246","L076",2,0,128.3333333,0,40.66666667,"Purple","Grey",102.6666667,4,0,1,65.66666667,23.33333333,3110.19,0,0,0,0,0,0,0,2,0,0,0,3,43.74,18.805,"12/18/2019","4/14/2020",-15.392,28.583,1100,"Rainfed","International Institute of Tropical Agriculture IITA","Public"
"Zambia",2019,"E0105","G006","L075",2,0,90,0,44.66666667,"Purple","Grey",110.6666667,1,0,1,34.06666667,29.66666667,1398.466667,0,0,0,0,0,0,0,3,0,0,0,4,40.005,20.51,"12/5/2019","4/27/2020",-15.336,28.526,1140,"Rainfed","Agricultural Research Council ARC","Public"
"Zambia",2019,"E0105","G018","L075",2,0,41,0,50.66666667,"Purple","Tawny",129.3333333,2,0,1,31,25,1008.543333,0,0,0,0,0,0,0,1,0,0,0,4,42.64,21.11,"12/5/2019","4/27/2020",-15.336,28.526,1140,"Rainfed","Ethiopian Institute of Agricultural Research EIAR","Public"
"Zambia",2019,"E0105","G033","L075",2,1,97.66666667,0,45,"Purple","Tawny",109.6666667,1,0,1,44.86666667,21.33333333,1151.34,0,0,0,0,0,0,0,1,0,0,0,5,39.255,19.425,"12/5/2019","4/27/2020",-15.336,28.526,1140,"Rainfed","International Institute of Tropical Agriculture IITA","Public"
"Zambia",2019,"E0105","G034","L075",2,1,36,0,53.66666667,"Purple","Tawny",127.3333333,2,0,1,33.06666667,24,890.3666667,0,0,0,0,0,0,0,1,0,0,0,4,41.92,20.31,"12/5/2019","4/27/2020",-15.336,28.526,1140,"Rainfed","ZamSeed","Private"
"Zambia",2019,"E0105","G036","L075",2,0,72.66666667,0,28.33333333,"Purple","Tawny",68.33333333,3,0,1,19.2,16,525.175,0,0,0,0,0,0,0,3,0,0,0,3,41.63,19.655,"12/5/2019","4/27/2020",-15.336,28.526,1140,"Rainfed","Kenya Agricultural  Livestock Research Organization KALRO","Public"
"Zambia",2019,"E0105","G039","L075",2,0,82,0,43.66666667,"Purple","Grey",109,3,0,1,40.66666667,23,1148.316667,0,0,0,0,0,0,0,4,0,0,0,3,38.285,22.17,"12/5/2019","4/27/2020",-15.336,28.526,1140,"Rainfed","Kenya Agricultural  Livestock Research Organization KALRO","Public"
"Zambia",2019,"E0105","G056","L075",2,1,14.66666667,0,46,"Purple","Grey",117.3333333,2,0,1,30.53333333,24.66666667,560.42,0,0,0,0,0,0,0,1,0,0,0,3,37.975,21.095,"12/5/2019","4/27/2020",-15.336,28.526,1140,"Rainfed","ZamSeed","Private"
"Zambia",2019,"E0105","G064","L075",2,0,75.66666667,0,44,"Purple","Tawny",116.6666667,1,0,1,74.66666667,27.66666667,909.6933333,0,0,0,0,0,0,0,1,0,0,0,3,42.61,19.415,"12/5/2019","4/27/2020",-15.336,28.526,1140,"Rainfed","Makerere University","Public"
"Zambia",2019,"E0105","G065","L075",2,0,81.66666667,0,47.66666667,"Purple","Grey",119.6666667,1,0,1,49.93333333,24.66666667,1051.033333,0,0,0,0,0,0,0,1,0,0,0,5,40.7,18.805,"12/5/2019","4/27/2020",-15.336,28.526,1140,"Rainfed","Department of Agricultural Research Services DARS","Public"
"Zambia",2019,"E0105","G068","L075",2,0,97,0,43,"White","Tawny",109.3333333,2,0,1,32,23.66666667,1216.473333,0,0,0,0,0,0,0,1,0,0,0,5,40.31,19.125,"12/5/2019","4/27/2020",-15.336,28.526,1140,"Rainfed","Crop Breeding Institute CBI","Public"
"Zambia",2019,"E0105","G074","L075",2,0,79.66666667,0,52.33333333,"Purple","Grey",123.6666667,1,0,1,48.6,27.66666667,941.8766667,0,0,0,0,0,0,0,1,0,0,0,4,40.15,18.825,"12/5/2019","4/27/2020",-15.336,28.526,1140,"Rainfed","Department of Agricultural Research Services DARS","Public"
"Zambia",2019,"E0105","G092","L075",2,0,55.33333333,0,56.33333333,"Purple","Grey",122.6666667,1,0,1,48.86666667,29.33333333,1290.843333,0,0,0,0,0,0,0,1,0,0,0,3,41.19,20.39,"12/5/2019","4/27/2020",-15.336,28.526,1140,"Rainfed","SeedCo","Private"
"Zambia",2019,"E0105","G098","L075",2,0,51.66666667,0,44,"Purple","Tawny",111.6666667,2,0,1,30.86666667,29,1014.176667,0,0,0,0,0,0,0,1,0,0,0,4,40.67,20.955,"12/5/2019","4/27/2020",-15.336,28.526,1140,"Rainfed","SeedCo","Private"
"Zambia",2019,"E0105","G101","L075",2,0,45.33333333,0,52.33333333,"Purple","Tawny",121.6666667,1,0,1,34.53333333,25,1117.586667,0,0,0,0,0,0,0,1,0,0,0,3,40.18,20.455,"12/5/2019","4/27/2020",-15.336,28.526,1140,"Rainfed","SeedCo","Private"
"Zambia",2019,"E0105","G107","L075",2,0,129.3333333,0,52.33333333,"Purple","Tawny",121.6666667,2,0,1,51.2,24.66666667,1394.406667,0,0,0,0,0,0,0,1,0,0,0,2,41.425,20.68,"12/5/2019","4/27/2020",-15.336,28.526,1140,"Rainfed","SeedCo","Private"
"Zambia",2019,"E0105","G133","L075",2,0,163.6666667,0,58,"Purple","Tawny",127.3333333,1,0,1,61.33333333,26.66666667,1393.216667,0,0,0,0,0,0,0,1,0,0,0,2,43.76,17.92,"12/5/2019","4/27/2020",-15.336,28.526,1140,"Rainfed","SeedCo","Private"
"Zambia",2019,"E0105","G134","L075",2,0,135.6666667,0,48.66666667,"Purple","Tawny",109.6666667,3,0,1,57.53333333,25.66666667,1918.39,0,0,0,0,0,0,0,1,0,0,0,2,40.555,20.38,"12/5/2019","4/27/2020",-15.336,28.526,1140,"Rainfed","SeedCo","Private"
"Zambia",2019,"E0105","G137","L075",2,1,46.66666667,0,49.66666667,"Purple","Grey",117.3333333,1,0,1,43.8,25.66666667,977.24,0,0,0,0,0,0,0,1,0,0,0,3,39.575,21.405,"12/5/2019","4/27/2020",-15.336,28.526,1140,"Rainfed","SeedCo","Private"
"Zambia",2019,"E0105","G138","L075",2,0,67,0,43,"Purple","Grey",119.3333333,2,0,1,55.2,29,1395.976667,0,0,0,0,0,0,0,2,0,0,0,3,40.16,20.17,"12/5/2019","4/27/2020",-15.336,28.526,1140,"Rainfed","SeedCo","Private"
"Zambia",2019,"E0105","G141","L075",2,0,125.6666667,0,44.33333333,"Purple","Grey",116,2,0,1,51.13333333,28,1568.353333,0,0,0,0,0,0,0,1,0,0,0,3,40.12,20.77,"12/5/2019","4/27/2020",-15.336,28.526,1140,"Rainfed","SeedCo","Private"
"Zambia",2019,"E0105","G143","L075",2,0,146.6666667,0,44.33333333,"White","Tawny",111.6666667,1,0,1,51,25.66666667,1152.99,0,0,0,0,0,0,0,1,0,0,0,4,40.335,21.135,"12/5/2019","4/27/2020",-15.336,28.526,1140,"Rainfed","SeedCo","Private"
"Zambia",2019,"E0105","G144","L075",2,0,84,0,44,"Purple","Grey",111.6666667,2,0,1,33.26666667,28.33333333,1219.386667,0,0,0,0,0,0,0,2,0,0,0,4,39.325,20.68,"12/5/2019","4/27/2020",-15.336,28.526,1140,"Rainfed","SeedCo","Private"
"Zambia",2019,"E0105","G145","L075",2,0,84.33333333,0,49.66666667,"Purple","Tawny",128.3333333,1,0,1,63.03333333,24.66666667,1186.78,0,0,0,0,0,0,0,1,0,0,0,2,40.945,19.515,"12/5/2019","4/27/2020",-15.336,28.526,1140,"Rainfed","SeedCo","Private"
"Zambia",2019,"E0105","G146","L075",2,0,63.66666667,0,42.33333333,"Purple","Tawny",128,1,0,1,43.73333333,23.66666667,975.6333333,0,0,0,0,0,0,0,1,0,0,0,2,40.305,20.055,"12/5/2019","4/27/2020",-15.336,28.526,1140,"Rainfed","SeedCo","Private"
"Zambia",2019,"E0105","G148","L075",2,0,54.33333333,0,47,"Purple","Grey",117.3333333,1,0,1,35.66666667,22.66666667,766.3566667,0,0,0,0,0,0,0,1,0,0,0,3,40.525,20.11,"12/5/2019","4/27/2020",-15.336,28.526,1140,"Rainfed","SeedCo","Private"
"Zambia",2019,"E0105","G188","L075",2,0,128.3333333,0,52.33333333,"Purple","Tawny",111,3,0,1,39.06666667,30.33333333,873.5633333,0,0,0,0,0,0,0,1,0,0,0,5,40.385,18.845,"12/5/2019","4/27/2020",-15.336,28.526,1140,"Rainfed","International Institute of Tropical Agriculture IITA","Public"
"Zambia",2019,"E0105","G198","L075",2,0,68,0,50,"Purple","Tawny",127,1,0,1,40.8,28.66666667,940.3433333,0,0,0,0,0,0,0,1,0,0,0,5,39.805,21.785,"12/5/2019","4/27/2020",-15.336,28.526,1140,"Rainfed","International Institute of Tropical Agriculture IITA","Public"
"Zambia",2019,"E0105","G199","L075",2,0,26,0,57.33333333,"Purple","Tawny",128.3333333,1,0,1,46.9,24.66666667,733.56,0,0,0,0,0,0,0,1,0,0,0,2,42.38,16.13,"12/5/2019","4/27/2020",-15.336,28.526,1140,"Rainfed","International Institute of Tropical Agriculture IITA","Public"
"Zambia",2019,"E0105","G200","L075",2,0,70,0,55.66666667,"Purple","Tawny",112,2,0,1,50.13333333,23.66666667,1047.47,0,0,0,0,0,0,0,1,0,0,0,3,41.88,17.84,"12/5/2019","4/27/2020",-15.336,28.526,1140,"Rainfed","International Institute of Tropical Agriculture IITA","Public"
"Zambia",2019,"E0105","G206","L075",2,0,82.66666667,0,47.33333333,"White","Tawny",127.3333333,1,0,1,48.96666667,28,1010,0,0,0,0,0,0,0,1,0,0,0,4,39.325,21.5,"12/5/2019","4/27/2020",-15.336,28.526,1140,"Rainfed","International Institute of Tropical Agriculture IITA","Public"
"Zambia",2019,"E0105","G207","L075",2,0,76.33333333,0,56.66666667,"Purple","Grey",114,1,0,1,38,26.66666667,972.72,0,0,0,0,0,0,0,1,0,0,0,4,41.675,17.905,"12/5/2019","4/27/2020",-15.336,28.526,1140,"Rainfed","International Institute of Tropical Agriculture IITA","Public"
"Zambia",2019,"E0105","G208","L075",2,0,83.66666667,0,55.33333333,"Purple","Grey",117,1,0,1,56,27.66666667,1041.073333,0,0,0,0,0,0,0,1,0,0,0,4,43.06,18.565,"12/5/2019","4/27/2020",-15.336,28.526,1140,"Rainfed","International Institute of Tropical Agriculture IITA","Public"
"Zambia",2019,"E0105","G210","L075",2,0,56.66666667,0,44,"Purple","Grey",111.3333333,3,0,1.333333333,43.33333333,29,1153.563333,0,0,0,0,0,0,0,1,0,0,0,4,40.8,20.79,"12/5/2019","4/27/2020",-15.336,28.526,1140,"Rainfed","International Institute of Tropical Agriculture IITA","Public"
"Zambia",2019,"E0105","G214","L075",2,0,98.66666667,0,53.33333333,"Purple","Tawny",120.6666667,3,0,1,36.6,24.66666667,909.4266667,0,0,0,0,0,0,0,1,0,0,0,3,40.295,19.23,"12/5/2019","4/27/2020",-15.336,28.526,1140,"Rainfed","International Institute of Tropical Agriculture IITA","Public"
"Zambia",2019,"E0105","G215","L075",2,0,68,0,54.33333333,"Purple","Tawny",119.6666667,2,0,1,49.06666667,26.66666667,907.0866667,0,0,0,0,0,0,0,1,0,0,0,2,41.945,17.435,"12/5/2019","4/27/2020",-15.336,28.526,1140,"Rainfed","International Institute of Tropical Agriculture IITA","Public"
"Zambia",2019,"E0105","G216","L075",2,0,65.33333333,0,49.33333333,"White","Tawny",128.3333333,1,0,1,46,31.33333333,1045.86,0,0,0,0,0,0,0,1,0,0,0,3,40.88,21.52,"12/5/2019","4/27/2020",-15.336,28.526,1140,"Rainfed","International Institute of Tropical Agriculture IITA","Public"
"Zambia",2019,"E0105","G233","L075",2,0,101,0,46.33333333,"White","Tawny",120,1,0,1,53.06666667,25.33333333,1708.39,0,0,0,0,0,0,0,1,0,0,0,3,41.215,20.525,"12/5/2019","4/27/2020",-15.336,28.526,1140,"Rainfed","International Institute of Tropical Agriculture IITA","Public"
"Zambia",2019,"E0105","G235","L075",2,0,130.6666667,0,46.33333333,"Purple","Tawny",109.6666667,2,0,1,39.4,24,1086.166667,0,0,0,0,0,0,0,1,0,0,0,5,38.145,21.85,"12/5/2019","4/27/2020",-15.336,28.526,1140,"Rainfed","International Institute of Tropical Agriculture IITA","Public"
"Zambia",2019,"E0105","G237","L075",2,0,50,0,47.66666667,"Purple","Grey",117.3333333,3,0,1,53.86666667,24.66666667,1362.3,0,0,0,0,0,0,0,1,0,0,0,3,41.16,18.395,"12/5/2019","4/27/2020",-15.336,28.526,1140,"Rainfed","International Institute of Tropical Agriculture IITA","Public"
"Zambia",2019,"E0105","G246","L075",2,0,50,0,45.66666667,"Purple","Grey",115,1,0,1,46.4,29,1673.45,0,0,0,0,0,0,0,1,0,0,0,4,41.415,20.25,"12/5/2019","4/27/2020",-15.336,28.526,1140,"Rainfed","International Institute of Tropical Agriculture IITA","Public"
"Zambia",2019,"E0103","G006","L073",2,0,0,0,48,"Purple","Grey",101.6666667,2,0,3.333333333,57.06666667,19,2597.056667,2,2,0,0,0,0,0,1,0,1,0,2,39.625,19.935,"12/14/2019","4/7/2020",-15.298,28.303,1190,"Rainfed","Agricultural Research Council ARC","Public"
"Zambia",2019,"E0103","G018","L073",2,0,0,0,49.66666667,"Purple","Tawny",102.3333333,1,0,3,53.5,15.33333333,1990.83,1,1,0,0,0,0,0,1,0,1,0,2,42.52,20.47,"12/14/2019","4/7/2020",-15.298,28.303,1190,"Rainfed","Ethiopian Institute of Agricultural Research EIAR","Public"
"Zambia",2019,"E0103","G033","L073",2,1,0,0,44.33333333,"Purple","Tawny",96.33333333,3,0,3.333333333,67.56666667,12.66666667,2305.75,1,2,0,0,0,0,0,1,0,1,0,2,41.475,19.305,"12/14/2019","4/7/2020",-15.298,28.303,1190,"Rainfed","International Institute of Tropical Agriculture IITA","Public"
"Zambia",2019,"E0103","G034","L073",2,1,0,0,52.33333333,"Purple","Tawny",107.6666667,1,0,2,57.76666667,13.33333333,2175.706667,3,1,0,0,0,0,0,1,0,1,0,2,42.53,20.685,"12/14/2019","4/7/2020",-15.298,28.303,1190,"Rainfed","ZamSeed","Private"
"Zambia",2019,"E0103","G036","L073",2,0,0,0,41,"Purple","Tawny",93.33333333,1,0,4,36.53333333,17.33333333,2040.77,2,1,0,0,0,0,0,1,0,1,0,2,41.27,20.655,"12/14/2019","4/7/2020",-15.298,28.303,1190,"Rainfed","Kenya Agricultural  Livestock Research Organization KALRO","Public"
"Zambia",2019,"E0103","G039","L073",2,0,0,0,47,"Purple","Grey",101,3,0,2.333333333,61.2,15,2151.476667,3,1,0,0,0,0,0,1,0,1,0,2,39.83,20.065,"12/14/2019","4/7/2020",-15.298,28.303,1190,"Rainfed","Kenya Agricultural  Livestock Research Organization KALRO","Public"
"Zambia",2019,"E0103","G056","L073",2,1,0,0,49,"Purple","Grey",101.6666667,1,0,2.666666667,41.1,16,1215.956667,1,1,0,0,0,0,0,1,0,1,0,2,38.39,21.105,"12/14/2019","4/7/2020",-15.298,28.303,1190,"Rainfed","ZamSeed","Private"
"Zambia",2019,"E0103","G064","L073",2,0,0,0,58.66666667,"Purple","Tawny",113,2,0,2,87.6,16.33333333,2132.086667,2,1,0,0,0,0,0,1,0,1,0,2,42.79,19.665,"12/14/2019","4/7/2020",-15.298,28.303,1190,"Rainfed","Makerere University","Public"
"Zambia",2019,"E0103","G065","L073",2,0,0,0,50.66666667,"Purple","Grey",101.6666667,1,0,2,59.5,14,1784.083333,3,1,0,0,0,0,0,1,0,1,0,2,42.95,17.925,"12/14/2019","4/7/2020",-15.298,28.303,1190,"Rainfed","Department of Agricultural Research Services DARS","Public"
"Zambia",2019,"E0103","G068","L073",2,0,0,0,44.33333333,"White","Tawny",99.33333333,1,0,2,56.9,14.66666667,1943.043333,3,1,0,0,0,0,0,1,0,1,0,3,40.7,20.29,"12/14/2019","4/7/2020",-15.298,28.303,1190,"Rainfed","Crop Breeding Institute CBI","Public"
"Zambia",2019,"E0103","G074","L073",2,0,0,0,49.66666667,"Purple","Grey",103,2,0,1.333333333,79.23333333,14.66666667,2566.406667,2,1,0,0,0,0,0,1,0,1,0,2,41.735,18.855,"12/14/2019","4/7/2020",-15.298,28.303,1190,"Rainfed","Department of Agricultural Research Services DARS","Public"
"Zambia",2019,"E0103","G092","L073",2,0,0,0,50,"Purple","Grey",103.6666667,1,0,1,81.93333333,16.66666667,2673.773333,3,1,0,0,0,0,0,1,0,1,0,3,40.91,20.555,"12/14/2019","4/7/2020",-15.298,28.303,1190,"Rainfed","SeedCo","Private"
"Zambia",2019,"E0103","G098","L073",2,0,0,0,49.66666667,"Purple","Tawny",101,1,0,2.666666667,58.2,16,2266.58,4,1,0,0,0,0,0,1,0,1,0,2,40.745,20.405,"12/14/2019","4/7/2020",-15.298,28.303,1190,"Rainfed","SeedCo","Private"
"Zambia",2019,"E0103","G101","L073",2,0,0,0,50.66666667,"Purple","Tawny",103,1,0,2,53.66666667,14.66666667,2313.743333,1,5,0,0,0,0,0,1,0,1,0,4,40.69,19.3,"12/14/2019","4/7/2020",-15.298,28.303,1190,"Rainfed","SeedCo","Private"
"Zambia",2019,"E0103","G107","L073",2,0,0,0,50.33333333,"Purple","Tawny",103.3333333,1,0,1,60.3,13.66666667,2446.653333,3,1,0,0,0,0,0,1,0,1,0,2,41.2,20.475,"12/14/2019","4/7/2020",-15.298,28.303,1190,"Rainfed","SeedCo","Private"
"Zambia",2019,"E0103","G133","L073",2,0,0,0,48.33333333,"Purple","Tawny",103.6666667,1,0,3,54.46666667,16.33333333,2781.49,2,2,0,0,0,0,0,1,0,1,0,3,41.505,19.93,"12/14/2019","4/7/2020",-15.298,28.303,1190,"Rainfed","SeedCo","Private"
"Zambia",2019,"E0103","G134","L073",2,0,0,0,49.66666667,"Purple","Tawny",104,1,0,2.666666667,51.06666667,12.66666667,1598.206667,1,2,0,0,0,0,0,1,0,1,0,3,40.475,20.455,"12/14/2019","4/7/2020",-15.298,28.303,1190,"Rainfed","SeedCo","Private"
"Zambia",2019,"E0103","G137","L073",2,1,0,0,50,"Purple","Grey",102.6666667,1,0,1,68.43333333,16,2207.29,1,2,0,0,0,0,0,1,0,1,0,2,40.28,20.855,"12/14/2019","4/7/2020",-15.298,28.303,1190,"Rainfed","SeedCo","Private"
"Zambia",2019,"E0103","G138","L073",2,0,0,0,47.66666667,"Purple","Grey",101.3333333,3,0,2.333333333,76.1,17.33333333,2688.746667,1,1,0,0,0,0,0,1,0,1,0,4,39.66,20.365,"12/14/2019","4/7/2020",-15.298,28.303,1190,"Rainfed","SeedCo","Private"
"Zambia",2019,"E0103","G141","L073",2,0,0,0,48.66666667,"Purple","Grey",101.3333333,2,0,2,62,15.33333333,1890.056667,2,1,0,0,0,0,0,1,0,1,0,2,41.995,18.96,"12/14/2019","4/7/2020",-15.298,28.303,1190,"Rainfed","SeedCo","Private"
"Zambia",2019,"E0103","G143","L073",2,0,0,0,49,"White","Tawny",102.3333333,1,0,1.333333333,59.36666667,18,2414.44,3,1,0,0,0,0,0,1,0,1,0,2,41.04,20.23,"12/14/2019","4/7/2020",-15.298,28.303,1190,"Rainfed","SeedCo","Private"
"Zambia",2019,"E0103","G144","L073",2,0,0,0,48.66666667,"Purple","Grey",100.6666667,2,0,2,62.43333333,20.66666667,3265.62,1,1,0,0,0,0,0,1,0,1,0,2,38.99,20.54,"12/14/2019","4/7/2020",-15.298,28.303,1190,"Rainfed","SeedCo","Private"
"Zambia",2019,"E0103","G145","L073",2,0,0,0,49.66666667,"Purple","Tawny",104,1,0,1,79.33333333,14.66666667,2574.436667,1,2,0,0,0,0,0,1,0,1,0,3,38.975,18.825,"12/14/2019","4/7/2020",-15.298,28.303,1190,"Rainfed","SeedCo","Private"
"Zambia",2019,"E0103","G146","L073",2,0,0,0,49.33333333,"Purple","Tawny",102.3333333,1,0,2,73.03333333,16.66666667,2219.463333,1,1,0,0,0,0,0,1,0,1,0,2,39.125,21.01,"12/14/2019","4/7/2020",-15.298,28.303,1190,"Rainfed","SeedCo","Private"
"Zambia",2019,"E0103","G148","L073",2,0,0,0,49.66666667,"Purple","Grey",103.3333333,1,0,1,62.33333333,11.66666667,2970.936667,2,2,0,0,0,0,0,1,0,1,0,2,40.665,20.44,"12/14/2019","4/7/2020",-15.298,28.303,1190,"Rainfed","SeedCo","Private"
"Zambia",2019,"E0103","G188","L073",2,0,0,0,49.66666667,"Purple","Tawny",101,2,0,3.666666667,61.73333333,12,2400.65,1,2,0,0,0,0,0,1,0,1,0,2,41.23,19.485,"12/14/2019","4/7/2020",-15.298,28.303,1190,"Rainfed","International Institute of Tropical Agriculture IITA","Public"
"Zambia",2019,"E0103","G198","L073",2,0,0,0,48,"Purple","Tawny",101.3333333,2,0,3.333333333,66.13333333,19.66666667,2445.786667,1,1,0,0,0,0,0,1,0,1,0,3,39.075,21.505,"12/14/2019","4/7/2020",-15.298,28.303,1190,"Rainfed","International Institute of Tropical Agriculture IITA","Public"
"Zambia",2019,"E0103","G199","L073",2,0,0,0,59,"Purple","Tawny",112.6666667,3,0,1.666666667,69.1,14.66666667,1709.283333,2,1,0,0,0,0,0,1,0,1,0,2,43.375,18.16,"12/14/2019","4/7/2020",-15.298,28.303,1190,"Rainfed","International Institute of Tropical Agriculture IITA","Public"
"Zambia",2019,"E0103","G200","L073",2,0,0,0,51.66666667,"Purple","Tawny",105.6666667,2,0,2,76.26666667,13,2195.356667,2,1,0,0,0,0,0,1,0,1,0,2,44.22,17.31,"12/14/2019","4/7/2020",-15.298,28.303,1190,"Rainfed","International Institute of Tropical Agriculture IITA","Public"
"Zambia",2019,"E0103","G206","L073",2,0,0,0,49.66666667,"White","Tawny",103,1,0,1,75.3,19.66666667,2525.646667,2,1,0,0,0,0,0,1,0,1,0,2,39.22,21.83,"12/14/2019","4/7/2020",-15.298,28.303,1190,"Rainfed","International Institute of Tropical Agriculture IITA","Public"
"Zambia",2019,"E0103","G207","L073",2,0,0,0,50.33333333,"Purple","Grey",104,2,0,1.333333333,75.13333333,11.66666667,2169.413333,2,1,0,0,0,0,0,1,0,1,0,2,43.525,18.185,"12/14/2019","4/7/2020",-15.298,28.303,1190,"Rainfed","International Institute of Tropical Agriculture IITA","Public"
"Zambia",2019,"E0103","G208","L073",2,0,0,0,46.33333333,"Purple","Grey",99.66666667,2,0,3,59.3,15.66666667,2124.646667,2,1,0,0,0,0,0,1,0,1,0,3,43.47,18.48,"12/14/2019","4/7/2020",-15.298,28.303,1190,"Rainfed","International Institute of Tropical Agriculture IITA","Public"
"Zambia",2019,"E0103","G210","L073",2,0,0,0,47.66666667,"Purple","Grey",101.6666667,1,0,2.333333333,55.1,16.66666667,1935.433333,1,2,0,0,0,0,0,1,0,1,0,3,40.795,20.065,"12/14/2019","4/7/2020",-15.298,28.303,1190,"Rainfed","International Institute of Tropical Agriculture IITA","Public"
"Zambia",2019,"E0103","G214","L073",2,0,0,0,48,"Purple","Tawny",100,2,0,2.333333333,64.53333333,12,2536.36,2,1,0,0,0,0,0,1,0,1,0,2,41.635,19.06,"12/14/2019","4/7/2020",-15.298,28.303,1190,"Rainfed","International Institute of Tropical Agriculture IITA","Public"
"Zambia",2019,"E0103","G215","L073",2,0,0,0,51.33333333,"Purple","Tawny",105.3333333,2,0,2.333333333,79.8,14.66666667,2590.52,3,2,0,0,0,0,0,1,0,1,0,2,42.515,18.685,"12/14/2019","4/7/2020",-15.298,28.303,1190,"Rainfed","International Institute of Tropical Agriculture IITA","Public"
"Zambia",2019,"E0103","G216","L073",2,0,0,0,48,"White","Tawny",102.3333333,1,0,1,63.1,17.66666667,1443.58,2,1,0,0,0,0,0,1,0,1,0,2,39.31,21.79,"12/14/2019","4/7/2020",-15.298,28.303,1190,"Rainfed","International Institute of Tropical Agriculture IITA","Public"
"Zambia",2019,"E0103","G233","L073",2,0,0,0,48.33333333,"White","Tawny",101.6666667,1,0,1,85.93333333,17.33333333,2932.176667,2,1,0,0,0,0,0,1,0,1,0,2,40.705,20.675,"12/14/2019","4/7/2020",-15.298,28.303,1190,"Rainfed","International Institute of Tropical Agriculture IITA","Public"
"Zambia",2019,"E0103","G235","L073",2,0,0,0,50.33333333,"Purple","Tawny",104.3333333,1,0,1,79.76666667,13.66666667,2719.98,1,2,0,0,0,0,0,1,0,1,0,2,39.725,21.105,"12/14/2019","4/7/2020",-15.298,28.303,1190,"Rainfed","International Institute of Tropical Agriculture IITA","Public"
"Zambia",2019,"E0103","G237","L073",2,0,0,0,50,"Purple","Grey",104,1,0,2,78.43333333,16,2382.54,2,1,0,0,0,0,0,1,0,1,0,2,40.95,18.325,"12/14/2019","4/7/2020",-15.298,28.303,1190,"Rainfed","International Institute of Tropical Agriculture IITA","Public"
"Zambia",2019,"E0103","G246","L073",2,0,0,0,48.33333333,"Purple","Grey",100.3333333,1,0,3,58.46666667,16,2392.973333,1,1,0,0,0,0,0,1,0,1,0,2,44.08,18.755,"12/14/2019","4/7/2020",-15.298,28.303,1190,"Rainfed","International Institute of Tropical Agriculture IITA","Public"
"Zambia",2019,"E0108","G006","L078",2,0,59,0,48,"Purple","Grey",101,1,0,1.333333333,44,18,1397.676667,1,1,0,0,0,0,0,2,0,1,0,1,41.005,20.83,"12/27/2019","5/5/2020",-14.441,28.443,1182,"Rainfed","Agricultural Research Council ARC","Public"
"Zambia",2019,"E0108","G018","L078",2,0,35.33333333,0,49,"Purple","Tawny",101.6666667,2,0,1.666666667,43.66666667,14.33333333,1147.733333,1,3,0,0,0,0,0,1,0,1,0,1,39.53,20.795,"12/27/2019","5/5/2020",-14.441,28.443,1182,"Rainfed","Ethiopian Institute of Agricultural Research EIAR","Public"
"Zambia",2019,"E0108","G033","L078",2,1,71.33333333,0,46.33333333,"Purple","Tawny",97.66666667,1,0,1,46.33333333,12.33333333,1633.566667,1,2,0,0,0,0,0,1,0,1,0,1,40.795,21.765,"12/27/2019","5/5/2020",-14.441,28.443,1182,"Rainfed","International Institute of Tropical Agriculture IITA","Public"
"Zambia",2019,"E0108","G034","L078",2,1,40,0,52,"Purple","Tawny",107,1,0,1.333333333,42.66666667,12.66666667,1867.79,1,1,0,0,0,0,0,1,0,1,0,1,41.225,20.265,"12/27/2019","5/5/2020",-14.441,28.443,1182,"Rainfed","ZamSeed","Private"
"Zambia",2019,"E0108","G036","L078",2,0,59,0,42.33333333,"Purple","Tawny",95,1,0,1.333333333,51.33333333,17,1457.296667,1,1,0,0,0,0,0,1,0,1,0,1,42.205,19.945,"12/27/2019","5/5/2020",-14.441,28.443,1182,"Rainfed","Kenya Agricultural  Livestock Research Organization KALRO","Public"
"Zambia",2019,"E0108","G039","L078",2,0,83,0,48.66666667,"Purple","Grey",101.6666667,1,0,1,48.33333333,14.66666667,1179.726667,1,4,0,0,0,0,0,2,0,1,0,1,41,20.14,"12/27/2019","5/5/2020",-14.441,28.443,1182,"Rainfed","Kenya Agricultural  Livestock Research Organization KALRO","Public"
"Zambia",2019,"E0108","G056","L078",2,1,19,0,50.66666667,"Purple","Grey",102,1,0,1,43,15.33333333,1466.18,1,1,0,0,0,0,0,2,0,2,0,1,41.1,20.34,"12/27/2019","5/5/2020",-14.441,28.443,1182,"Rainfed","ZamSeed","Private"
"Zambia",2019,"E0108","G064","L078",2,0,90.33333333,0,57.33333333,"Purple","Tawny",111.6666667,1,0,1,58.33333333,16.33333333,1317.3,1,1,0,0,0,0,0,1,0,1,0,1,40.515,21.21,"12/27/2019","5/5/2020",-14.441,28.443,1182,"Rainfed","Makerere University","Public"
"Zambia",2019,"E0108","G065","L078",2,0,69.33333333,0,50,"Purple","Grey",101,1,0,1,51.66666667,14.33333333,1516.316667,1,3,0,0,0,0,0,1,0,1,0,1,41.525,21.425,"12/27/2019","5/5/2020",-14.441,28.443,1182,"Rainfed","Department of Agricultural Research Services DARS","Public"
"Zambia",2019,"E0108","G068","L078",2,0,65.33333333,0,45.66666667,"White","Tawny",100.3333333,1,0,2.666666667,47,14.66666667,1233.8,1,3,0,0,0,0,0,1,0,1,0,1,42.165,20.215,"12/27/2019","5/5/2020",-14.441,28.443,1182,"Rainfed","Crop Breeding Institute CBI","Public"
"Zambia",2019,"E0108","G074","L078",2,0,43.66666667,0,49.33333333,"Purple","Grey",102,1,0,1,52.63333333,14.66666667,1228.563333,1,1,0,0,0,0,0,1,0,1,0,1,40.65,20.25,"12/27/2019","5/5/2020",-14.441,28.443,1182,"Rainfed","Department of Agricultural Research Services DARS","Public"
"Zambia",2019,"E0108","G092","L078",2,0,49.33333333,0,49,"Purple","Grey",104.6666667,1,0,1.666666667,43.93333333,15.66666667,1611.173333,1,3,0,0,0,0,0,1,0,1,0,1,38.97,21.505,"12/27/2019","5/5/2020",-14.441,28.443,1182,"Rainfed","SeedCo","Private"
"Zambia",2019,"E0108","G098","L078",2,0,79,0,50.66666667,"Purple","Tawny",101,1,0,2.333333333,38.1,17,1673.256667,1,4,0,0,0,0,0,1,0,1,0,1,41.765,19.185,"12/27/2019","5/5/2020",-14.441,28.443,1182,"Rainfed","SeedCo","Private"
"Zambia",2019,"E0108","G101","L078",2,0,44.66666667,0,51,"Purple","Tawny",104.3333333,1,0,1.666666667,39.33333333,14.33333333,1658.89,1,4,0,0,0,0,0,1,0,1,0,1,41.93,20.54,"12/27/2019","5/5/2020",-14.441,28.443,1182,"Rainfed","SeedCo","Private"
"Zambia",2019,"E0108","G107","L078",2,0,64.66666667,0,50,"Purple","Tawny",104,1,0,1.666666667,46,14.33333333,1215.906667,1,1,0,0,0,0,0,1,0,1,0,1,42.59,20.155,"12/27/2019","5/5/2020",-14.441,28.443,1182,"Rainfed","SeedCo","Private"
"Zambia",2019,"E0108","G133","L078",2,0,66,0,48,"Purple","Tawny",105,1,0,1.333333333,45,15.66666667,923.1,1,1,0,0,0,0,0,1,0,1,0,1,42.78,18.525,"12/27/2019","5/5/2020",-14.441,28.443,1182,"Rainfed","SeedCo","Private"
"Zambia",2019,"E0108","G134","L078",2,0,55,0,50,"Purple","Tawny",105,1,0,1,39,12.66666667,1575.006667,1,1,0,0,0,0,0,1,0,1,0,1,39.6,20.615,"12/27/2019","5/5/2020",-14.441,28.443,1182,"Rainfed","SeedCo","Private"
"Zambia",2019,"E0108","G137","L078",2,1,48,0,51,"Purple","Grey",103,1,0,1.333333333,47.66666667,15.33333333,1182.603333,1,2,0,0,0,0,0,2,0,1,0,1,40.5,20.915,"12/27/2019","5/5/2020",-14.441,28.443,1182,"Rainfed","SeedCo","Private"
"Zambia",2019,"E0108","G138","L078",2,0,34.33333333,0,49,"Purple","Grey",101,1,0,1,35.66666667,17.66666667,1043.93,1,1,0,0,0,0,0,1,0,1,0,1,43.29,21.225,"12/27/2019","5/5/2020",-14.441,28.443,1182,"Rainfed","SeedCo","Private"
"Zambia",2019,"E0108","G141","L078",2,0,81,0,49.66666667,"Purple","Grey",101,1,0,1,43.66666667,15,2367.063333,1,1,0,0,0,0,0,1,0,1,0,1,39.39,21.69,"12/27/2019","5/5/2020",-14.441,28.443,1182,"Rainfed","SeedCo","Private"
"Zambia",2019,"E0108","G143","L078",2,0,84.33333333,0,50.33333333,"White","Tawny",102.3333333,1,0,1.333333333,47,17.33333333,1816.7,1,1,0,0,0,0,0,1,0,1,0,1,43.025,18.375,"12/27/2019","5/5/2020",-14.441,28.443,1182,"Rainfed","SeedCo","Private"
"Zambia",2019,"E0108","G144","L078",2,0,59.33333333,0,49.33333333,"Purple","Grey",100.6666667,1,0,1.333333333,51.33333333,20.33333333,1182.273333,1,1,0,0,0,0,0,1,0,1,0,1,41.665,19.725,"12/27/2019","5/5/2020",-14.441,28.443,1182,"Rainfed","SeedCo","Private"
"Zambia",2019,"E0108","G145","L078",2,0,70.33333333,0,50,"Purple","Tawny",105,1,0,1.333333333,40,14,734.4133333,1,1,0,0,0,0,0,1,0,1,0,1,42.51,19.945,"12/27/2019","5/5/2020",-14.441,28.443,1182,"Rainfed","SeedCo","Private"
"Zambia",2019,"E0108","G146","L078",2,0,45.33333333,0,50,"Purple","Tawny",103.3333333,1,0,1,40.66666667,16.33333333,1193.4,1,1,0,0,0,0,0,4,0,1,0,1,40.63,21.525,"12/27/2019","5/5/2020",-14.441,28.443,1182,"Rainfed","SeedCo","Private"
"Zambia",2019,"E0108","G148","L078",2,0,65.66666667,0,50.33333333,"Purple","Grey",104.6666667,1,0,1.333333333,37,11.66666667,964.16,1,1,0,0,0,0,0,1,0,1,0,1,38.7,20.55,"12/27/2019","5/5/2020",-14.441,28.443,1182,"Rainfed","SeedCo","Private"
"Zambia",2019,"E0108","G188","L078",2,0,97.33333333,0,50.33333333,"Purple","Tawny",101.3333333,1,0,1.333333333,41.33333333,12,1555.086667,1,2,0,0,0,0,0,3,0,1,0,1,40.475,21.09,"12/27/2019","5/5/2020",-14.441,28.443,1182,"Rainfed","International Institute of Tropical Agriculture IITA","Public"
"Zambia",2019,"E0108","G198","L078",2,0,50.66666667,0,48,"Purple","Tawny",102,1,0,1.333333333,70.66666667,20,1286.563333,1,1,0,0,0,0,0,4,0,1,0,1,44.44,19.255,"12/27/2019","5/5/2020",-14.441,28.443,1182,"Rainfed","International Institute of Tropical Agriculture IITA","Public"
"Zambia",2019,"E0108","G199","L078",2,0,54.33333333,0,57.66666667,"Purple","Tawny",112.3333333,1,0,1.666666667,40.33333333,14.66666667,678.3,1,1,0,0,0,0,0,1,0,1,0,1,40.59,20.76,"12/27/2019","5/5/2020",-14.441,28.443,1182,"Rainfed","International Institute of Tropical Agriculture IITA","Public"
"Zambia",2019,"E0108","G200","L078",2,0,61.33333333,0,51,"Purple","Tawny",105.3333333,1,0,1.666666667,41.66666667,12.66666667,1315.24,1,2,0,0,0,0,0,1,0,1,0,1,40.95,20.06,"12/27/2019","5/5/2020",-14.441,28.443,1182,"Rainfed","International Institute of Tropical Agriculture IITA","Public"
"Zambia",2019,"E0108","G206","L078",2,0,45,0,51,"White","Tawny",104,1,0,1,33.93333333,19,1213.716667,1,1,0,0,0,0,0,2,0,1,0,1,42.29,20.625,"12/27/2019","5/5/2020",-14.441,28.443,1182,"Rainfed","International Institute of Tropical Agriculture IITA","Public"
"Zambia",2019,"E0108","G207","L078",2,0,41.33333333,0,51,"Purple","Grey",102.6666667,1,0,2,39,12.66666667,1872.166667,1,1,0,0,0,0,0,1,0,1,0,1,42.3,19.59,"12/27/2019","5/5/2020",-14.441,28.443,1182,"Rainfed","International Institute of Tropical Agriculture IITA","Public"
"Zambia",2019,"E0108","G208","L078",2,0,57.33333333,0,47.33333333,"Purple","Grey",100.3333333,1,0,1.333333333,54.93333333,16.33333333,1678.813333,1,1,0,0,0,0,0,2,0,1,0,1,41.24,20.33,"12/27/2019","5/5/2020",-14.441,28.443,1182,"Rainfed","International Institute of Tropical Agriculture IITA","Public"
"Zambia",2019,"E0108","G210","L078",2,0,52,0,48.33333333,"Purple","Grey",102.6666667,1,0,1.333333333,58.2,16.66666667,1368.993333,1,1,0,0,0,0,0,1,0,1,0,1,40.375,20.555,"12/27/2019","5/5/2020",-14.441,28.443,1182,"Rainfed","International Institute of Tropical Agriculture IITA","Public"
"Zambia",2019,"E0108","G214","L078",2,0,71.66666667,0,49,"Purple","Tawny",100,1,0,1,63.33333333,12.66666667,1284.646667,1,1,0,0,0,0,0,3,0,1,0,1,43.945,19.735,"12/27/2019","5/5/2020",-14.441,28.443,1182,"Rainfed","International Institute of Tropical Agriculture IITA","Public"
"Zambia",2019,"E0108","G215","L078",2,0,52.33333333,0,50,"Purple","Tawny",105.6666667,1,0,2,53.53333333,14,1357.083333,1,2,0,0,0,0,0,1,0,1,0,1,41.5,19.13,"12/27/2019","5/5/2020",-14.441,28.443,1182,"Rainfed","International Institute of Tropical Agriculture IITA","Public"
"Zambia",2019,"E0108","G216","L078",2,0,40,0,49.33333333,"White","Tawny",102.6666667,1,0,1,44.66666667,19,1353.433333,1,1,0,0,0,0,0,1,0,1,0,1,42.195,21.395,"12/27/2019","5/5/2020",-14.441,28.443,1182,"Rainfed","International Institute of Tropical Agriculture IITA","Public"
"Zambia",2019,"E0108","G233","L078",2,0,68.33333333,0,49.33333333,"White","Tawny",101.3333333,1,0,1,49.33333333,16.66666667,934.7766667,1,1,0,0,0,0,0,1,0,1,0,1,40.22,22.295,"12/27/2019","5/5/2020",-14.441,28.443,1182,"Rainfed","International Institute of Tropical Agriculture IITA","Public"
"Zambia",2019,"E0108","G235","L078",2,0,77,0,50.66666667,"Purple","Tawny",105,1,0,1.333333333,42.66666667,13.66666667,1332.873333,1,1,0,0,0,0,0,1,0,1,0,1,42.77,19.18,"12/27/2019","5/5/2020",-14.441,28.443,1182,"Rainfed","International Institute of Tropical Agriculture IITA","Public"
"Zambia",2019,"E0108","G237","L078",2,0,53.33333333,0,51.66666667,"Purple","Grey",104.3333333,1,0,1,55.33333333,15.66666667,1760.773333,1,1,0,0,0,0,0,1,0,1,0,1,42.755,20.035,"12/27/2019","5/5/2020",-14.441,28.443,1182,"Rainfed","International Institute of Tropical Agriculture IITA","Public"
"Zambia",2019,"E0108","G246","L078",2,0,48,0,47.66666667,"Purple","Grey",101,1,0,1,46.66666667,15.33333333,791.27,1,1,0,0,0,0,0,1,0,1,0,1,39.48,21.535,"12/27/2019","5/5/2020",-14.441,28.443,1182,"Rainfed","International Institute of Tropical Agriculture IITA","Public"
"Malawi",2019,"E093","G034","L011",2,0,0,0,43,NA,NA,100,1,0,2,76,11,2450.233333,0,0,0,0,0,0,0,1,0,5,0,1,NA,NA,"12/19/2019","4/13/2020",-13.979,33.645,1143,"Rainfed","ZamSeed","Private"
"Malawi",2019,"E093","G036","L011",2,0,0,0,41.33333333,NA,NA,85,1,0,3.333333333,59,18,3050.933333,0,0,0,0,0,0,0,1,0,3,0,1,NA,NA,"12/19/2019","4/13/2020",-13.979,33.645,1143,"Rainfed","Kenya Agricultural  Livestock Research Organization KALRO","Public"
"Malawi",2019,"E093","G039","L011",2,0,0,0,40.66666667,NA,NA,99.66666667,1,0,1.333333333,67,17.33333333,3026.766667,0,0,0,0,0,0,0,1,0,4,0,1,NA,NA,"12/19/2019","4/13/2020",-13.979,33.645,1143,"Rainfed","Kenya Agricultural  Livestock Research Organization KALRO","Public"
"Malawi",2019,"E093","G056","L011",2,0,0,0,42.33333333,NA,NA,98.66666667,1,0,2,71,12.33333333,2869.133333,0,0,0,0,0,0,0,1,0,4,0,1,NA,NA,"12/19/2019","4/13/2020",-13.979,33.645,1143,"Rainfed","ZamSeed","Private"
"Malawi",2019,"E093","G063","L011",2,0,0,0,48.33333333,NA,NA,103,4,0,2,94.33333333,17.33333333,2533.1,0,0,0,0,0,0,0,1,0,2,0,1,NA,NA,"12/19/2019","4/13/2020",-13.979,33.645,1143,"Rainfed","Makerere University","Public"
"Malawi",2019,"E093","G065","L011",2,1,0,0,43.66666667,NA,NA,101.6666667,2,0,1,65,17,2953.166667,0,0,0,0,0,0,0,1,0,4,0,1,NA,NA,"12/19/2019","4/13/2020",-13.979,33.645,1143,"Rainfed","Department of Agricultural Research Services DARS","Public"
"Malawi",2019,"E093","G074","L011",2,1,0,0,41.33333333,NA,NA,101.6666667,1,0,1.333333333,72.66666667,14.33333333,3172.633333,0,0,0,0,0,0,0,1,0,4,0,1,NA,NA,"12/19/2019","4/13/2020",-13.979,33.645,1143,"Rainfed","Department of Agricultural Research Services DARS","Public"
"Malawi",2019,"E093","G092","L011",2,0,0,0,42.66666667,NA,NA,100,1,0,1,97,16.33333333,3281.533333,0,0,0,0,0,0,0,1,0,4,0,1,NA,NA,"12/19/2019","4/13/2020",-13.979,33.645,1143,"Rainfed","SeedCo","Private"
"Malawi",2019,"E093","G097","L011",2,0,0,0,50.66666667,NA,NA,107.6666667,1,0,1,77.33333333,19.66666667,3682.4,0,0,0,0,0,0,0,2,0,2,0,1,NA,NA,"12/19/2019","4/13/2020",-13.979,33.645,1143,"Rainfed","SeedCo","Private"
"Malawi",2019,"E093","G098","L011",2,0,0,0,42.33333333,NA,NA,100.6666667,1,0,2,84.33333333,18.33333333,4065.4,0,0,0,0,0,0,0,1,0,4,0,1,NA,NA,"12/19/2019","4/13/2020",-13.979,33.645,1143,"Rainfed","SeedCo","Private"
"Malawi",2019,"E093","G101","L011",2,0,0,0,40.66666667,NA,NA,102.3333333,1,0,1.333333333,71.33333333,16.66666667,3822.866667,0,0,0,0,0,0,0,1,0,4,0,1,NA,NA,"12/19/2019","4/13/2020",-13.979,33.645,1143,"Rainfed","SeedCo","Private"
"Malawi",2019,"E093","G138","L011",2,0,0,0,38.66666667,NA,NA,102.6666667,1,0,1,87.33333333,20.66666667,4069.333333,0,0,0,0,0,0,0,1,0,4,0,1,NA,NA,"12/19/2019","4/13/2020",-13.979,33.645,1143,"Rainfed","SeedCo","Private"
"Malawi",2019,"E093","G141","L011",2,0,0,0,41,NA,NA,97.66666667,1,0,1.333333333,85.66666667,17.33333333,3617.3,0,0,0,0,0,0,0,1,0,3,0,1,NA,NA,"12/19/2019","4/13/2020",-13.979,33.645,1143,"Rainfed","SeedCo","Private"
"Malawi",2019,"E093","G145","L011",2,0,0,0,41.66666667,NA,NA,105,4,0,1.666666667,101.6666667,15.33333333,3704.433333,0,0,0,0,0,0,0,1,0,3,0,1,NA,NA,"12/19/2019","4/13/2020",-13.979,33.645,1143,"Rainfed","SeedCo","Private"
"Malawi",2019,"E093","G146","L011",2,0,0,0,43.33333333,NA,NA,107,1,0,1,101,12,2862.533333,0,0,0,0,0,0,0,1,0,3,0,1,NA,NA,"12/19/2019","4/13/2020",-13.979,33.645,1143,"Rainfed","SeedCo","Private"
"Malawi",2019,"E093","G147","L011",2,0,0,0,43.66666667,NA,NA,97.66666667,1,0,1,87,20.66666667,4231.766667,0,0,0,0,0,0,0,1,0,3,0,1,NA,NA,"12/19/2019","4/13/2020",-13.979,33.645,1143,"Rainfed","SeedCo","Private"
"Malawi",2019,"E093","G148","L011",2,0,0,0,46.66666667,NA,NA,99.66666667,1,0,1,64.66666667,15.33333333,4395.633333,0,0,0,0,0,0,0,1,0,2,0,1,NA,NA,"12/19/2019","4/13/2020",-13.979,33.645,1143,"Rainfed","SeedCo","Private"
"Malawi",2019,"E093","G182","L011",2,0,0,0,41,NA,NA,101,4,0,2.666666667,82,12.33333333,3223.866667,0,0,0,0,0,0,0,1,0,3,0,1,NA,NA,"12/19/2019","4/13/2020",-13.979,33.645,1143,"Rainfed","International Institute of Tropical Agriculture IITA","Public"
"Malawi",2019,"E093","G188","L011",2,0,0,0,43.66666667,NA,NA,101.3333333,4,0,2,65,12,2996.8,0,0,0,0,0,0,0,1,0,4,0,1,NA,NA,"12/19/2019","4/13/2020",-13.979,33.645,1143,"Rainfed","International Institute of Tropical Agriculture IITA","Public"
"Malawi",2019,"E093","G198","L011",2,0,0,0,44.33333333,NA,NA,100,1,0,1,85,17.66666667,3381.133333,0,0,0,0,0,0,0,1,0,3,0,1,NA,NA,"12/19/2019","4/13/2020",-13.979,33.645,1143,"Rainfed","International Institute of Tropical Agriculture IITA","Public"
"Malawi",2019,"E093","G199","L011",2,0,0,0,50.33333333,NA,NA,102.6666667,4,0,2.333333333,76,15.33333333,3805.833333,0,0,0,0,0,0,0,1,0,2,0,1,NA,NA,"12/19/2019","4/13/2020",-13.979,33.645,1143,"Rainfed","International Institute of Tropical Agriculture IITA","Public"
"Malawi",2019,"E093","G206","L011",2,0,0,0,40.66666667,NA,NA,93.66666667,1,0,1,92,18.33333333,2950.433333,0,0,0,0,0,0,0,1,0,4,0,1,NA,NA,"12/19/2019","4/13/2020",-13.979,33.645,1143,"Rainfed","International Institute of Tropical Agriculture IITA","Public"
"Malawi",2019,"E093","G208","L011",2,0,0,0,39.66666667,NA,NA,100.3333333,1,0,3,74.33333333,17.33333333,2843,0,0,0,0,0,0,0,1,0,4,0,1,NA,NA,"12/19/2019","4/13/2020",-13.979,33.645,1143,"Rainfed","International Institute of Tropical Agriculture IITA","Public"
"Malawi",2019,"E093","G210","L011",2,0,0,0,39.33333333,NA,NA,93.33333333,1,0,1,75,18.66666667,3272.566667,0,0,0,0,0,0,0,1,0,5,0,1,NA,NA,"12/19/2019","4/13/2020",-13.979,33.645,1143,"Rainfed","International Institute of Tropical Agriculture IITA","Public"
"Malawi",2019,"E093","G216","L011",2,0,0,0,45.33333333,NA,NA,100.6666667,1,0,1,88,17.33333333,3177.566667,0,0,0,0,0,0,0,1,0,3,0,1,NA,NA,"12/19/2019","4/13/2020",-13.979,33.645,1143,"Rainfed","International Institute of Tropical Agriculture IITA","Public"
"Malawi",2019,"E093","G219","L011",2,0,0,0,41.33333333,NA,NA,97,1,0,1,88,18.33333333,3327.433333,0,0,0,0,0,0,0,1,0,4,0,1,NA,NA,"12/19/2019","4/13/2020",-13.979,33.645,1143,"Rainfed","International Institute of Tropical Agriculture IITA","Public"
"Malawi",2019,"E093","G233","L011",2,0,0,0,43.33333333,NA,NA,97,3,0,1.333333333,63.66666667,14,3051.566667,0,0,0,0,0,0,0,1,0,3,0,1,NA,NA,"12/19/2019","4/13/2020",-13.979,33.645,1143,"Rainfed","International Institute of Tropical Agriculture IITA","Public"
"Malawi",2019,"E093","G242","L011",2,0,0,0,39.33333333,NA,NA,102.3333333,1,0,1.666666667,81.33333333,14.33333333,3527.066667,0,0,0,0,0,0,0,1,0,4,0,1,NA,NA,"12/19/2019","4/13/2020",-13.979,33.645,1143,"Rainfed","International Institute of Tropical Agriculture IITA","Public"
"Malawi",2019,"E093","G246","L011",2,0,0,0,42.33333333,NA,NA,95,1,0,1,62.66666667,16.66666667,3106.966667,0,0,0,0,0,0,0,1,0,2,0,1,NA,NA,"12/19/2019","4/13/2020",-13.979,33.645,1143,"Rainfed","International Institute of Tropical Agriculture IITA","Public"
"Malawi",2019,"E093","G365","L011",2,1,0,0,40.33333333,NA,NA,102.3333333,2,0,2.333333333,66.66666667,12.33333333,3042.866667,0,0,0,0,0,0,0,1,0,3,0,1,NA,NA,"12/19/2019","4/13/2020",-13.979,33.645,1143,"Rainfed","Department of Agricultural Research Services DARS","Public"
"Malawi",2019,"E097","G034","L072",2,0,0,0,43,NA,NA,102,1,0,1.666666667,59.33333333,12.33333333,2101.366667,0,0,0,0,0,0,0,1,0,1,0,1,NA,NA,"12/17/2019","4/27/2020",-13.919,33.677,1116,"Irrigation","ZamSeed","Private"
"Malawi",2019,"E097","G036","L072",2,0,0,0,44,NA,NA,107,1,0,2.333333333,43,18,2331.933333,0,0,0,0,0,0,0,1,0,3,0,1,NA,NA,"12/17/2019","4/27/2020",-13.919,33.677,1116,"Irrigation","Kenya Agricultural  Livestock Research Organization KALRO","Public"
"Malawi",2019,"E097","G039","L072",2,0,0,0,42,NA,NA,106.6666667,1,0,1.333333333,76,17,3198.933333,0,0,0,0,0,0,0,1,0,3,0,1,NA,NA,"12/17/2019","4/27/2020",-13.919,33.677,1116,"Irrigation","Kenya Agricultural  Livestock Research Organization KALRO","Public"
"Malawi",2019,"E097","G056","L072",2,0,0,0,42.33333333,NA,NA,103,1,0,1.333333333,61,13.33333333,2507.033333,0,0,0,0,0,0,0,1,0,2,0,1,NA,NA,"12/17/2019","4/27/2020",-13.919,33.677,1116,"Irrigation","ZamSeed","Private"
"Malawi",2019,"E097","G063","L072",2,0,0,0,43.66666667,NA,NA,105,4,0,2,98.33333333,13.33333333,1774.966667,0,0,0,0,0,0,0,1,0,2,0,1,NA,NA,"12/17/2019","4/27/2020",-13.919,33.677,1116,"Irrigation","Makerere University","Public"
"Malawi",2019,"E097","G065","L072",2,1,0,0,43.66666667,NA,NA,100.6666667,1,0,1,83.66666667,16.33333333,3158.966667,0,0,0,0,0,0,0,1,0,3,0,1,NA,NA,"12/17/2019","4/27/2020",-13.919,33.677,1116,"Irrigation","Department of Agricultural Research Services DARS","Public"
"Malawi",2019,"E097","G074","L072",2,1,0,0,42,NA,NA,102,1,0,1.333333333,83.66666667,17.33333333,2808.5,0,0,0,0,0,0,0,1,0,2,0,1,NA,NA,"12/17/2019","4/27/2020",-13.919,33.677,1116,"Irrigation","Department of Agricultural Research Services DARS","Public"
"Malawi",2019,"E097","G092","L072",2,0,0,0,42.66666667,NA,NA,107,1,0,1,96.33333333,15.33333333,3182.7,0,0,0,0,0,0,0,1,0,2,0,1,NA,NA,"12/17/2019","4/27/2020",-13.919,33.677,1116,"Irrigation","SeedCo","Private"
"Malawi",2019,"E097","G097","L072",2,0,0,0,42.66666667,NA,NA,105.3333333,1,0,1.333333333,82.66666667,16,2426.7,0,0,0,0,0,0,0,1,0,1,0,1,NA,NA,"12/17/2019","4/27/2020",-13.919,33.677,1116,"Irrigation","SeedCo","Private"
"Malawi",2019,"E097","G098","L072",2,0,0,0,44.66666667,NA,NA,104.6666667,1,0,1.333333333,52.33333333,17.66666667,3245.666667,0,0,0,0,0,0,0,1,0,2,0,1,NA,NA,"12/17/2019","4/27/2020",-13.919,33.677,1116,"Irrigation","SeedCo","Private"
"Malawi",2019,"E097","G101","L072",2,0,0,0,43.33333333,NA,NA,104.3333333,1,0,1,54.33333333,19,3126.366667,0,0,0,0,0,0,0,1,0,2,0,1,NA,NA,"12/17/2019","4/27/2020",-13.919,33.677,1116,"Irrigation","SeedCo","Private"
"Malawi",2019,"E097","G138","L072",2,0,0,0,42.66666667,NA,NA,101.6666667,1,0,1.666666667,79.66666667,18.33333333,2682.833333,0,0,0,0,0,0,0,1,0,0,0,1,NA,NA,"12/17/2019","4/27/2020",-13.919,33.677,1116,"Irrigation","SeedCo","Private"
"Malawi",2019,"E097","G141","L072",2,0,0,0,44,NA,NA,103,1,0,1.333333333,90.66666667,15.66666667,3170.7,0,0,0,0,0,0,0,1,0,3,0,1,NA,NA,"12/17/2019","4/27/2020",-13.919,33.677,1116,"Irrigation","SeedCo","Private"
"Malawi",2019,"E097","G145","L072",2,0,0,0,42.33333333,NA,NA,104.6666667,1,0,1,103,18.33333333,2441.466667,0,0,0,0,0,0,0,1,0,2,0,1,NA,NA,"12/17/2019","4/27/2020",-13.919,33.677,1116,"Irrigation","SeedCo","Private"
"Malawi",2019,"E097","G146","L072",2,0,0,0,43,NA,NA,101.3333333,1,0,1,87.33333333,16,2775.633333,0,0,0,0,0,0,0,1,0,2,0,1,NA,NA,"12/17/2019","4/27/2020",-13.919,33.677,1116,"Irrigation","SeedCo","Private"
"Malawi",2019,"E097","G147","L072",2,0,0,0,43,NA,NA,102,1,0,1,91,17.33333333,3177.633333,0,0,0,0,0,0,0,1,0,4,0,1,NA,NA,"12/17/2019","4/27/2020",-13.919,33.677,1116,"Irrigation","SeedCo","Private"
"Malawi",2019,"E097","G148","L072",2,0,0,0,43.33333333,NA,NA,107.6666667,1,0,1,59.66666667,15.33333333,3060.166667,0,0,0,0,0,0,0,1,0,2,0,1,NA,NA,"12/17/2019","4/27/2020",-13.919,33.677,1116,"Irrigation","SeedCo","Private"
"Malawi",2019,"E097","G182","L072",2,0,0,0,43,NA,NA,106,5,0,1.666666667,79.33333333,12,3108.266667,0,0,0,0,0,0,0,1,0,3,0,1,NA,NA,"12/17/2019","4/27/2020",-13.919,33.677,1116,"Irrigation","International Institute of Tropical Agriculture IITA","Public"
"Malawi",2019,"E097","G188","L072",2,0,0,0,42.33333333,NA,NA,101.6666667,1,0,1.333333333,82,12,3618.6,0,0,0,0,0,0,0,1,0,3,0,1,NA,NA,"12/17/2019","4/27/2020",-13.919,33.677,1116,"Irrigation","International Institute of Tropical Agriculture IITA","Public"
"Malawi",2019,"E097","G198","L072",2,0,0,0,44,NA,NA,101.6666667,1,0,1,74,17.33333333,2577.166667,0,0,0,0,0,0,0,1,0,3,0,1,NA,NA,"12/17/2019","4/27/2020",-13.919,33.677,1116,"Irrigation","International Institute of Tropical Agriculture IITA","Public"
"Malawi",2019,"E097","G199","L072",2,0,0,0,43.33333333,NA,NA,103,4,0,1.666666667,87,12.66666667,2189.1,0,0,0,0,0,0,0,1,0,2,0,1,NA,NA,"12/17/2019","4/27/2020",-13.919,33.677,1116,"Irrigation","International Institute of Tropical Agriculture IITA","Public"
"Malawi",2019,"E097","G206","L072",2,0,0,0,43.33333333,NA,NA,101.3333333,1,0,1,83.33333333,21,3199.2,0,0,0,0,0,0,0,1,0,3,0,1,NA,NA,"12/17/2019","4/27/2020",-13.919,33.677,1116,"Irrigation","International Institute of Tropical Agriculture IITA","Public"
"Malawi",2019,"E097","G208","L072",2,0,0,0,42,NA,NA,105,1,0,1.333333333,79.66666667,15,2154.666667,0,0,0,0,0,0,0,1,0,3,0,1,NA,NA,"12/17/2019","4/27/2020",-13.919,33.677,1116,"Irrigation","International Institute of Tropical Agriculture IITA","Public"
"Malawi",2019,"E097","G210","L072",2,0,0,0,42.33333333,NA,NA,105.6666667,1,0,1,58.33333333,20.33333333,3441.366667,0,0,0,0,0,0,0,1,0,4,0,1,NA,NA,"12/17/2019","4/27/2020",-13.919,33.677,1116,"Irrigation","International Institute of Tropical Agriculture IITA","Public"
"Malawi",2019,"E097","G216","L072",2,0,0,0,43,NA,NA,101.3333333,1,0,1,78.33333333,17.33333333,2566.833333,0,0,0,0,0,0,0,1,0,2,0,1,NA,NA,"12/17/2019","4/27/2020",-13.919,33.677,1116,"Irrigation","International Institute of Tropical Agriculture IITA","Public"
"Malawi",2019,"E097","G219","L072",2,0,0,0,42.66666667,NA,NA,106,1,0,1,87.33333333,18.66666667,2966.666667,0,0,0,0,0,0,0,1,0,3,0,1,NA,NA,"12/17/2019","4/27/2020",-13.919,33.677,1116,"Irrigation","International Institute of Tropical Agriculture IITA","Public"
"Malawi",2019,"E097","G233","L072",2,0,0,0,43.66666667,NA,NA,102.6666667,5,0,1.333333333,81,14.33333333,2467.366667,0,0,0,0,0,0,0,1,0,3,0,1,NA,NA,"12/17/2019","4/27/2020",-13.919,33.677,1116,"Irrigation","International Institute of Tropical Agriculture IITA","Public"
"Malawi",2019,"E097","G242","L072",2,0,0,0,41,NA,NA,106,1,0,1,78.33333333,14.33333333,3281.333333,0,0,0,0,0,0,0,1,0,2,0,1,NA,NA,"12/17/2019","4/27/2020",-13.919,33.677,1116,"Irrigation","International Institute of Tropical Agriculture IITA","Public"
"Malawi",2019,"E097","G246","L072",2,0,0,0,42.66666667,NA,NA,104,1,0,2,58.33333333,21,2795.233333,0,0,0,0,0,0,0,1,0,3,0,1,NA,NA,"12/17/2019","4/27/2020",-13.919,33.677,1116,"Irrigation","International Institute of Tropical Agriculture IITA","Public"
"Malawi",2019,"E097","G365","L072",2,1,0,0,42.66666667,NA,NA,103,2,0,1.666666667,79.33333333,14.33333333,3539.966667,0,0,0,0,0,0,0,1,0,3,0,1,NA,NA,"12/17/2019","4/27/2020",-13.919,33.677,1116,"Irrigation","Department of Agricultural Research Services DARS","Public"
"Malawi",2019,"E094","G034","L010",2,0,0,0,45.66666667,NA,NA,105,1,0,1,49.66666667,11.66666667,1617.633333,0,0,0,0,0,0,0,1,0,1,0,2,NA,NA,"12/21/2019","4/9/2020",-13.673,34.266,599,"Rainfed","ZamSeed","Private"
"Malawi",2019,"E094","G036","L010",2,0,0,0,44.66666667,NA,NA,103,1,0,1,37,16.33333333,2074.733333,0,0,0,0,0,0,0,1,0,1,0,1,NA,NA,"12/21/2019","4/9/2020",-13.673,34.266,599,"Rainfed","Kenya Agricultural  Livestock Research Organization KALRO","Public"
"Malawi",2019,"E094","G039","L010",2,0,0,0,45,NA,NA,104.3333333,2,0,1,55.66666667,14.66666667,1765.933333,0,0,0,0,0,0,0,1,0,1,0,1,NA,NA,"12/21/2019","4/9/2020",-13.673,34.266,599,"Rainfed","Kenya Agricultural  Livestock Research Organization KALRO","Public"
"Malawi",2019,"E094","G056","L010",2,0,0,0,47,NA,NA,105,2,0,1,55.33333333,13.33333333,1576.333333,0,0,0,0,0,0,0,1,0,1,0,1,NA,NA,"12/21/2019","4/9/2020",-13.673,34.266,599,"Rainfed","ZamSeed","Private"
"Malawi",2019,"E094","G063","L010",2,0,0,0,46.33333333,NA,NA,106,5,0,1,93.33333333,12.66666667,1896.133333,0,0,0,0,0,0,0,1,0,1,0,1,NA,NA,"12/21/2019","4/9/2020",-13.673,34.266,599,"Rainfed","Makerere University","Public"
"Malawi",2019,"E094","G065","L010",2,1,0,0,47.66666667,NA,NA,105.6666667,2,0,1,76.66666667,13,1420.833333,0,0,0,0,0,0,0,1,0,1,0,1,NA,NA,"12/21/2019","4/9/2020",-13.673,34.266,599,"Rainfed","Department of Agricultural Research Services DARS","Public"
"Malawi",2019,"E094","G074","L010",2,1,0,0,47,NA,NA,106,3,0,1,68.33333333,13.66666667,2087,0,0,0,0,0,0,0,1,0,1,0,1,NA,NA,"12/21/2019","4/9/2020",-13.673,34.266,599,"Rainfed","Department of Agricultural Research Services DARS","Public"
"Malawi",2019,"E094","G092","L010",2,0,0,0,46.66666667,NA,NA,106.6666667,3,0,1,73.66666667,12,1785.366667,0,0,0,0,0,0,0,1,0,1,0,1,NA,NA,"12/21/2019","4/9/2020",-13.673,34.266,599,"Rainfed","SeedCo","Private"
"Malawi",2019,"E094","G097","L010",2,0,0,0,49,NA,NA,110.6666667,1,0,1,65.33333333,15.33333333,2144.333333,0,0,0,0,0,0,0,1,0,1,0,1,NA,NA,"12/21/2019","4/9/2020",-13.673,34.266,599,"Rainfed","SeedCo","Private"
"Malawi",2019,"E094","G098","L010",2,0,0,0,48.33333333,NA,NA,104.3333333,2,0,1,42.33333333,17.66666667,1901.9,0,0,0,0,0,0,0,1,0,1,0,2,NA,NA,"12/21/2019","4/9/2020",-13.673,34.266,599,"Rainfed","SeedCo","Private"
"Malawi",2019,"E094","G101","L010",2,0,0,0,48.33333333,NA,NA,106.6666667,3,0,1,41.33333333,13.66666667,1594.033333,0,0,0,0,0,0,0,1,0,1,0,1,NA,NA,"12/21/2019","4/9/2020",-13.673,34.266,599,"Rainfed","SeedCo","Private"
"Malawi",2019,"E094","G138","L010",2,0,0,0,47,NA,NA,106.3333333,4,0,1,71.66666667,15.66666667,1991.866667,0,0,0,0,0,0,0,1,0,1,0,1,NA,NA,"12/21/2019","4/9/2020",-13.673,34.266,599,"Rainfed","SeedCo","Private"
"Malawi",2019,"E094","G141","L010",2,0,0,0,45.66666667,NA,NA,106,2,0,1,78,14.66666667,2409.266667,0,0,0,0,0,0,0,1,0,1,0,1,NA,NA,"12/21/2019","4/9/2020",-13.673,34.266,599,"Rainfed","SeedCo","Private"
"Malawi",2019,"E094","G145","L010",2,0,0,0,48,NA,NA,105,2,0,1,81,12.33333333,1785.066667,0,0,0,0,0,0,0,2,0,1,0,1,NA,NA,"12/21/2019","4/9/2020",-13.673,34.266,599,"Rainfed","SeedCo","Private"
"Malawi",2019,"E094","G146","L010",2,0,0,0,47.66666667,NA,NA,106.3333333,3,0,1,69,12.66666667,2106.166667,0,0,0,0,0,0,0,1,0,1,0,2,NA,NA,"12/21/2019","4/9/2020",-13.673,34.266,599,"Rainfed","SeedCo","Private"
"Malawi",2019,"E094","G147","L010",2,0,0,0,45,NA,NA,106.6666667,2,0,1,73.33333333,17,1937.466667,0,0,0,0,0,0,0,1,0,1,0,1,NA,NA,"12/21/2019","4/9/2020",-13.673,34.266,599,"Rainfed","SeedCo","Private"
"Malawi",2019,"E094","G148","L010",2,0,0,0,46.66666667,NA,NA,105.3333333,2,0,1,63.33333333,12.33333333,1728.533333,0,0,0,0,0,0,0,1,0,1,0,3,NA,NA,"12/21/2019","4/9/2020",-13.673,34.266,599,"Rainfed","SeedCo","Private"
"Malawi",2019,"E094","G182","L010",2,0,0,0,47.33333333,NA,NA,105.3333333,5,0,1,75,11.33333333,2422.033333,0,0,0,0,0,0,0,1,0,1,0,1,NA,NA,"12/21/2019","4/9/2020",-13.673,34.266,599,"Rainfed","International Institute of Tropical Agriculture IITA","Public"
"Malawi",2019,"E094","G188","L010",2,0,0,0,47.66666667,NA,NA,105.3333333,5,0,1,71.33333333,10.33333333,2064.966667,0,0,0,0,0,0,0,1,0,1,0,1,NA,NA,"12/21/2019","4/9/2020",-13.673,34.266,599,"Rainfed","International Institute of Tropical Agriculture IITA","Public"
"Malawi",2019,"E094","G198","L010",2,0,0,0,46.66666667,NA,NA,105.3333333,2,0,1,63,15.66666667,1797.6,0,0,0,0,0,0,0,1,0,1,0,1,NA,NA,"12/21/2019","4/9/2020",-13.673,34.266,599,"Rainfed","International Institute of Tropical Agriculture IITA","Public"
"Malawi",2019,"E094","G199","L010",2,0,0,0,46.66666667,NA,NA,110.3333333,3,0,1,58.66666667,15,1600.333333,0,0,0,0,0,0,0,1,0,1,0,1,NA,NA,"12/21/2019","4/9/2020",-13.673,34.266,599,"Rainfed","International Institute of Tropical Agriculture IITA","Public"
"Malawi",2019,"E094","G206","L010",2,0,0,0,45.33333333,NA,NA,104.6666667,3,0,1,82,15,2119.533333,0,0,0,0,0,0,0,1,0,1,0,1,NA,NA,"12/21/2019","4/9/2020",-13.673,34.266,599,"Rainfed","International Institute of Tropical Agriculture IITA","Public"
"Malawi",2019,"E094","G208","L010",2,0,0,0,47,NA,NA,106,2,0,1,57.66666667,12.66666667,1723.033333,0,0,0,0,0,0,0,1,0,1,0,1,NA,NA,"12/21/2019","4/9/2020",-13.673,34.266,599,"Rainfed","International Institute of Tropical Agriculture IITA","Public"
"Malawi",2019,"E094","G210","L010",2,0,0,0,47.33333333,NA,NA,105.6666667,2,0,1,50.33333333,15.66666667,2098.9,0,0,0,0,0,0,0,1,0,1,0,1,NA,NA,"12/21/2019","4/9/2020",-13.673,34.266,599,"Rainfed","International Institute of Tropical Agriculture IITA","Public"
"Malawi",2019,"E094","G216","L010",2,0,0,0,46,NA,NA,105.3333333,1,0,1,69,14.66666667,2493,0,0,0,0,0,0,0,1,0,1,0,1,NA,NA,"12/21/2019","4/9/2020",-13.673,34.266,599,"Rainfed","International Institute of Tropical Agriculture IITA","Public"
"Malawi",2019,"E094","G219","L010",2,0,0,0,45.66666667,NA,NA,105.3333333,2,0,1,71,20.33333333,1975.2,0,0,0,0,0,0,0,1,0,1,0,1,NA,NA,"12/21/2019","4/9/2020",-13.673,34.266,599,"Rainfed","International Institute of Tropical Agriculture IITA","Public"
"Malawi",2019,"E094","G233","L010",2,0,0,0,46.33333333,NA,NA,106,3,0,1,81,14.33333333,2211.566667,0,0,0,0,0,0,0,1,0,1,0,2,NA,NA,"12/21/2019","4/9/2020",-13.673,34.266,599,"Rainfed","International Institute of Tropical Agriculture IITA","Public"
"Malawi",2019,"E094","G242","L010",2,0,0,0,48,NA,NA,106,3,0,1,58.66666667,11.33333333,1562.433333,0,0,0,0,0,0,0,1,0,1,0,1,NA,NA,"12/21/2019","4/9/2020",-13.673,34.266,599,"Rainfed","International Institute of Tropical Agriculture IITA","Public"
"Malawi",2019,"E094","G246","L010",2,0,0,0,45.33333333,NA,NA,104,2,0,1,43.66666667,16.66666667,2054.066667,0,0,0,0,0,0,0,1,0,1,0,1,NA,NA,"12/21/2019","4/9/2020",-13.673,34.266,599,"Rainfed","International Institute of Tropical Agriculture IITA","Public"
"Malawi",2019,"E094","G365","L010",2,1,0,0,47.33333333,NA,NA,105,2,0,1,72.33333333,16,1567.533333,0,0,0,0,0,0,0,1,0,1,0,1,NA,NA,"12/21/2019","4/9/2020",-13.673,34.266,599,"Rainfed","Department of Agricultural Research Services DARS","Public"
"Malawi",2019,"E096","G034","L017",2,0,0,0,45,NA,NA,113,1,0,1,45.33333333,14,1965.333333,0,0,0,0,0,0,0,1,0,1,0,1,NA,NA,"12/27/2019","5/5/2020",-13.658,32.557,1033,"Irrigation","ZamSeed","Private"
"Malawi",2019,"E096","G036","L017",2,0,0,0,42.66666667,NA,NA,105.6666667,1,0,1,38.33333333,19.66666667,2993.7,0,0,0,0,0,0,0,2,0,1,0,1,NA,NA,"12/27/2019","5/5/2020",-13.658,32.557,1033,"Irrigation","Kenya Agricultural  Livestock Research Organization KALRO","Public"
"Malawi",2019,"E096","G039","L017",2,0,0,0,41.66666667,NA,NA,113,1,0,1.333333333,57.66666667,18.66666667,2222.766667,0,0,0,0,0,0,0,1,0,1,0,1,NA,NA,"12/27/2019","5/5/2020",-13.658,32.557,1033,"Irrigation","Kenya Agricultural  Livestock Research Organization KALRO","Public"
"Malawi",2019,"E096","G056","L017",2,0,0,0,46,NA,NA,112,1,0,1,46.33333333,14.66666667,1934.3,0,0,0,0,0,0,0,1,0,3,0,1,NA,NA,"12/27/2019","5/5/2020",-13.658,32.557,1033,"Irrigation","ZamSeed","Private"
"Malawi",2019,"E096","G063","L017",2,0,0,0,47,NA,NA,113,2,0,2,101.3333333,20.33333333,2319.833333,0,0,0,0,0,0,0,1,0,1,0,1,NA,NA,"12/27/2019","5/5/2020",-13.658,32.557,1033,"Irrigation","Makerere University","Public"
"Malawi",2019,"E096","G065","L017",2,1,0,0,43.33333333,NA,NA,110,1,0,1.333333333,53.66666667,17.33333333,2092.1,0,0,0,0,0,0,0,1,0,1,0,1,NA,NA,"12/27/2019","5/5/2020",-13.658,32.557,1033,"Irrigation","Department of Agricultural Research Services DARS","Public"
"Malawi",2019,"E096","G074","L017",2,1,0,0,46,NA,NA,110,1,0,1,68.33333333,16,3089.866667,0,0,0,0,0,0,0,1,0,1,0,1,NA,NA,"12/27/2019","5/5/2020",-13.658,32.557,1033,"Irrigation","Department of Agricultural Research Services DARS","Public"
"Malawi",2019,"E096","G092","L017",2,0,0,0,46,NA,NA,113.3333333,1,0,1.333333333,63.66666667,18,1881.8,0,0,0,0,0,0,0,1,0,1,0,1,NA,NA,"12/27/2019","5/5/2020",-13.658,32.557,1033,"Irrigation","SeedCo","Private"
"Malawi",2019,"E096","G097","L017",2,0,0,0,48.33333333,NA,NA,116,1,0,1,80.33333333,22,3381.933333,0,0,0,0,0,0,0,1,0,1,0,1,NA,NA,"12/27/2019","5/5/2020",-13.658,32.557,1033,"Irrigation","SeedCo","Private"
"Malawi",2019,"E096","G098","L017",2,0,0,0,41.66666667,NA,NA,113,1,0,1,34.66666667,20,2326.666667,0,0,0,0,0,0,0,1,0,1,0,1,NA,NA,"12/27/2019","5/5/2020",-13.658,32.557,1033,"Irrigation","SeedCo","Private"
"Malawi",2019,"E096","G101","L017",2,0,0,0,47,NA,NA,113,1,0,1,33.33333333,18,1107.133333,0,0,0,0,0,0,0,1,0,1,0,1,NA,NA,"12/27/2019","5/5/2020",-13.658,32.557,1033,"Irrigation","SeedCo","Private"
"Malawi",2019,"E096","G138","L017",2,0,0,0,45,NA,NA,115.6666667,1,0,1.333333333,58.33333333,19.66666667,1493.333333,0,0,0,0,0,0,0,1,0,1,0,1,NA,NA,"12/27/2019","5/5/2020",-13.658,32.557,1033,"Irrigation","SeedCo","Private"
"Malawi",2019,"E096","G141","L017",2,0,0,0,45,NA,NA,110.3333333,1,0,1.666666667,73.33333333,19,2739.966667,0,0,0,0,0,0,0,1,0,1,0,1,NA,NA,"12/27/2019","5/5/2020",-13.658,32.557,1033,"Irrigation","SeedCo","Private"
"Malawi",2019,"E096","G145","L017",2,0,0,0,47,NA,NA,115,1,0,1,60.66666667,17,2737.933333,0,0,0,0,0,0,0,1,0,1,0,1,NA,NA,"12/27/2019","5/5/2020",-13.658,32.557,1033,"Irrigation","SeedCo","Private"
"Malawi",2019,"E096","G146","L017",2,0,0,0,44.33333333,NA,NA,113,1,0,1,79,16.66666667,2472.366667,0,0,0,0,0,0,0,1,0,2,0,1,NA,NA,"12/27/2019","5/5/2020",-13.658,32.557,1033,"Irrigation","SeedCo","Private"
"Malawi",2019,"E096","G147","L017",2,0,0,0,45,NA,NA,115,1,0,1,62,21.33333333,2356.333333,0,0,0,0,0,0,0,1,0,1,0,1,NA,NA,"12/27/2019","5/5/2020",-13.658,32.557,1033,"Irrigation","SeedCo","Private"
"Malawi",2019,"E096","G148","L017",2,0,0,0,45.33333333,NA,NA,111,1,0,1,52.66666667,14.66666667,3084.133333,0,0,0,0,0,0,0,1,0,1,0,1,NA,NA,"12/27/2019","5/5/2020",-13.658,32.557,1033,"Irrigation","SeedCo","Private"
"Malawi",2019,"E096","G182","L017",2,0,0,0,46,NA,NA,105.6666667,2,0,2,61.33333333,13,2591.133333,0,0,0,0,0,0,0,1,0,1,0,1,NA,NA,"12/27/2019","5/5/2020",-13.658,32.557,1033,"Irrigation","International Institute of Tropical Agriculture IITA","Public"
"Malawi",2019,"E096","G188","L017",2,0,0,0,44.33333333,NA,NA,104,2,0,1.666666667,55.66666667,14,2620.533333,0,0,0,0,0,0,0,1,0,1,0,1,NA,NA,"12/27/2019","5/5/2020",-13.658,32.557,1033,"Irrigation","International Institute of Tropical Agriculture IITA","Public"
"Malawi",2019,"E096","G198","L017",2,0,0,0,43.33333333,NA,NA,115,1,0,1,52,22.66666667,1931.033333,0,0,0,0,0,0,0,1,0,1,0,1,NA,NA,"12/27/2019","5/5/2020",-13.658,32.557,1033,"Irrigation","International Institute of Tropical Agriculture IITA","Public"
"Malawi",2019,"E096","G199","L017",2,0,0,0,46,NA,NA,115,1,0,1,60,15.66666667,1729.733333,0,0,0,0,0,0,0,1,0,1,0,1,NA,NA,"12/27/2019","5/5/2020",-13.658,32.557,1033,"Irrigation","International Institute of Tropical Agriculture IITA","Public"
"Malawi",2019,"E096","G206","L017",2,0,0,0,41.66666667,NA,NA,109,1,0,1,56,19.33333333,2561.666667,0,0,0,0,0,0,0,1,0,1,0,1,NA,NA,"12/27/2019","5/5/2020",-13.658,32.557,1033,"Irrigation","International Institute of Tropical Agriculture IITA","Public"
"Malawi",2019,"E096","G208","L017",2,0,0,0,45,NA,NA,115,1,0,1.333333333,60.33333333,18,2606.566667,0,0,0,0,0,0,0,1,0,1,0,1,NA,NA,"12/27/2019","5/5/2020",-13.658,32.557,1033,"Irrigation","International Institute of Tropical Agriculture IITA","Public"
"Malawi",2019,"E096","G210","L017",2,0,0,0,43.33333333,NA,NA,111.3333333,1,0,1,44.33333333,20,1761.566667,0,0,0,0,0,0,0,1,0,1,0,1,NA,NA,"12/27/2019","5/5/2020",-13.658,32.557,1033,"Irrigation","International Institute of Tropical Agriculture IITA","Public"
"Malawi",2019,"E096","G216","L017",2,0,0,0,46,NA,NA,113.3333333,1,0,1,59.33333333,20.66666667,2511.4,0,0,0,0,0,0,0,1,0,1,0,1,NA,NA,"12/27/2019","5/5/2020",-13.658,32.557,1033,"Irrigation","International Institute of Tropical Agriculture IITA","Public"
"Malawi",2019,"E096","G219","L017",2,0,0,0,41.66666667,NA,NA,112,1,0,1,48.66666667,21.33333333,2487.666667,0,0,0,0,0,0,0,1,0,1,0,1,NA,NA,"12/27/2019","5/5/2020",-13.658,32.557,1033,"Irrigation","International Institute of Tropical Agriculture IITA","Public"
"Malawi",2019,"E096","G233","L017",2,0,0,0,42.66666667,NA,NA,111.3333333,2,0,1.666666667,65.66666667,16.66666667,2773.7,0,0,0,0,0,0,0,1,0,1,0,1,NA,NA,"12/27/2019","5/5/2020",-13.658,32.557,1033,"Irrigation","International Institute of Tropical Agriculture IITA","Public"
"Malawi",2019,"E096","G242","L017",2,0,0,0,44,NA,NA,108.3333333,1,0,1,68.66666667,15.33333333,2835.666667,0,0,0,0,0,0,0,1,0,1,0,1,NA,NA,"12/27/2019","5/5/2020",-13.658,32.557,1033,"Irrigation","International Institute of Tropical Agriculture IITA","Public"
"Malawi",2019,"E096","G246","L017",2,0,0,0,41.66666667,NA,NA,115,1,0,1,46,17.33333333,1609.7,0,0,0,0,0,0,0,2,0,1,0,1,NA,NA,"12/27/2019","5/5/2020",-13.658,32.557,1033,"Irrigation","International Institute of Tropical Agriculture IITA","Public"
"Malawi",2019,"E096","G365","L017",2,1,0,0,43.33333333,NA,NA,106,1,0,2,47.66666667,13.66666667,1906.166667,0,0,0,0,0,0,0,1,0,1,0,1,NA,NA,"12/27/2019","5/5/2020",-13.658,32.557,1033,"Irrigation","Department of Agricultural Research Services DARS","Public"
"Zambia",2019,"E0104","G006","L074",2,0,0,0,35.33333333,NA,"Grey",102.3333333,0,0,0,66.66666667,0,2298.85,0,0,0,0,0,0,0,0,0,0,0,0,NA,NA,"12/24/2019","5/8/2020",-13.509,28.155,1196,"Rainfed","Agricultural Research Council ARC","Public"
"Zambia",2019,"E0104","G018","L074",2,0,0,0,45,NA,"Tawny",112.3333333,0,0,0,59.66666667,0,2637.59,0,0,0,0,0,0,0,0,0,0,0,0,NA,NA,"12/24/2019","5/8/2020",-13.509,28.155,1196,"Rainfed","Ethiopian Institute of Agricultural Research EIAR","Public"
"Zambia",2019,"E0104","G033","L074",2,1,0,0,45,NA,"Tawny",99,0,0,0,80.66666667,0,1697.063333,0,0,0,0,0,0,0,0,0,0,0,0,NA,NA,"12/24/2019","5/8/2020",-13.509,28.155,1196,"Rainfed","International Institute of Tropical Agriculture IITA","Public"
"Zambia",2019,"E0104","G034","L074",2,1,0,0,45,NA,"Tawny",115.6666667,0,0,0,83.66666667,0,2571.816667,0,0,0,0,0,0,0,0,0,0,0,0,NA,NA,"12/24/2019","5/8/2020",-13.509,28.155,1196,"Rainfed","ZamSeed","Private"
"Zambia",2019,"E0104","G036","L074",2,0,0,0,36.66666667,NA,"Tawny",94.66666667,0,0,0,50.33333333,0,1543.72,0,0,0,0,0,0,0,0,0,0,0,0,NA,NA,"12/24/2019","5/8/2020",-13.509,28.155,1196,"Rainfed","Kenya Agricultural  Livestock Research Organization KALRO","Public"
"Zambia",2019,"E0104","G039","L074",2,0,0,0,38,NA,"Grey",101,0,0,0,80,0,1852.79,0,0,0,0,0,0,0,0,0,0,0,0,NA,NA,"12/24/2019","5/8/2020",-13.509,28.155,1196,"Rainfed","Kenya Agricultural  Livestock Research Organization KALRO","Public"
"Zambia",2019,"E0104","G056","L074",2,1,0,0,41,NA,"Grey",109.3333333,0,0,0,72,0,2605.366667,0,0,0,0,0,0,0,0,0,0,0,0,NA,NA,"12/24/2019","5/8/2020",-13.509,28.155,1196,"Rainfed","ZamSeed","Private"
"Zambia",2019,"E0104","G064","L074",2,0,0,0,54,NA,"Tawny",116.6666667,0,0,0,108.6666667,0,2271.176667,0,0,0,0,0,0,0,0,0,0,0,0,NA,NA,"12/24/2019","5/8/2020",-13.509,28.155,1196,"Rainfed","Makerere University","Public"
"Zambia",2019,"E0104","G065","L074",2,0,0,0,42,NA,"Grey",110.6666667,0,0,0,81.33333333,0,2142.403333,0,0,0,0,0,0,0,0,0,0,0,0,NA,NA,"12/24/2019","5/8/2020",-13.509,28.155,1196,"Rainfed","Department of Agricultural Research Services DARS","Public"
"Zambia",2019,"E0104","G068","L074",2,0,0,0,36.66666667,NA,"Tawny",107,0,0,0,62.33333333,0,2696.296667,0,0,0,0,0,0,0,0,0,0,0,0,NA,NA,"12/24/2019","5/8/2020",-13.509,28.155,1196,"Rainfed","Crop Breeding Institute CBI","Public"
"Zambia",2019,"E0104","G074","L074",2,0,0,0,41,NA,"Grey",110,0,0,0,81.66666667,0,2029.116667,0,0,0,0,0,0,0,0,0,0,0,0,NA,NA,"12/24/2019","5/8/2020",-13.509,28.155,1196,"Rainfed","Department of Agricultural Research Services DARS","Public"
"Zambia",2019,"E0104","G092","L074",2,0,0,0,44.33333333,NA,"Grey",114.6666667,0,0,0,68.66666667,0,3457.683333,0,0,0,0,0,0,0,0,0,0,0,0,NA,NA,"12/24/2019","5/8/2020",-13.509,28.155,1196,"Rainfed","SeedCo","Private"
"Zambia",2019,"E0104","G098","L074",2,0,0,0,41,NA,"Tawny",103.3333333,0,0,0,72.33333333,0,2233.12,0,0,0,0,0,0,0,0,0,0,0,0,NA,NA,"12/24/2019","5/8/2020",-13.509,28.155,1196,"Rainfed","SeedCo","Private"
"Zambia",2019,"E0104","G101","L074",2,0,0,0,45.66666667,NA,"Tawny",109.3333333,0,0,0,80,0,1992.336667,0,0,0,0,0,0,0,0,0,0,0,0,NA,NA,"12/24/2019","5/8/2020",-13.509,28.155,1196,"Rainfed","SeedCo","Private"
"Zambia",2019,"E0104","G107","L074",2,0,0,0,44.66666667,NA,"Tawny",113.3333333,0,0,0,88,0,2963.43,0,0,0,0,0,0,0,0,0,0,0,0,NA,NA,"12/24/2019","5/8/2020",-13.509,28.155,1196,"Rainfed","SeedCo","Private"
"Zambia",2019,"E0104","G133","L074",2,0,0,0,38.66666667,NA,"Tawny",107,0,0,0,82.33333333,0,2460.023333,0,0,0,0,0,0,0,0,0,0,0,0,NA,NA,"12/24/2019","5/8/2020",-13.509,28.155,1196,"Rainfed","SeedCo","Private"
"Zambia",2019,"E0104","G134","L074",2,0,0,0,43.66666667,NA,"Tawny",105.6666667,0,0,0,82.33333333,0,2725.116667,0,0,0,0,0,0,0,0,0,0,0,0,NA,NA,"12/24/2019","5/8/2020",-13.509,28.155,1196,"Rainfed","SeedCo","Private"
"Zambia",2019,"E0104","G137","L074",2,1,0,0,44,NA,"Grey",104,0,0,0,95,0,2414.816667,0,0,0,0,0,0,0,0,0,0,0,0,NA,NA,"12/24/2019","5/8/2020",-13.509,28.155,1196,"Rainfed","SeedCo","Private"
"Zambia",2019,"E0104","G138","L074",2,0,0,0,40.66666667,NA,"Grey",108,0,0,0,92.66666667,0,3186.633333,0,0,0,0,0,0,0,0,0,0,0,0,NA,NA,"12/24/2019","5/8/2020",-13.509,28.155,1196,"Rainfed","SeedCo","Private"
"Zambia",2019,"E0104","G141","L074",2,0,0,0,42.66666667,NA,"Grey",103.6666667,0,0,0,94,0,2189.996667,0,0,0,0,0,0,0,0,0,0,0,0,NA,NA,"12/24/2019","5/8/2020",-13.509,28.155,1196,"Rainfed","SeedCo","Private"
"Zambia",2019,"E0104","G143","L074",2,0,0,0,42,NA,"Tawny",99.33333333,0,0,0,86.66666667,0,1917.626667,0,0,0,0,0,0,0,0,0,0,0,0,NA,NA,"12/24/2019","5/8/2020",-13.509,28.155,1196,"Rainfed","SeedCo","Private"
"Zambia",2019,"E0104","G144","L074",2,0,0,0,37.66666667,NA,"Grey",105.3333333,0,0,0,63.33333333,0,2664.11,0,0,0,0,0,0,0,0,0,0,0,0,NA,NA,"12/24/2019","5/8/2020",-13.509,28.155,1196,"Rainfed","SeedCo","Private"
"Zambia",2019,"E0104","G145","L074",2,0,0,0,45.66666667,NA,"Tawny",111.3333333,0,0,0,106,0,2213.963333,0,0,0,0,0,0,0,0,0,0,0,0,NA,NA,"12/24/2019","5/8/2020",-13.509,28.155,1196,"Rainfed","SeedCo","Private"
"Zambia",2019,"E0104","G146","L074",2,0,0,0,42.66666667,NA,"Tawny",110,0,0,0,107.3333333,0,2384.293333,0,0,0,0,0,0,0,0,0,0,0,0,NA,NA,"12/24/2019","5/8/2020",-13.509,28.155,1196,"Rainfed","SeedCo","Private"
"Zambia",2019,"E0104","G148","L074",2,0,0,0,38.66666667,NA,"Grey",107,0,0,0,79.33333333,0,2984.076667,0,0,0,0,0,0,0,0,0,0,0,0,NA,NA,"12/24/2019","5/8/2020",-13.509,28.155,1196,"Rainfed","SeedCo","Private"
"Zambia",2019,"E0104","G188","L074",2,0,0,0,46,NA,"Tawny",101.3333333,0,0,0,86,0,1954.023333,0,0,0,0,0,0,0,0,0,0,0,0,NA,NA,"12/24/2019","5/8/2020",-13.509,28.155,1196,"Rainfed","International Institute of Tropical Agriculture IITA","Public"
"Zambia",2019,"E0104","G198","L074",2,0,0,0,41.66666667,NA,"Tawny",102,0,0,0,82.33333333,0,1918.986667,0,0,0,0,0,0,0,0,0,0,0,0,NA,NA,"12/24/2019","5/8/2020",-13.509,28.155,1196,"Rainfed","International Institute of Tropical Agriculture IITA","Public"
"Zambia",2019,"E0104","G199","L074",2,0,0,0,50.33333333,NA,"Tawny",113.6666667,0,0,0,88.33333333,0,2425.116667,0,0,0,0,0,0,0,0,0,0,0,0,NA,NA,"12/24/2019","5/8/2020",-13.509,28.155,1196,"Rainfed","International Institute of Tropical Agriculture IITA","Public"
"Zambia",2019,"E0104","G200","L074",2,0,0,0,46.33333333,NA,"Tawny",105,0,0,0,86.33333333,0,2695.403333,0,0,0,0,0,0,0,0,0,0,0,0,NA,NA,"12/24/2019","5/8/2020",-13.509,28.155,1196,"Rainfed","International Institute of Tropical Agriculture IITA","Public"
"Zambia",2019,"E0104","G206","L074",2,0,0,0,43.33333333,NA,"Tawny",103,0,0,0,84,0,1949.086667,0,0,0,0,0,0,0,0,0,0,0,0,NA,NA,"12/24/2019","5/8/2020",-13.509,28.155,1196,"Rainfed","International Institute of Tropical Agriculture IITA","Public"
"Zambia",2019,"E0104","G207","L074",2,0,0,0,46,NA,"Grey",103.6666667,0,0,0,84,0,2347.296667,0,0,0,0,0,0,0,0,0,0,0,0,NA,NA,"12/24/2019","5/8/2020",-13.509,28.155,1196,"Rainfed","International Institute of Tropical Agriculture IITA","Public"
"Zambia",2019,"E0104","G208","L074",2,0,0,0,44.66666667,NA,"Grey",107.3333333,0,0,0,79,0,1917.92,0,0,0,0,0,0,0,0,0,0,0,0,NA,NA,"12/24/2019","5/8/2020",-13.509,28.155,1196,"Rainfed","International Institute of Tropical Agriculture IITA","Public"
"Zambia",2019,"E0104","G210","L074",2,0,0,0,38.33333333,NA,"Grey",101.3333333,0,0,0,72,0,2003.446667,0,0,0,0,0,0,0,0,0,0,0,0,NA,NA,"12/24/2019","5/8/2020",-13.509,28.155,1196,"Rainfed","International Institute of Tropical Agriculture IITA","Public"
"Zambia",2019,"E0104","G214","L074",2,0,0,0,45,NA,"Tawny",101,0,0,0,84.33333333,0,2158.236667,0,0,0,0,0,0,0,0,0,0,0,0,NA,NA,"12/24/2019","5/8/2020",-13.509,28.155,1196,"Rainfed","International Institute of Tropical Agriculture IITA","Public"
"Zambia",2019,"E0104","G215","L074",2,0,0,0,45.66666667,NA,"Tawny",106.3333333,0,0,0,91.66666667,0,1994.466667,0,0,0,0,0,0,0,0,0,0,0,0,NA,NA,"12/24/2019","5/8/2020",-13.509,28.155,1196,"Rainfed","International Institute of Tropical Agriculture IITA","Public"
"Zambia",2019,"E0104","G216","L074",2,0,0,0,41.33333333,NA,"Tawny",105,0,0,0,79.33333333,0,1760.833333,0,0,0,0,0,0,0,0,0,0,0,0,NA,NA,"12/24/2019","5/8/2020",-13.509,28.155,1196,"Rainfed","International Institute of Tropical Agriculture IITA","Public"
"Zambia",2019,"E0104","G233","L074",2,0,0,0,39.33333333,NA,"Tawny",108.3333333,0,0,0,90.33333333,0,2614.9,0,0,0,0,0,0,0,0,0,0,0,0,NA,NA,"12/24/2019","5/8/2020",-13.509,28.155,1196,"Rainfed","International Institute of Tropical Agriculture IITA","Public"
"Zambia",2019,"E0104","G235","L074",2,0,0,0,43.33333333,NA,"Tawny",108.6666667,0,0,0,92.66666667,0,3007.45,0,0,0,0,0,0,0,0,0,0,0,0,NA,NA,"12/24/2019","5/8/2020",-13.509,28.155,1196,"Rainfed","International Institute of Tropical Agriculture IITA","Public"
"Zambia",2019,"E0104","G237","L074",2,0,0,0,40,NA,"Grey",106,0,0,0,86.33333333,0,1755.3,0,0,0,0,0,0,0,0,0,0,0,0,NA,NA,"12/24/2019","5/8/2020",-13.509,28.155,1196,"Rainfed","International Institute of Tropical Agriculture IITA","Public"
"Zambia",2019,"E0104","G246","L074",2,0,0,0,38,NA,"Grey",104.6666667,0,0,0,73.33333333,0,1877.226667,0,0,0,0,0,0,0,0,0,0,0,0,NA,NA,"12/24/2019","5/8/2020",-13.509,28.155,1196,"Rainfed","International Institute of Tropical Agriculture IITA","Public"
"Malawi",2019,"E098","G034","L016",2,0,0,0,49.66666667,NA,NA,87,1,0,1,45.33333333,17.33333333,2191.033333,0,0,0,0,0,0,0,1,0,4,0,1,NA,NA,"12/12/2019","4/14/2020",-13.407,33.621,1111,"Irrigation","ZamSeed","Private"
"Malawi",2019,"E098","G036","L016",2,0,0,0,44.33333333,NA,NA,103,1,0,1,30,18.33333333,2549.066667,0,0,0,0,0,0,0,1,0,3,0,1,NA,NA,"12/12/2019","4/14/2020",-13.407,33.621,1111,"Irrigation","Kenya Agricultural  Livestock Research Organization KALRO","Public"
"Malawi",2019,"E098","G039","L016",2,0,0,0,45.66666667,NA,NA,107.3333333,2,0,1,50.66666667,16,1359.6,0,0,0,0,0,0,0,1,0,2,0,1,NA,NA,"12/12/2019","4/14/2020",-13.407,33.621,1111,"Irrigation","Kenya Agricultural  Livestock Research Organization KALRO","Public"
"Malawi",2019,"E098","G056","L016",2,0,0,0,44,NA,NA,103.3333333,1,0,1.333333333,33.66666667,15.66666667,1292.466667,0,0,0,0,0,0,0,1,0,3,0,1,NA,NA,"12/12/2019","4/14/2020",-13.407,33.621,1111,"Irrigation","ZamSeed","Private"
"Malawi",2019,"E098","G063","L016",2,0,0,0,51,NA,NA,105.3333333,2,0,1,83.66666667,17,2523.133333,0,0,0,0,0,0,0,1,0,1,0,1,NA,NA,"12/12/2019","4/14/2020",-13.407,33.621,1111,"Irrigation","Makerere University","Public"
"Malawi",2019,"E098","G065","L016",2,1,0,0,52,NA,NA,109.3333333,1,0,1,58.66666667,17.33333333,2583.4,0,0,0,0,0,0,0,1,0,3,0,1,NA,NA,"12/12/2019","4/14/2020",-13.407,33.621,1111,"Irrigation","Department of Agricultural Research Services DARS","Public"
"Malawi",2019,"E098","G074","L016",2,1,0,0,50,NA,NA,95.66666667,1,0,1,53.66666667,15.66666667,2091.133333,0,0,0,0,0,0,0,1,0,4,0,1,NA,NA,"12/12/2019","4/14/2020",-13.407,33.621,1111,"Irrigation","Department of Agricultural Research Services DARS","Public"
"Malawi",2019,"E098","G092","L016",2,0,0,0,51.33333333,NA,NA,109.6666667,1,0,1,70,16.66666667,2748.533333,0,0,0,0,0,0,0,1,0,3,0,1,NA,NA,"12/12/2019","4/14/2020",-13.407,33.621,1111,"Irrigation","SeedCo","Private"
"Malawi",2019,"E098","G097","L016",2,0,0,0,50.66666667,NA,NA,115.6666667,1,0,1,64.33333333,17.33333333,2318.866667,0,0,0,0,0,0,0,1,0,2,0,1,NA,NA,"12/12/2019","4/14/2020",-13.407,33.621,1111,"Irrigation","SeedCo","Private"
"Malawi",2019,"E098","G098","L016",2,0,0,0,43.66666667,NA,NA,91.66666667,1,0,1,35.66666667,17.66666667,2224.133333,0,0,0,0,0,0,0,1,0,2,0,1,NA,NA,"12/12/2019","4/14/2020",-13.407,33.621,1111,"Irrigation","SeedCo","Private"
"Malawi",2019,"E098","G101","L016",2,0,0,0,52,NA,NA,106.6666667,1,0,1,42.33333333,17.66666667,3102.166667,0,0,0,0,0,0,0,1,0,1,0,1,NA,NA,"12/12/2019","4/14/2020",-13.407,33.621,1111,"Irrigation","SeedCo","Private"
"Malawi",2019,"E098","G138","L016",2,0,0,0,44.66666667,NA,NA,103.3333333,1,0,1,65.33333333,16.66666667,1880.866667,0,0,0,0,0,0,0,1,0,3,0,1,NA,NA,"12/12/2019","4/14/2020",-13.407,33.621,1111,"Irrigation","SeedCo","Private"
"Malawi",2019,"E098","G141","L016",2,0,0,0,81,NA,NA,107.3333333,1,0,1,72.66666667,17,2987.766667,0,0,0,0,0,0,0,1,0,3,0,1,NA,NA,"12/12/2019","4/14/2020",-13.407,33.621,1111,"Irrigation","SeedCo","Private"
"Malawi",2019,"E098","G145","L016",2,0,0,0,52,NA,NA,111.3333333,1,0,1,86,15.33333333,3921.033333,0,0,0,0,0,0,0,1,0,2,0,1,NA,NA,"12/12/2019","4/14/2020",-13.407,33.621,1111,"Irrigation","SeedCo","Private"
"Malawi",2019,"E098","G146","L016",2,0,0,0,47,NA,NA,104.3333333,1,0,1,68.66666667,14,2119.1,0,0,0,0,0,0,0,1,0,4,0,1,NA,NA,"12/12/2019","4/14/2020",-13.407,33.621,1111,"Irrigation","SeedCo","Private"
"Malawi",2019,"E098","G147","L016",2,0,0,0,46,NA,NA,105,1,0,1,78.66666667,19.33333333,3412.266667,0,0,0,0,0,0,0,1,0,2,0,1,NA,NA,"12/12/2019","4/14/2020",-13.407,33.621,1111,"Irrigation","SeedCo","Private"
"Malawi",2019,"E098","G148","L016",2,0,0,0,48,NA,NA,105.3333333,1,0,1,47.33333333,15,3190.266667,0,0,0,0,0,0,0,1,0,2,0,1,NA,NA,"12/12/2019","4/14/2020",-13.407,33.621,1111,"Irrigation","SeedCo","Private"
"Malawi",2019,"E098","G182","L016",2,0,0,0,40.66666667,NA,NA,92.66666667,2,0,1,64,13.33333333,2925.133333,0,0,0,0,0,0,0,1,0,3,0,1,NA,NA,"12/12/2019","4/14/2020",-13.407,33.621,1111,"Irrigation","International Institute of Tropical Agriculture IITA","Public"
"Malawi",2019,"E098","G188","L016",2,0,0,0,49.33333333,NA,NA,103.6666667,2,0,1,69.33333333,14,3276.066667,0,0,0,0,0,0,0,1,0,4,0,1,NA,NA,"12/12/2019","4/14/2020",-13.407,33.621,1111,"Irrigation","International Institute of Tropical Agriculture IITA","Public"
"Malawi",2019,"E098","G198","L016",2,0,0,0,45.66666667,NA,NA,104,1,0,1,71.33333333,19.66666667,3347.666667,0,0,0,0,0,0,0,1,0,2,0,1,NA,NA,"12/12/2019","4/14/2020",-13.407,33.621,1111,"Irrigation","International Institute of Tropical Agriculture IITA","Public"
"Malawi",2019,"E098","G199","L016",2,0,0,0,51.66666667,NA,NA,106.6666667,3,0,2.333333333,76.33333333,16.33333333,2383.7,0,0,0,0,0,0,0,1,0,2,0,1,NA,NA,"12/12/2019","4/14/2020",-13.407,33.621,1111,"Irrigation","International Institute of Tropical Agriculture IITA","Public"
"Malawi",2019,"E098","G206","L016",2,0,0,0,44.33333333,NA,NA,98,2,0,1,61,15.66666667,2473.833333,0,0,0,0,0,0,0,1,0,3,0,1,NA,NA,"12/12/2019","4/14/2020",-13.407,33.621,1111,"Irrigation","International Institute of Tropical Agriculture IITA","Public"
"Malawi",2019,"E098","G208","L016",2,0,0,0,51.33333333,NA,NA,105.6666667,1,0,1,60,14.66666667,1448.366667,0,0,0,0,0,0,0,1,0,2,0,1,NA,NA,"12/12/2019","4/14/2020",-13.407,33.621,1111,"Irrigation","International Institute of Tropical Agriculture IITA","Public"
"Malawi",2019,"E098","G210","L016",2,0,0,0,44,NA,NA,100.3333333,1,0,1,41,17.33333333,1845.433333,0,0,0,0,0,0,0,1,0,4,0,1,NA,NA,"12/12/2019","4/14/2020",-13.407,33.621,1111,"Irrigation","International Institute of Tropical Agriculture IITA","Public"
"Malawi",2019,"E098","G216","L016",2,0,0,0,50.66666667,NA,NA,108,1,0,1,63,19.66666667,2715.4,0,0,0,0,0,0,0,1,0,4,0,1,NA,NA,"12/12/2019","4/14/2020",-13.407,33.621,1111,"Irrigation","International Institute of Tropical Agriculture IITA","Public"
"Malawi",2019,"E098","G219","L016",2,0,0,0,48.33333333,NA,NA,103.6666667,1,0,1,73.33333333,17.66666667,3429.1,0,0,0,0,0,0,0,1,0,4,0,1,NA,NA,"12/12/2019","4/14/2020",-13.407,33.621,1111,"Irrigation","International Institute of Tropical Agriculture IITA","Public"
"Malawi",2019,"E098","G233","L016",2,0,0,0,44.66666667,NA,NA,104.6666667,1,0,1,74.66666667,14.66666667,2952.1,0,0,0,0,0,0,0,1,0,3,0,1,NA,NA,"12/12/2019","4/14/2020",-13.407,33.621,1111,"Irrigation","International Institute of Tropical Agriculture IITA","Public"
"Malawi",2019,"E098","G242","L016",2,0,0,0,51.33333333,NA,NA,96.66666667,1,0,1,57.66666667,13.66666667,2544.266667,0,0,0,0,0,0,0,1,0,2,0,1,NA,NA,"12/12/2019","4/14/2020",-13.407,33.621,1111,"Irrigation","International Institute of Tropical Agriculture IITA","Public"
"Malawi",2019,"E098","G246","L016",2,0,0,0,87,NA,NA,106.6666667,1,0,1,51.66666667,18.66666667,2415.266667,0,0,0,0,0,0,0,1,0,4,0,1,NA,NA,"12/12/2019","4/14/2020",-13.407,33.621,1111,"Irrigation","International Institute of Tropical Agriculture IITA","Public"
"Malawi",2019,"E098","G365","L016",2,1,0,0,48.66666667,NA,NA,102.3333333,1,0,1.333333333,63,12.66666667,2748.866667,0,0,0,0,0,0,0,1,0,3,0,1,NA,NA,"12/12/2019","4/14/2020",-13.407,33.621,1111,"Irrigation","Department of Agricultural Research Services DARS","Public"
"Malawi",2019,"E099","G034","L015",2,0,0,0,62,NA,NA,108.3333333,1,0,1,55.66666667,15.66666667,3070.433333,0,0,0,0,0,0,0,1,0,1,0,1,40.985,19.375,"12/10/2019","4/25/2020",-12.943,33.467,1028,"Irrigation","ZamSeed","Private"
"Malawi",2019,"E099","G036","L015",2,0,0,0,60,NA,NA,102.6666667,1,0,1.333333333,38.33333333,24.33333333,2528.466667,0,0,0,0,0,0,0,1,0,1,0,1,42.385,19.795,"12/10/2019","4/25/2020",-12.943,33.467,1028,"Irrigation","Kenya Agricultural  Livestock Research Organization KALRO","Public"
"Malawi",2019,"E099","G039","L015",2,0,0,0,60,NA,NA,105.6666667,1,0,1,50,22.33333333,2550.233333,0,0,0,0,0,0,0,1,0,2,0,1,37.615,21.705,"12/10/2019","4/25/2020",-12.943,33.467,1028,"Irrigation","Kenya Agricultural  Livestock Research Organization KALRO","Public"
"Malawi",2019,"E099","G056","L015",2,0,0,0,62,NA,NA,108.3333333,1,0,1,44.66666667,19.66666667,2381.9,0,0,0,0,0,0,0,1,0,1,0,1,36.87,21.06,"12/10/2019","4/25/2020",-12.943,33.467,1028,"Irrigation","ZamSeed","Private"
"Malawi",2019,"E099","G063","L015",2,0,0,0,62,NA,NA,111.3333333,1,0,1,84.33333333,21.66666667,2764.966667,0,0,0,0,0,0,0,1,0,1,0,1,43.11,18.75,"12/10/2019","4/25/2020",-12.943,33.467,1028,"Irrigation","Makerere University","Public"
"Malawi",2019,"E099","G065","L015",2,1,0,0,62,NA,NA,108.3333333,1,0,1,52.33333333,19.66666667,2701.066667,0,0,0,0,0,0,0,1,0,1,0,1,40.56,19.095,"12/10/2019","4/25/2020",-12.943,33.467,1028,"Irrigation","Department of Agricultural Research Services DARS","Public"
"Malawi",2019,"E099","G074","L015",2,1,0,0,62,NA,NA,110,1,0,1,69.66666667,19.33333333,3159,0,0,0,0,0,0,0,1,0,1,0,1,42.49,18.185,"12/10/2019","4/25/2020",-12.943,33.467,1028,"Irrigation","Department of Agricultural Research Services DARS","Public"
"Malawi",2019,"E099","G092","L015",2,0,0,0,60,NA,NA,108.6666667,1,0,1,70.33333333,20.66666667,3318.266667,0,0,0,0,0,0,0,1,0,1,0,1,41.41,20.18,"12/10/2019","4/25/2020",-12.943,33.467,1028,"Irrigation","SeedCo","Private"
"Malawi",2019,"E099","G097","L015",2,0,0,0,62,NA,NA,113,1,0,1,71.66666667,22,2486.533333,0,0,0,0,0,0,0,1,0,1,0,1,38.695,21.375,"12/10/2019","4/25/2020",-12.943,33.467,1028,"Irrigation","SeedCo","Private"
"Malawi",2019,"E099","G098","L015",2,0,0,0,60,NA,NA,104.3333333,1,0,1,35.33333333,23.66666667,2646.166667,0,0,0,0,0,0,0,1,0,1,0,1,41.51,20.96,"12/10/2019","4/25/2020",-12.943,33.467,1028,"Irrigation","SeedCo","Private"
"Malawi",2019,"E099","G101","L015",2,0,0,0,64,NA,NA,112,1,0,1,45.33333333,21,3707.4,0,0,0,0,0,0,0,1,0,1,0,1,40.875,19.49,"12/10/2019","4/25/2020",-12.943,33.467,1028,"Irrigation","SeedCo","Private"
"Malawi",2019,"E099","G138","L015",2,0,0,0,60.66666667,NA,NA,108.3333333,1,0,1,49.33333333,24,2978.1,0,0,0,0,0,0,0,1,0,1,0,1,39.245,21.445,"12/10/2019","4/25/2020",-12.943,33.467,1028,"Irrigation","SeedCo","Private"
"Malawi",2019,"E099","G141","L015",2,0,0,0,58.33333333,NA,NA,112,1,0,1,78.66666667,22.66666667,3284.9,0,0,0,0,0,0,0,1,0,1,0,1,39.89,21.25,"12/10/2019","4/25/2020",-12.943,33.467,1028,"Irrigation","SeedCo","Private"
"Malawi",2019,"E099","G145","L015",2,0,0,0,62,NA,NA,112,1,0,1,76.33333333,20,3695.933333,0,0,0,0,0,0,0,1,0,1,0,1,39.16,19.425,"12/10/2019","4/25/2020",-12.943,33.467,1028,"Irrigation","SeedCo","Private"
"Malawi",2019,"E099","G146","L015",2,0,0,0,60,NA,NA,112.3333333,1,0,1,89.33333333,19.66666667,3762.333333,0,0,0,0,0,0,0,1,0,1,0,1,38.75,20.68,"12/10/2019","4/25/2020",-12.943,33.467,1028,"Irrigation","SeedCo","Private"
"Malawi",2019,"E099","G147","L015",2,0,0,0,64,NA,NA,112,1,0,1,63,24.66666667,3339.8,0,0,0,0,0,0,0,1,0,1,0,1,39.735,21.71,"12/10/2019","4/25/2020",-12.943,33.467,1028,"Irrigation","SeedCo","Private"
"Malawi",2019,"E099","G148","L015",2,0,0,0,60,NA,NA,112,1,0,1,42.33333333,17.66666667,2634.5,0,0,0,0,0,0,0,1,0,1,0,1,38.63,21.27,"12/10/2019","4/25/2020",-12.943,33.467,1028,"Irrigation","SeedCo","Private"
"Malawi",2019,"E099","G182","L015",2,0,0,0,60,NA,NA,101,1,0,1,80.33333333,17.66666667,3813.366667,0,0,0,0,0,0,0,1,0,1,0,1,41,20.135,"12/10/2019","4/25/2020",-12.943,33.467,1028,"Irrigation","International Institute of Tropical Agriculture IITA","Public"
"Malawi",2019,"E099","G188","L015",2,0,0,0,60,NA,NA,101,1,0,1.333333333,64.66666667,18,3731.8,0,0,0,0,0,0,0,1,0,1,0,1,41.11,19.755,"12/10/2019","4/25/2020",-12.943,33.467,1028,"Irrigation","International Institute of Tropical Agriculture IITA","Public"
"Malawi",2019,"E099","G198","L015",2,0,0,0,62,NA,NA,112,4,0,1,53,23.33333333,2723.866667,0,0,0,0,0,0,0,1,0,1,0,1,36.88,22.31,"12/10/2019","4/25/2020",-12.943,33.467,1028,"Irrigation","International Institute of Tropical Agriculture IITA","Public"
"Malawi",2019,"E099","G199","L015",2,0,0,0,64,NA,NA,112,1,0,1,84.66666667,20.66666667,3681.333333,0,0,0,0,0,0,0,1,0,1,0,1,42.46,19.46,"12/10/2019","4/25/2020",-12.943,33.467,1028,"Irrigation","International Institute of Tropical Agriculture IITA","Public"
"Malawi",2019,"E099","G206","L015",2,0,0,0,60,NA,NA,106,1,0,1,52.33333333,22.33333333,2755.733333,0,0,0,0,0,0,0,1,0,1,0,1,40.8,19.9,"12/10/2019","4/25/2020",-12.943,33.467,1028,"Irrigation","International Institute of Tropical Agriculture IITA","Public"
"Malawi",2019,"E099","G208","L015",2,0,0,0,62,NA,NA,112,1,0,1,64.33333333,20.66666667,2974.166667,0,0,0,0,0,0,0,1,0,1,0,1,41.495,20.27,"12/10/2019","4/25/2020",-12.943,33.467,1028,"Irrigation","International Institute of Tropical Agriculture IITA","Public"
"Malawi",2019,"E099","G210","L015",2,0,0,0,60,NA,NA,104.3333333,1,0,1,54,21.33333333,2919.3,0,0,0,0,0,0,0,1,0,1,0,1,40.395,19.88,"12/10/2019","4/25/2020",-12.943,33.467,1028,"Irrigation","International Institute of Tropical Agriculture IITA","Public"
"Malawi",2019,"E099","G216","L015",2,0,0,0,60,NA,NA,112,1,0,1.333333333,74,24.33333333,3362,0,0,0,0,0,0,0,1,0,1,0,1,39.105,20.74,"12/10/2019","4/25/2020",-12.943,33.467,1028,"Irrigation","International Institute of Tropical Agriculture IITA","Public"
"Malawi",2019,"E099","G219","L015",2,0,0,0,64,NA,NA,111.3333333,1,0,1,78.33333333,24,4306.633333,0,0,0,0,0,0,0,1,0,1,0,1,NA,NA,"12/10/2019","4/25/2020",-12.943,33.467,1028,"Irrigation","International Institute of Tropical Agriculture IITA","Public"
"Malawi",2019,"E099","G233","L015",2,0,0,0,62,NA,NA,112,1,0,1,60.33333333,19.66666667,2945.133333,0,0,0,0,0,0,0,1,0,1,0,1,40.66,21.07,"12/10/2019","4/25/2020",-12.943,33.467,1028,"Irrigation","International Institute of Tropical Agriculture IITA","Public"
"Malawi",2019,"E099","G242","L015",2,0,0,0,62,NA,NA,106.3333333,1,0,1,56.33333333,19.33333333,3341.1,0,0,0,0,0,0,0,1,0,2,0,1,42.265,19.735,"12/10/2019","4/25/2020",-12.943,33.467,1028,"Irrigation","International Institute of Tropical Agriculture IITA","Public"
"Malawi",2019,"E099","G246","L015",2,0,0,0,62,NA,NA,108,1,0,1,40,21.66666667,2885.6,0,0,0,0,0,0,0,1,0,1,0,1,40.505,20.105,"12/10/2019","4/25/2020",-12.943,33.467,1028,"Irrigation","International Institute of Tropical Agriculture IITA","Public"
"Malawi",2019,"E099","G365","L015",2,1,0,0,62,NA,NA,104.6666667,1,0,1,72.33333333,17.33333333,3922.166667,0,0,0,0,0,0,0,1,0,1,0,1,41.04,19.51,"12/10/2019","4/25/2020",-12.943,33.467,1028,"Irrigation","Department of Agricultural Research Services DARS","Public"
"Malawi",2019,"E092","G034","L071",2,0,0,0,46.66666667,NA,NA,112,3,0,1,57.66666667,15.66666667,1772.766667,0,0,0,0,0,0,0,1,0,2,0,1,NA,NA,"12/27/2019","4/27/2020",-12.117,33.421,1211,"Rainfed","ZamSeed","Private"
"Malawi",2019,"E092","G036","L071",2,0,0,0,44.33333333,NA,NA,95,1,0,1,35.66666667,17,1358.5,0,0,0,0,0,0,0,1,0,4,0,1,NA,NA,"12/27/2019","4/27/2020",-12.117,33.421,1211,"Rainfed","Kenya Agricultural  Livestock Research Organization KALRO","Public"
"Malawi",2019,"E092","G039","L071",2,0,0,0,42.33333333,NA,NA,105,1,0,1,61,15.33333333,2339.733333,0,0,0,0,0,0,0,1,0,2,0,1,NA,NA,"12/27/2019","4/27/2020",-12.117,33.421,1211,"Rainfed","Kenya Agricultural  Livestock Research Organization KALRO","Public"
"Malawi",2019,"E092","G056","L071",2,0,0,0,42.66666667,NA,NA,109,1,0,1,43.66666667,15.33333333,1219.9,0,0,0,0,0,0,0,1,0,2,0,1,NA,NA,"12/27/2019","4/27/2020",-12.117,33.421,1211,"Rainfed","ZamSeed","Private"
"Malawi",2019,"E092","G063","L071",2,0,0,0,48,NA,NA,110.6666667,1,0,1,60,14.66666667,1833.633333,0,0,0,0,0,0,0,1,0,1,0,1,NA,NA,"12/27/2019","4/27/2020",-12.117,33.421,1211,"Rainfed","Makerere University","Public"
"Malawi",2019,"E092","G065","L071",2,1,0,0,44.66666667,NA,NA,112.6666667,1,0,1,66.33333333,14.66666667,1954.633333,0,0,0,0,0,0,0,1,0,3,0,1,NA,NA,"12/27/2019","4/27/2020",-12.117,33.421,1211,"Rainfed","Department of Agricultural Research Services DARS","Public"
"Malawi",2019,"E092","G074","L071",2,1,0,0,44.33333333,NA,NA,111,1,0,1,64,15.66666667,1697,0,0,0,0,0,0,0,1,0,4,0,1,NA,NA,"12/27/2019","4/27/2020",-12.117,33.421,1211,"Rainfed","Department of Agricultural Research Services DARS","Public"
"Malawi",2019,"E092","G092","L071",2,0,0,0,47.66666667,NA,NA,113,1,0,1,77,19.66666667,1806.833333,0,0,0,0,0,0,0,1,0,3,0,1,NA,NA,"12/27/2019","4/27/2020",-12.117,33.421,1211,"Rainfed","SeedCo","Private"
"Malawi",2019,"E092","G097","L071",2,0,0,0,56.66666667,NA,NA,120.3333333,1,0,1,78,18.33333333,2151.966667,0,0,0,0,0,0,0,1,0,3,0,1,NA,NA,"12/27/2019","4/27/2020",-12.117,33.421,1211,"Rainfed","SeedCo","Private"
"Malawi",2019,"E092","G098","L071",2,0,0,0,44.66666667,NA,NA,99,3,0,1,62.33333333,15.33333333,2257.5,0,0,0,0,0,0,0,1,0,4,0,1,NA,NA,"12/27/2019","4/27/2020",-12.117,33.421,1211,"Rainfed","SeedCo","Private"
"Malawi",2019,"E092","G101","L071",2,0,0,0,47.66666667,NA,NA,110,1,0,1,74.33333333,13.33333333,1964.666667,0,0,0,0,0,0,0,1,0,1,0,1,NA,NA,"12/27/2019","4/27/2020",-12.117,33.421,1211,"Rainfed","SeedCo","Private"
"Malawi",2019,"E092","G138","L071",2,0,0,0,50,NA,NA,106,1,0,1,72.66666667,15.33333333,1889.1,0,0,0,0,0,0,0,1,0,1,0,1,NA,NA,"12/27/2019","4/27/2020",-12.117,33.421,1211,"Rainfed","SeedCo","Private"
"Malawi",2019,"E092","G141","L071",2,0,0,0,46.33333333,NA,NA,111,1,0,1,82,14.66666667,2201.3,0,0,0,0,0,0,0,1,0,4,0,1,NA,NA,"12/27/2019","4/27/2020",-12.117,33.421,1211,"Rainfed","SeedCo","Private"
"Malawi",2019,"E092","G145","L071",2,0,0,0,49.33333333,NA,NA,113.6666667,1,0,1,66,15.33333333,1239.266667,0,0,0,0,0,0,0,1,0,3,0,1,NA,NA,"12/27/2019","4/27/2020",-12.117,33.421,1211,"Rainfed","SeedCo","Private"
"Malawi",2019,"E092","G146","L071",2,0,0,0,46,NA,NA,111,1,0,1,72.66666667,15,1311.833333,0,0,0,0,0,0,0,1,0,3,0,1,NA,NA,"12/27/2019","4/27/2020",-12.117,33.421,1211,"Rainfed","SeedCo","Private"
"Malawi",2019,"E092","G147","L071",2,0,0,0,44.66666667,NA,NA,114,1,0,1,73.33333333,15.33333333,1517.1,0,0,0,0,0,0,0,1,0,1,0,1,NA,NA,"12/27/2019","4/27/2020",-12.117,33.421,1211,"Rainfed","SeedCo","Private"
"Malawi",2019,"E092","G148","L071",2,0,0,0,45,NA,NA,110.3333333,1,0,1,56.66666667,15.66666667,1922.733333,0,0,0,0,0,0,0,1,0,2,0,1,NA,NA,"12/27/2019","4/27/2020",-12.117,33.421,1211,"Rainfed","SeedCo","Private"
"Malawi",2019,"E092","G182","L071",2,0,0,0,48.33333333,NA,NA,95,1,0,1,66.66666667,12.66666667,1891.1,0,0,0,0,0,0,0,1,0,3,0,1,NA,NA,"12/27/2019","4/27/2020",-12.117,33.421,1211,"Rainfed","International Institute of Tropical Agriculture IITA","Public"
"Malawi",2019,"E092","G188","L071",2,0,0,0,45,NA,NA,97,1,0,1,66.66666667,15,2192.6,0,0,0,0,0,0,0,1,0,3,0,1,NA,NA,"12/27/2019","4/27/2020",-12.117,33.421,1211,"Rainfed","International Institute of Tropical Agriculture IITA","Public"
"Malawi",2019,"E092","G198","L071",2,0,0,0,49,NA,NA,109,1,0,1,63,14.66666667,2040.433333,0,0,0,0,0,0,0,1,0,1,0,1,NA,NA,"12/27/2019","4/27/2020",-12.117,33.421,1211,"Rainfed","International Institute of Tropical Agriculture IITA","Public"
"Malawi",2019,"E092","G199","L071",2,0,0,0,48,NA,NA,113,1,0,1,55,15,1216.2,0,0,0,0,0,0,0,1,0,1,0,1,NA,NA,"12/27/2019","4/27/2020",-12.117,33.421,1211,"Rainfed","International Institute of Tropical Agriculture IITA","Public"
"Malawi",2019,"E092","G206","L071",2,0,0,0,40.33333333,NA,NA,105,1,0,1,63.66666667,15.66666667,1567.166667,0,0,0,0,0,0,0,1,0,2,0,1,NA,NA,"12/27/2019","4/27/2020",-12.117,33.421,1211,"Rainfed","International Institute of Tropical Agriculture IITA","Public"
"Malawi",2019,"E092","G208","L071",2,0,0,0,45.33333333,NA,NA,114,1,0,1,69.66666667,19.33333333,1629.033333,0,0,0,0,0,0,0,1,0,3,0,1,NA,NA,"12/27/2019","4/27/2020",-12.117,33.421,1211,"Rainfed","International Institute of Tropical Agriculture IITA","Public"
"Malawi",2019,"E092","G210","L071",2,0,0,0,45.33333333,NA,NA,107.3333333,1,0,1,58,16.66666667,1010.433333,0,0,0,0,0,0,0,1,0,1,0,1,NA,NA,"12/27/2019","4/27/2020",-12.117,33.421,1211,"Rainfed","International Institute of Tropical Agriculture IITA","Public"
"Malawi",2019,"E092","G216","L071",2,0,0,0,47.66666667,NA,NA,110,1,0,1,63,19.33333333,2987.4,0,0,0,0,0,0,0,1,0,3,0,1,NA,NA,"12/27/2019","4/27/2020",-12.117,33.421,1211,"Rainfed","International Institute of Tropical Agriculture IITA","Public"
"Malawi",2019,"E092","G219","L071",2,0,0,0,45,NA,NA,112,1,0,1,75.33333333,15,1166.2,0,0,0,0,0,0,0,1,0,3,0,1,NA,NA,"12/27/2019","4/27/2020",-12.117,33.421,1211,"Rainfed","International Institute of Tropical Agriculture IITA","Public"
"Malawi",2019,"E092","G233","L071",2,0,0,0,43.33333333,NA,NA,111,1,0,1,63.33333333,14.66666667,2043.2,0,0,0,0,0,0,0,1,0,3,0,1,NA,NA,"12/27/2019","4/27/2020",-12.117,33.421,1211,"Rainfed","International Institute of Tropical Agriculture IITA","Public"
"Malawi",2019,"E092","G242","L071",2,0,0,0,47.66666667,NA,NA,97,1,0,1,65,14.66666667,1953.533333,0,0,0,0,0,0,0,1,0,3,0,1,NA,NA,"12/27/2019","4/27/2020",-12.117,33.421,1211,"Rainfed","International Institute of Tropical Agriculture IITA","Public"
"Malawi",2019,"E092","G246","L071",2,0,0,0,42,NA,NA,103,1,0,1,64,15.66666667,2229.866667,0,0,0,0,0,0,0,1,0,3,0,1,NA,NA,"12/27/2019","4/27/2020",-12.117,33.421,1211,"Rainfed","International Institute of Tropical Agriculture IITA","Public"
"Malawi",2019,"E092","G365","L071",2,1,0,0,47.33333333,NA,NA,95.33333333,1,0,1.333333333,66,12.66666667,1996.433333,0,0,0,0,0,0,0,1,0,2,0,1,NA,NA,"12/27/2019","4/27/2020",-12.117,33.421,1211,"Rainfed","Department of Agricultural Research Services DARS","Public"
"Zambia",2019,"E0107","G006","L077",2,0,142.3333333,0,48.66666667,"Purple","Grey",102,1,0,2.666666667,25.93333333,18.66666667,513.4566667,1,2,0,0,0,0,0,2,0,1,0,1,40.21,21.165,"12/30/2019","5/8/2020",-10.167,31.233,1316,"Rainfed","Agricultural Research Council ARC","Public"
"Zambia",2019,"E0107","G018","L077",2,0,126.6666667,0,50.33333333,"Purple","Tawny",103,2,0,2,22.76666667,14.66666667,354.4433333,1,1,0,0,0,0,0,1,0,2,0,1,42.52,21.11,"12/30/2019","5/8/2020",-10.167,31.233,1316,"Rainfed","Ethiopian Institute of Agricultural Research EIAR","Public"
"Zambia",2019,"E0107","G033","L077",2,1,130.6666667,0,45,"Purple","Tawny",95.66666667,1,0,2.666666667,24.73333333,12.66666667,574.67,1,1,0,0,0,0,0,1,0,2,0,1,40.215,19.98,"12/30/2019","5/8/2020",-10.167,31.233,1316,"Rainfed","International Institute of Tropical Agriculture IITA","Public"
"Zambia",2019,"E0107","G034","L077",2,1,124.6666667,0,51.66666667,"Purple","Tawny",108.6666667,2,0,2.333333333,21.83333333,12.66666667,530.17,3,2,0,0,0,0,0,2,0,1,0,1,39.855,22.02,"12/30/2019","5/8/2020",-10.167,31.233,1316,"Rainfed","ZamSeed","Private"
"Zambia",2019,"E0107","G036","L077",2,0,95.33333333,0,28,"Purple","Tawny",63,1,0,2,11.7,11.33333333,155.72,3,2,0,0,0,0,0,1,0,1,0,1,41.215,21.13,"12/30/2019","5/8/2020",-10.167,31.233,1316,"Rainfed","Kenya Agricultural  Livestock Research Organization KALRO","Public"
"Zambia",2019,"E0107","G039","L077",2,0,121.3333333,0,47,"Purple","Grey",100.6666667,1,0,2.666666667,22.1,15,295.7533333,1,1,0,0,0,0,0,1,0,1,0,1,38.98,21.765,"12/30/2019","5/8/2020",-10.167,31.233,1316,"Rainfed","Kenya Agricultural  Livestock Research Organization KALRO","Public"
"Zambia",2019,"E0107","G056","L077",2,1,43.66666667,0,48.33333333,"Purple","Grey",101,1,0,2,23.63333333,16,212.4766667,2,1,0,0,0,0,0,1,0,2,0,1,35.6,22.02,"12/30/2019","5/8/2020",-10.167,31.233,1316,"Rainfed","ZamSeed","Private"
"Zambia",2019,"E0107","G064","L077",2,0,119.6666667,0,57.66666667,"Purple","Tawny",111.6666667,1,0,2,42.03333333,16,784.16,1,1,0,0,0,0,0,1,0,1,0,1,41.41,20.925,"12/30/2019","5/8/2020",-10.167,31.233,1316,"Rainfed","Makerere University","Public"
"Zambia",2019,"E0107","G065","L077",2,0,146.6666667,0,50,"Purple","Grey",102,1,0,2,24.06666667,14.33333333,565.7433333,1,2,0,0,0,0,0,1,0,1,0,1,41.275,18.95,"12/30/2019","5/8/2020",-10.167,31.233,1316,"Rainfed","Department of Agricultural Research Services DARS","Public"
"Zambia",2019,"E0107","G068","L077",2,0,127.3333333,0,45,"White","Tawny",99.66666667,1,0,2,17.13333333,14.33333333,373.6366667,2,1,0,0,0,0,0,1,0,1,0,1,39.375,21.48,"12/30/2019","5/8/2020",-10.167,31.233,1316,"Rainfed","Crop Breeding Institute CBI","Public"
"Zambia",2019,"E0107","G074","L077",2,0,99.33333333,0,50.33333333,"Purple","Grey",102.3333333,1,0,2,28.56666667,15,637.2366667,1,1,0,0,0,0,0,2,0,1,0,1,39.475,19.475,"12/30/2019","5/8/2020",-10.167,31.233,1316,"Rainfed","Department of Agricultural Research Services DARS","Public"
"Zambia",2019,"E0107","G092","L077",2,0,114,0,50.33333333,"Purple","Grey",105.6666667,1,0,1,30.73333333,16.33333333,770.18,1,1,0,0,0,0,0,2,0,1,0,1,41.905,19.6,"12/30/2019","5/8/2020",-10.167,31.233,1316,"Rainfed","SeedCo","Private"
"Zambia",2019,"E0107","G098","L077",2,0,141.3333333,0,50,"Purple","Tawny",101,1,0,1.333333333,13.93333333,16,403.1066667,1,1,0,0,0,0,0,2,0,1,0,1,42.975,21.265,"12/30/2019","5/8/2020",-10.167,31.233,1316,"Rainfed","SeedCo","Private"
"Zambia",2019,"E0107","G101","L077",2,0,94,0,50,"Purple","Tawny",102.6666667,1,0,1,21.06666667,13.33333333,396.5733333,1,1,0,0,0,0,0,2,0,1,0,1,41.195,19.44,"12/30/2019","5/8/2020",-10.167,31.233,1316,"Rainfed","SeedCo","Private"
"Zambia",2019,"E0107","G107","L077",2,0,120.3333333,0,49.66666667,"Purple","Tawny",106,2,0,1,29.03333333,13.33333333,800.9233333,1,1,0,0,0,0,0,2,0,1,0,1,40.54,21.215,"12/30/2019","5/8/2020",-10.167,31.233,1316,"Rainfed","SeedCo","Private"
"Zambia",2019,"E0107","G133","L077",2,0,124.3333333,0,48,"Purple","Tawny",103.6666667,1,0,1.666666667,25.6,14.66666667,390.32,1,2,0,0,0,0,0,2,0,1,0,1,41.99,20.555,"12/30/2019","5/8/2020",-10.167,31.233,1316,"Rainfed","SeedCo","Private"
"Zambia",2019,"E0107","G134","L077",2,0,97.66666667,0,50,"Purple","Tawny",105.6666667,1,0,1.333333333,25.06666667,13.33333333,627.5133333,1,3,0,0,0,0,0,1,0,1,0,1,36.98,22.63,"12/30/2019","5/8/2020",-10.167,31.233,1316,"Rainfed","SeedCo","Private"
"Zambia",2019,"E0107","G137","L077",2,1,102,0,49.66666667,"Purple","Grey",103.3333333,1,0,1,25.36666667,15.66666667,545.7666667,2,1,0,0,0,0,0,1,0,2,0,1,41.075,21.01,"12/30/2019","5/8/2020",-10.167,31.233,1316,"Rainfed","SeedCo","Private"
"Zambia",2019,"E0107","G138","L077",2,0,83.66666667,0,48.33333333,"Purple","Grey",103,1,0,1,21.06666667,16.66666667,391.24,1,1,0,0,0,0,0,2,0,2,0,1,40.83,20.825,"12/30/2019","5/8/2020",-10.167,31.233,1316,"Rainfed","SeedCo","Private"
"Zambia",2019,"E0107","G141","L077",2,0,91.66666667,0,49.33333333,"Purple","Grey",100.6666667,1,0,1.333333333,22.83333333,13.33333333,476.3133333,2,1,0,0,0,0,0,2,0,1,0,1,38.965,21.69,"12/30/2019","5/8/2020",-10.167,31.233,1316,"Rainfed","SeedCo","Private"
"Zambia",2019,"E0107","G143","L077",2,0,108.6666667,0,49,"White","Tawny",103,1,0,1,26.4,17,999.25,3,1,0,0,0,0,0,2,0,1,0,1,39.09,22.18,"12/30/2019","5/8/2020",-10.167,31.233,1316,"Rainfed","SeedCo","Private"
"Zambia",2019,"E0107","G144","L077",2,0,147.3333333,0,49,"Purple","Grey",99,1,0,2,24.63333333,19.66666667,637.1766667,1,1,0,0,0,0,0,1,0,1,0,1,39.07,20.305,"12/30/2019","5/8/2020",-10.167,31.233,1316,"Rainfed","SeedCo","Private"
"Zambia",2019,"E0107","G145","L077",2,0,127.6666667,0,50,"Purple","Tawny",104,1,0,1,28.56666667,12.66666667,403.3133333,1,1,0,0,0,0,0,1,0,1,0,1,38.33,19.455,"12/30/2019","5/8/2020",-10.167,31.233,1316,"Rainfed","SeedCo","Private"
"Zambia",2019,"E0107","G146","L077",2,0,140.3333333,0,49.33333333,"Purple","Tawny",102,1,0,1.333333333,30.4,16,498.22,1,1,0,0,0,0,0,1,0,1,0,1,39.765,20.465,"12/30/2019","5/8/2020",-10.167,31.233,1316,"Rainfed","SeedCo","Private"
"Zambia",2019,"E0107","G148","L077",2,0,97.33333333,0,50,"Purple","Grey",104,1,0,1,18.93333333,12,540.46,1,2,0,0,0,0,0,2,0,1,0,1,39.385,21.19,"12/30/2019","5/8/2020",-10.167,31.233,1316,"Rainfed","SeedCo","Private"
"Zambia",2019,"E0107","G188","L077",2,0,135.3333333,0,51,"Purple","Tawny",102.6666667,1,0,2.333333333,29.63333333,12.33333333,906.55,1,2,0,0,0,0,0,3,0,1,0,1,39.03,20.3,"12/30/2019","5/8/2020",-10.167,31.233,1316,"Rainfed","International Institute of Tropical Agriculture IITA","Public"
"Zambia",2019,"E0107","G198","L077",2,0,110,0,48.33333333,"Purple","Tawny",100.6666667,1,0,1,23.06666667,18,234.65,2,1,0,0,0,0,0,2,0,1,0,1,38.08,21.995,"12/30/2019","5/8/2020",-10.167,31.233,1316,"Rainfed","International Institute of Tropical Agriculture IITA","Public"
"Zambia",2019,"E0107","G199","L077",2,0,168,0,59.33333333,"Purple","Tawny",112.3333333,2,0,2,29.4,14,605.63,1,1,0,0,0,0,0,1,0,1,0,1,43.34,18.965,"12/30/2019","5/8/2020",-10.167,31.233,1316,"Rainfed","International Institute of Tropical Agriculture IITA","Public"
"Zambia",2019,"E0107","G200","L077",2,0,109.3333333,0,52,"Purple","Tawny",106.3333333,1,0,2,35,12,339.78,2,1,0,0,0,0,0,2,0,1,0,1,40.04,18.995,"12/30/2019","5/8/2020",-10.167,31.233,1316,"Rainfed","International Institute of Tropical Agriculture IITA","Public"
"Zambia",2019,"E0107","G206","L077",2,0,141,0,49.33333333,"White","Tawny",103.3333333,1,0,1,27.1,18.33333333,789.2833333,1,3,0,0,0,0,0,1,0,1,0,1,39.49,21.885,"12/30/2019","5/8/2020",-10.167,31.233,1316,"Rainfed","International Institute of Tropical Agriculture IITA","Public"
"Zambia",2019,"E0107","G207","L077",2,0,112,0,50.33333333,"Purple","Grey",105,1,0,1.333333333,22.26666667,12.33333333,389.84,2,3,0,0,0,0,0,1,0,1,0,1,39.24,19.895,"12/30/2019","5/8/2020",-10.167,31.233,1316,"Rainfed","International Institute of Tropical Agriculture IITA","Public"
"Zambia",2019,"E0107","G208","L077",2,0,108.6666667,0,48,"Purple","Grey",100,1,0,1.333333333,24.23333333,14.66666667,257.93,1,1,0,0,0,0,0,1,0,1,0,1,39.24,20.61,"12/30/2019","5/8/2020",-10.167,31.233,1316,"Rainfed","International Institute of Tropical Agriculture IITA","Public"
"Zambia",2019,"E0107","G210","L077",2,0,66.66666667,0,48.33333333,"Purple","Grey",101.6666667,1,0,1,26.56666667,15.66666667,231.2,1,1,0,0,0,0,0,2,0,1,0,1,38.39,21.005,"12/30/2019","5/8/2020",-10.167,31.233,1316,"Rainfed","International Institute of Tropical Agriculture IITA","Public"
"Zambia",2019,"E0107","G214","L077",2,0,99,0,48,"Purple","Tawny",100.6666667,1,0,1.666666667,24.43333333,11.33333333,673.6166667,1,1,0,0,0,0,0,1,0,1,0,1,41.74,19.79,"12/30/2019","5/8/2020",-10.167,31.233,1316,"Rainfed","International Institute of Tropical Agriculture IITA","Public"
"Zambia",2019,"E0107","G215","L077",2,0,100,0,51,"Purple","Tawny",104.6666667,1,0,1.333333333,28.83333333,13.33333333,417.3566667,3,1,0,0,0,0,0,1,0,1,0,1,38.665,19.43,"12/30/2019","5/8/2020",-10.167,31.233,1316,"Rainfed","International Institute of Tropical Agriculture IITA","Public"
"Zambia",2019,"E0107","G216","L077",2,0,109.3333333,0,49,"White","Tawny",102.6666667,2,0,0.666666667,16.83333333,16.33333333,472.9866667,1,1,0,0,0,0,0,1,0,1,0,1,38.35,22.475,"12/30/2019","5/8/2020",-10.167,31.233,1316,"Rainfed","International Institute of Tropical Agriculture IITA","Public"
"Zambia",2019,"E0107","G233","L077",2,0,137,0,49,"White","Tawny",102,1,0,1,26.6,17,682.88,1,1,0,0,0,0,0,1,0,1,0,1,41.96,20.295,"12/30/2019","5/8/2020",-10.167,31.233,1316,"Rainfed","International Institute of Tropical Agriculture IITA","Public"
"Zambia",2019,"E0107","G235","L077",2,0,141,0,50,"Purple","Tawny",104,1,0,1.333333333,21,15,565.3933333,2,2,0,0,0,0,0,1,0,1,0,1,40.115,22.045,"12/30/2019","5/8/2020",-10.167,31.233,1316,"Rainfed","International Institute of Tropical Agriculture IITA","Public"
"Zambia",2019,"E0107","G237","L077",2,0,150.6666667,0,51.66666667,"Purple","Grey",105,1,0,1.333333333,27.73333333,15.33333333,591.7466667,1,1,0,0,0,0,0,1,0,1,0,1,40.24,19.18,"12/30/2019","5/8/2020",-10.167,31.233,1316,"Rainfed","International Institute of Tropical Agriculture IITA","Public"
"Zambia",2019,"E0107","G246","L077",2,0,120.6666667,0,48,"Purple","Grey",100.6666667,1,0,2,26.46666667,16,353.1633333,2,1,0,0,0,0,0,1,0,1,0,1,42.885,19.1,"12/30/2019","5/8/2020",-10.167,31.233,1316,"Rainfed","International Institute of Tropical Agriculture IITA","Public"
"Malawi",2020,"E0138","G002","L064",1,0,197.6666667,0,55.66666667,"White","Grey",94,1,0,1,47.32666667,14.66666667,4285.333333,1,1,0,0,0,0,0,1,1,1,0,1,41.87,22.62666667,"6/19/2020","11/16/2020",-15.22,35.492,648,"Rainfed","CSIRO Agriculture and Food","Public"
"Malawi",2020,"E0138","G007","L064",1,0,189,0,67.66666667,"White","Grey",128.3333333,5,0,1,119.1333333,16.66666667,4222,1,1,0,0,0,0,0,1,1,1,0,1,43.26,19.43333333,"6/19/2020","11/16/2020",-15.22,35.492,648,"Rainfed","Kenya Agricultural  Livestock Research Organization KALRO","Public"
"Malawi",2020,"E0138","G018","L064",1,0,205.6666667,0,54.66666667,"Purple","Tawny",94.33333333,1,0,1,49.53333333,19.66666667,3593,1,1,0,0,0,0,0,1,1,1,0,1,45.43333333,21.37333333,"6/19/2020","11/16/2020",-15.22,35.492,648,"Rainfed","Ethiopian Institute of Agricultural Research EIAR","Public"
"Malawi",2020,"E0138","G021","L064",1,0,199.3333333,0,55.33333333,"Purple","Grey",94,1,0,1,39.46666667,18.33333333,2068.666667,1,1,0,0,0,0,0,1,1,1,0,1,41.58333333,22.30666667,"6/19/2020","11/16/2020",-15.22,35.492,648,"Rainfed","Agricultural Research Council ARC","Public"
"Malawi",2020,"E0138","G022","L064",1,0,187.3333333,0,55.66666667,"Purple","Tawny",108,2,0,1,73.4,20,4497.666667,1,1,0,0,0,0,0,1,1,1,0,1,40.83666667,20.57333333,"6/19/2020","11/16/2020",-15.22,35.492,648,"Rainfed","Agricultural Research Council ARC","Public"
"Malawi",2020,"E0138","G028","L064",1,0,178,0,59.66666667,"White","Grey",102.3333333,1,0,1,44.92,18.66666667,2521,1,1,0,0,0,0,0,1,1,1,0,1,45.62333333,20.95666667,"6/19/2020","11/16/2020",-15.22,35.492,648,"Rainfed","CSIRO Agriculture and Food","Public"
"Malawi",2020,"E0138","G029","L064",1,0,175.6666667,0,44.33333333,"Purple","Grey",94.66666667,1,0,1,56.33333333,19,3283.333333,1,1,0,0,0,0,0,1,1,1,0,1,39.25333333,22.48333333,"6/19/2020","11/16/2020",-15.22,35.492,648,"Rainfed","Agricultural Research Council ARC","Public"
"Malawi",2020,"E0138","G030","L064",1,0,201.6666667,0,49,"Purple","Grey",93.66666667,1,0,1,37.14666667,17.33333333,2893,1,1,0,0,0,0,0,1,1,1,0,1,40.96666667,21.37,"6/19/2020","11/16/2020",-15.22,35.492,648,"Rainfed","Agricultural Research Council ARC","Public"
"Malawi",2020,"E0138","G032","L064",1,0,173.6666667,0,58.66666667,"White","Tawny",106.6666667,3,0,1,66.6,19.33333333,4646,1,1,0,0,0,0,0,1,1,1,0,1,43.58,20.73,"6/19/2020","11/16/2020",-15.22,35.492,648,"Rainfed","CSIRO Agriculture and Food","Public"
"Malawi",2020,"E0138","G036","L064",1,0,197.6666667,0,51,"Purple","Grey",95,1,0,1,50.66666667,18.33333333,2888,1,1,0,0,0,0,0,1,1,1,0,1,NA,NA,"6/19/2020","11/16/2020",-15.22,35.492,648,"Rainfed","Kenya Agricultural  Livestock Research Organization KALRO","Public"
"Malawi",2020,"E0138","G037","L064",1,0,181,0,49.33333333,"Mixed","Grey",94,1,0,1,55.06666667,18.33333333,3066,1,1,0,0,0,0,0,1,1,1,0,1,41.82,21.44,"6/19/2020","11/16/2020",-15.22,35.492,648,"Rainfed","Kenya Agricultural  Livestock Research Organization KALRO","Public"
"Malawi",2020,"E0138","G039","L064",1,0,195.3333333,0,53.66666667,"White","Tawny",91,1,0,1,43.53333333,18.33333333,2596.666667,1,1,0,0,0,0,0,1,1,1,0,1,NA,NA,"6/19/2020","11/16/2020",-15.22,35.492,648,"Rainfed","Kenya Agricultural  Livestock Research Organization KALRO","Public"
"Malawi",2020,"E0138","G042","L064",1,0,198.6666667,0,71.33333333,"Purple","Tawny",125.3333333,1,0,1,72.73333333,17.66666667,3699,1,1,0,0,0,0,0,1,1,1,0,1,40.36333333,20.68333333,"6/19/2020","11/16/2020",-15.22,35.492,648,"Rainfed","CSIRO Agriculture and Food","Public"
"Malawi",2020,"E0138","G043","L064",1,0,187,0,42.66666667,"White","Grey",93.33333333,1,0,1,37,17,3134.666667,1,1,0,0,0,0,0,1,1,1,0,1,41.32,21.85,"6/19/2020","11/16/2020",-15.22,35.492,648,"Rainfed","University of Illinois","Public"
"Malawi",2020,"E0138","G044","L064",1,0,202,0,37,"White","Grey",88,1,0,1,35.93333333,19,2320,1,1,0,0,0,0,0,1,1,1,0,1,42.69,21.35333333,"6/19/2020","11/16/2020",-15.22,35.492,648,"Rainfed","University of Illinois","Public"
"Malawi",2020,"E0138","G056","L064",1,0,193.6666667,0,55,"Purple","Grey",101.3333333,1,0,1,66.4,20.66666667,4381.666667,1,1,0,0,0,0,0,1,1,1,0,1,28.515,25.485,"6/19/2020","11/16/2020",-15.22,35.492,648,"Rainfed","ZamSeed","Private"
"Malawi",2020,"E0138","G065","L064",1,1,166.6666667,0,51.66666667,"Purple","Grey",107.3333333,1,0,1,59.4,17.66666667,3106.666667,1,1,0,0,0,0,0,1,1,1,0,1,42.25,20.09666667,"6/19/2020","11/16/2020",-15.22,35.492,648,"Rainfed","Department of Agricultural Research Services DARS","Public"
"Malawi",2020,"E0138","G074","L064",1,1,189.6666667,0,50.33333333,"Purple","Grey",104.6666667,1,0,2,73.06666667,19.33333333,3757,1,1,0,0,0,0,0,1,1,1,0,1,41.9,20.10666667,"6/19/2020","11/16/2020",-15.22,35.492,648,"Rainfed","Department of Agricultural Research Services DARS","Public"
"Malawi",2020,"E0138","G075","L064",1,0,197,0,55.66666667,"White","Grey",101.3333333,2,0,1,55.68,8.666666667,3940.333333,1,1,0,0,0,0,0,1,1,1,0,1,45.80666667,19.93666667,"6/19/2020","11/16/2020",-15.22,35.492,648,"Rainfed","CSIRO Agriculture and Food","Public"
"Malawi",2020,"E0138","G092","L064",1,0,168.6666667,0,61,"Purple","Grey",108.3333333,3,0,1,73.94,22.66666667,5457,1,1,0,0,0,0,0,1,1,1,0,1,41.91,21.27333333,"6/19/2020","11/16/2020",-15.22,35.492,648,"Rainfed","SeedCo","Private"
"Malawi",2020,"E0138","G093","L064",1,0,185.6666667,0,27.33333333,"Purple","Grey",78,1,0,1,18.26666667,14.33333333,1018.666667,1,1,0,0,0,0,0,1,1,1,0,1,40.23666667,21.36,"6/19/2020","11/16/2020",-15.22,35.492,648,"Rainfed","University of Missouri","Public"
"Malawi",2020,"E0138","G095","L064",1,0,108.3333333,0,67.33333333,"Purple","Grey",120,1,0,1,80.66,19,1453,1,1,0,0,0,0,0,1,1,1,0,1,38.31666667,22.94,"6/19/2020","11/16/2020",-15.22,35.492,648,"Rainfed","SeedCo","Private"
"Malawi",2020,"E0138","G098","L064",1,0,190.3333333,0,52.33333333,"Purple","Tawny",98,1,0,1,52.4,20.33333333,4277.333333,1,1,0,0,0,0,0,1,1,1,0,1,37.68333333,23.27333333,"6/19/2020","11/16/2020",-15.22,35.492,648,"Rainfed","SeedCo","Private"
"Malawi",2020,"E0138","G101","L064",1,0,197.3333333,0,61.33333333,"Purple","Grey",112.6666667,1,0,1,61.53333333,19.33333333,4453.666667,1,1,0,0,0,0,0,1,1,1,0,1,40.64666667,20.81333333,"6/19/2020","11/16/2020",-15.22,35.492,648,"Rainfed","SeedCo","Private"
"Malawi",2020,"E0138","G102","L064",1,0,54,0,70.66666667,"White","Grey",125.6666667,1,0,1,51.66666667,23.33333333,1076.666667,1,1,0,0,0,0,0,1,1,1,0,1,42.64,21.29,"6/19/2020","11/16/2020",-15.22,35.492,648,"Rainfed","SeedCo","Private"
"Malawi",2020,"E0138","G103","L064",1,0,13,0,60,"Purple","Grey",96.33333333,1,0,2.333333333,35.33333333,22.33333333,647.3333333,1,1,0,0,0,0,0,1,1,1,0,1,37.77,22.11666667,"6/19/2020","11/16/2020",-15.22,35.492,648,"Rainfed","SeedCo","Private"
"Malawi",2020,"E0138","G108","L064",1,0,202,0,47,"White","Grey",90.66666667,1,0,1,33.53333333,18.33333333,2844.666667,1,1,0,0,0,0,0,1,1,1,0,1,42.21333333,21.3,"6/19/2020","11/16/2020",-15.22,35.492,648,"Rainfed","University of Missouri","Public"
"Malawi",2020,"E0138","G119","L064",1,0,186.3333333,0,26.66666667,"Purple","Grey",82.66666667,1,0,2,34.66666667,18.66666667,1832.666667,1,1,0,0,0,0,0,1,1,1,0,1,39.83333333,22.06666667,"6/19/2020","11/16/2020",-15.22,35.492,648,"Rainfed","University of Missouri","Public"
"Malawi",2020,"E0138","G120","L064",1,0,171,0,45,"White","Grey",89.33333333,1,0,1,36.46666667,19.33333333,3078,1,1,0,0,0,0,0,1,1,1,0,1,40.18666667,22.22666667,"6/19/2020","11/16/2020",-15.22,35.492,648,"Rainfed","University of Missouri","Public"
"Malawi",2020,"E0138","G121","L064",1,0,180,0,55.33333333,"Purple","Grey",110,4,0,1.666666667,98.53333333,19,2866,1,1,0,0,0,0,0,1,1,1,0,1,40.09333333,21.05,"6/19/2020","11/16/2020",-15.22,35.492,648,"Rainfed","CSIRO Agriculture and Food","Public"
"Malawi",2020,"E0138","G129","L064",1,0,181.3333333,0,49,"Purple","Grey",94,1,0,1,44.26666667,23,3428,1,1,0,0,0,0,0,1,1,1,0,1,41.97,21.11666667,"6/19/2020","11/16/2020",-15.22,35.492,648,"Rainfed","Kenya Agricultural  Livestock Research Organization KALRO","Public"
"Malawi",2020,"E0138","G136","L064",1,0,201.3333333,0,38.33333333,"White","Grey",94,1,0,1,39.33333333,17.66666667,3318.666667,1,1,0,0,0,0,0,1,1,1,0,1,39.88666667,21.57666667,"6/19/2020","11/16/2020",-15.22,35.492,648,"Rainfed","Ethiopian Institute of Agricultural Research EIAR","Public"
"Malawi",2020,"E0138","G138","L064",1,0,195.3333333,0,53.33333333,"Purple","Grey",100.6666667,1,0,1,62.79333333,22.66666667,3557.333333,1,1,0,0,0,0,0,1,1,1,0,1,30.48,25,"6/19/2020","11/16/2020",-15.22,35.492,648,"Rainfed","SeedCo","Private"
"Malawi",2020,"E0138","G142","L064",1,0,0.666666667,0,17,"White","Grey",31.33333333,0,0,0.333333333,7.666666667,6.666666667,NA,0,0,0,0,0,0,0,0,0,0,0,0,44.13666667,21.38,"6/19/2020","11/16/2020",-15.22,35.492,648,"Rainfed","SeedCo","Private"
"Malawi",2020,"E0138","G143","L064",1,0,200.6666667,0,55.66666667,"White","Grey",107.6666667,2,0,1.333333333,60.2,24.66666667,5600.333333,1,1,0,0,0,0,0,1,1,1,0,1,41.51333333,22.06666667,"6/19/2020","11/16/2020",-15.22,35.492,648,"Rainfed","SeedCo","Private"
"Malawi",2020,"E0138","G145","L064",1,0,179.6666667,0,62.33333333,"Purple","Grey",121,3,0,1,97.2,18.66666667,5479,1,1,0,0,0,0,0,1,1,1,0,1,40,19.82,"6/19/2020","11/16/2020",-15.22,35.492,648,"Rainfed","SeedCo","Private"
"Malawi",2020,"E0138","G146","L064",1,0,170.3333333,0,57.33333333,"Purple","Tawny",101.6666667,1,0,1,66.33333333,20.33333333,3256.666667,1,1,0,0,0,0,0,1,1,1,0,1,40.57333333,21.13333333,"6/19/2020","11/16/2020",-15.22,35.492,648,"Rainfed","SeedCo","Private"
"Malawi",2020,"E0138","G151","L064",1,0,195.3333333,0,54,"Purple","Grey",92.66666667,1,0,1,44.26666667,18.33333333,2831.333333,1,1,0,0,0,0,0,1,1,1,0,1,41.56,22.64,"6/19/2020","11/16/2020",-15.22,35.492,648,"Rainfed","Sensako","Private"
"Malawi",2020,"E0138","G152","L064",1,0,187.3333333,0,31.66666667,"White","Tawny",82.66666667,1,0,1,33.8,18.66666667,2066.333333,1,1,0,0,0,0,0,1,1,1,0,1,42.155,21.655,"6/19/2020","11/16/2020",-15.22,35.492,648,"Rainfed","Sensako","Private"
"Malawi",2020,"E0138","G153","L064",1,0,197.3333333,0,31.33333333,"White","Grey",86,1,0,2.333333333,36.33333333,19.33333333,2009.333333,1,1,0,0,0,0,0,1,1,1,0,1,43.74666667,21.26333333,"6/19/2020","11/16/2020",-15.22,35.492,648,"Rainfed","Sensako","Private"
"Malawi",2020,"E0138","G154","L064",1,0,194.3333333,0,31.33333333,"Purple","Tawny",70.66666667,1,0,1,36.46666667,21.66666667,2889.333333,1,1,0,0,0,0,0,1,1,1,0,1,42.23,21.17666667,"6/19/2020","11/16/2020",-15.22,35.492,648,"Rainfed","Sensako","Private"
"Malawi",2020,"E0138","G155","L064",1,0,204,0,51,"White","Grey",93.66666667,1,0,1,36.4,20,2410,1,1,0,0,0,0,0,1,1,1,0,1,42.13333333,21.57666667,"6/19/2020","11/16/2020",-15.22,35.492,648,"Rainfed","Sensako","Private"
"Malawi",2020,"E0138","G157","L064",1,0,7.666666667,0,51.33333333,"Purple","Grey",109,1,0,1,60.85,22.66666667,1013.666667,1,1,0,0,0,0,0,1,1,1,0,1,NA,NA,"6/19/2020","11/16/2020",-15.22,35.492,648,"Rainfed","Sensako","Private"
"Malawi",2020,"E0138","G160","L064",1,0,173.3333333,0,54.66666667,"White","Grey",109,1,0,1,54.2,22,4266.333333,1,1,0,0,0,0,0,1,1,1,0,1,42.08666667,21.41333333,"6/19/2020","11/16/2020",-15.22,35.492,648,"Rainfed","CSIRO Agriculture and Food","Public"
"Malawi",2020,"E0138","G188","L064",1,0,158.3333333,0,53,"Purple","Tawny",100.6666667,1,0,2,61.93333333,13.66666667,2524.333333,1,1,0,0,0,0,0,1,1,1,0,1,41.19,21.01333333,"6/19/2020","11/16/2020",-15.22,35.492,648,"Rainfed","International Institute of Tropical Agriculture IITA","Public"
"Malawi",2020,"E0138","G198","L064",1,0,185.3333333,0,57.33333333,"White","Grey",107.3333333,1,0,1,51.46666667,27.33333333,3094,1,1,0,0,0,0,0,1,1,1,0,1,38.11666667,23.25333333,"6/19/2020","11/16/2020",-15.22,35.492,648,"Rainfed","International Institute of Tropical Agriculture IITA","Public"
"Malawi",2020,"E0138","G206","L064",1,0,201.3333333,0,55.33333333,"Purple","Grey",105.6666667,1,0,1,57.93333333,22.66666667,3709.333333,1,1,0,0,0,0,0,1,1,1,0,1,30.75333333,24.33333333,"6/19/2020","11/16/2020",-15.22,35.492,648,"Rainfed","International Institute of Tropical Agriculture IITA","Public"
"Malawi",2020,"E0138","G216","L064",1,0,157.6666667,0,56.66666667,"White","Grey",108,1,0,1,61.2,26,4355,1,1,0,0,0,0,0,1,1,1,0,1,34.47,24.61666667,"6/19/2020","11/16/2020",-15.22,35.492,648,"Rainfed","International Institute of Tropical Agriculture IITA","Public"
"Malawi",2020,"E0138","G233","L064",1,0,190.6666667,0,52.33333333,"White","Grey",107.3333333,1,0,1,59.53333333,20,3649.333333,1,1,0,0,0,0,0,1,1,1,0,1,40.63666667,21.94666667,"6/19/2020","11/16/2020",-15.22,35.492,648,"Rainfed","International Institute of Tropical Agriculture IITA","Public"
"Malawi",2020,"E0138","G365","L064",1,1,201.6666667,0,57,"Purple","Tawny",95,1,0,1,56,13.66666667,2767.666667,1,1,0,0,0,0,0,1,1,1,0,1,41.09333333,21.23333333,"6/19/2020","11/16/2020",-15.22,35.492,648,"Rainfed","Department of Agricultural Research Services DARS","Public"
"Malawi",2020,"E0137","G002","L063",1,0,352.6666667,0,48.33333333,"White","Grey",110,1,0,1,42.82,17.33333333,3320.666667,1,1,0,0,0,0,0,1,1,1,0,1,44.29,22.16666667,"6/17/2020","10/28/2020",-14.27,34.577,505,"Rainfed","CSIRO Agriculture and Food","Public"
"Malawi",2020,"E0137","G007","L063",1,0,263.3333333,0,64,"White","Grey",119.6666667,5,0,1,106.1666667,14,2680.333333,1,1,0,0,0,0,0,1,1,1,0,1,44.07333333,20.75,"6/17/2020","10/28/2020",-14.27,34.577,505,"Rainfed","Kenya Agricultural  Livestock Research Organization KALRO","Public"
"Malawi",2020,"E0137","G018","L063",1,0,285,0,51,"Purple","Tawny",108.3333333,1,0,1,49.67333333,20.33333333,2880.666667,1,1,0,0,0,0,0,1,1,1,0,1,45.92666667,21.96333333,"6/17/2020","10/28/2020",-14.27,34.577,505,"Rainfed","Ethiopian Institute of Agricultural Research EIAR","Public"
"Malawi",2020,"E0137","G021","L063",1,0,374,0,50.66666667,"Purple","Grey",104,1,0,1,44.49333333,19,3750,1,1,0,0,0,0,0,1,1,1,0,1,43.89333333,21.14333333,"6/17/2020","10/28/2020",-14.27,34.577,505,"Rainfed","Agricultural Research Council ARC","Public"
"Malawi",2020,"E0137","G022","L063",1,0,357.6666667,0,51,"Purple","Tawny",107.3333333,1,0,1,58.29333333,20.33333333,3327.666667,1,1,0,0,0,0,0,1,1,1,0,1,43.00333333,20.01,"6/17/2020","10/28/2020",-14.27,34.577,505,"Rainfed","Agricultural Research Council ARC","Public"
"Malawi",2020,"E0137","G028","L063",1,0,275.6666667,0,60.33333333,"White","Grey",114.6666667,1,0,1,64.07333333,20.33333333,3315,1,1,0,0,0,0,0,1,1,1,0,1,46.55,21.02333333,"6/17/2020","10/28/2020",-14.27,34.577,505,"Rainfed","CSIRO Agriculture and Food","Public"
"Malawi",2020,"E0137","G029","L063",1,0,238.6666667,0,43.33333333,"Purple","Grey",107,2,0,1,72.38666667,20.66666667,2972.666667,1,1,0,0,0,0,0,1,1,1,0,1,39.91666667,22.87,"6/17/2020","10/28/2020",-14.27,34.577,505,"Rainfed","Agricultural Research Council ARC","Public"
"Malawi",2020,"E0137","G030","L063",1,0,377,0,44.66666667,"Purple","Grey",105.3333333,1,0,1.333333333,30.33333333,17.33333333,2707.333333,1,1,0,0,0,0,0,1,1,1,0,1,45.99333333,19.93666667,"6/17/2020","10/28/2020",-14.27,34.577,505,"Rainfed","Agricultural Research Council ARC","Public"
"Malawi",2020,"E0137","G032","L063",1,0,356,0,60.33333333,"White","Tawny",116,1,0,1,57.68,21,4319,1,1,0,0,0,0,0,1,1,1,0,1,43.96,20.82,"6/17/2020","10/28/2020",-14.27,34.577,505,"Rainfed","CSIRO Agriculture and Food","Public"
"Malawi",2020,"E0137","G036","L063",1,0,326,0,48.33333333,"Purple","Grey",106,1,0,1.666666667,49.38666667,21.33333333,3659.333333,1,1,0,0,0,0,0,1,1,1,0,1,42.74333333,21.96,"6/17/2020","10/28/2020",-14.27,34.577,505,"Rainfed","Kenya Agricultural  Livestock Research Organization KALRO","Public"
"Malawi",2020,"E0137","G037","L063",1,0,402.6666667,0,45.33333333,"Purple","Grey",104.3333333,1,0,1,53.36,18,2910.666667,1,1,0,0,0,0,0,1,1,1,0,1,42.09333333,22.77333333,"6/17/2020","10/28/2020",-14.27,34.577,505,"Rainfed","Kenya Agricultural  Livestock Research Organization KALRO","Public"
"Malawi",2020,"E0137","G039","L063",1,0,334.6666667,0,49,"White","Tawny",101.6666667,1,0,1,34.82,17.33333333,2190,1,1,0,0,0,0,0,1,1,1,0,1,39.10666667,22.94333333,"6/17/2020","10/28/2020",-14.27,34.577,505,"Rainfed","Kenya Agricultural  Livestock Research Organization KALRO","Public"
"Malawi",2020,"E0137","G042","L063",1,0,350.3333333,0,61.33333333,"Purple","Tawny",123.3333333,1,0,1,68.80666667,18,4153,1,1,0,0,0,0,0,1,1,1,0,1,43.49,21.76,"6/17/2020","10/28/2020",-14.27,34.577,505,"Rainfed","CSIRO Agriculture and Food","Public"
"Malawi",2020,"E0137","G043","L063",1,0,308.6666667,0,44.33333333,"White","Grey",104,1,0,1,32.73333333,19.33333333,3204.666667,1,1,0,0,0,0,0,1,1,1,0,1,42.91,21.48,"6/17/2020","10/28/2020",-14.27,34.577,505,"Rainfed","University of Illinois","Public"
"Malawi",2020,"E0137","G044","L063",1,0,355.3333333,0,43.66666667,"White","Grey",113.6666667,1,0,1,31.9,20.33333333,3318.333333,1,1,0,0,0,0,0,1,1,1,0,1,43.81666667,21.17,"6/17/2020","10/28/2020",-14.27,34.577,505,"Rainfed","University of Illinois","Public"
"Malawi",2020,"E0137","G056","L063",1,0,302.6666667,0,50,"Purple","Grey",114.3333333,1,0,1,60.56666667,22.66666667,4534.666667,1,1,0,0,0,0,0,1,1,1,0,1,39.95666667,21.72333333,"6/17/2020","10/28/2020",-14.27,34.577,505,"Rainfed","ZamSeed","Private"
"Malawi",2020,"E0137","G065","L063",1,1,273,0,51,"Purple","Grey",110.3333333,1,0,1,54.34666667,21.66666667,3432.666667,1,1,0,0,0,0,0,1,1,1,0,1,45.04,19.10666667,"6/17/2020","10/28/2020",-14.27,34.577,505,"Rainfed","Department of Agricultural Research Services DARS","Public"
"Malawi",2020,"E0137","G074","L063",1,1,248.6666667,0,49,"Purple","Grey",107.3333333,1,0,1,56.02666667,20.33333333,3844,1,1,0,0,0,0,0,1,1,1,0,1,45.43,19.35666667,"6/17/2020","10/28/2020",-14.27,34.577,505,"Rainfed","Department of Agricultural Research Services DARS","Public"
"Malawi",2020,"E0137","G075","L063",1,0,345.6666667,0,60.33333333,"White","Grey",113,4,0,2,57.99333333,11.66666667,4223.666667,1,1,0,0,0,0,0,1,1,1,0,1,47.19,19.28,"6/17/2020","10/28/2020",-14.27,34.577,505,"Rainfed","CSIRO Agriculture and Food","Public"
"Malawi",2020,"E0137","G092","L063",1,0,313.6666667,0,60.33333333,"Purple","Grey",121,2,0,1.333333333,66.99333333,19.66666667,3573.333333,1,1,0,0,0,0,0,1,1,1,0,1,44.30333333,21.01666667,"6/17/2020","10/28/2020",-14.27,34.577,505,"Rainfed","SeedCo","Private"
"Malawi",2020,"E0137","G093","L063",1,0,291,0,36.33333333,"Purple","Grey",98.66666667,1,0,1.333333333,20.56,13.66666667,1086.666667,1,1,0,0,0,0,0,1,1,1,0,1,43.33,20.52,"6/17/2020","10/28/2020",-14.27,34.577,505,"Rainfed","University of Missouri","Public"
"Malawi",2020,"E0137","G095","L063",1,0,305.3333333,0,64.33333333,"Purple","Grey",114.6666667,1,0,1,75.19333333,17.66666667,3851.333333,1,1,0,0,0,0,0,1,1,1,0,1,41.59333333,22.58333333,"6/17/2020","10/28/2020",-14.27,34.577,505,"Rainfed","SeedCo","Private"
"Malawi",2020,"E0137","G098","L063",1,0,296.3333333,0,48,"Purple","Tawny",104,2,0,1,53.89333333,21.33333333,2867.333333,1,1,0,0,0,0,0,1,1,1,0,1,NA,NA,"6/17/2020","10/28/2020",-14.27,34.577,505,"Rainfed","SeedCo","Private"
"Malawi",2020,"E0137","G101","L063",1,0,291.6666667,0,56.33333333,"Purple","Grey",119.3333333,1,0,1,53.64,17.33333333,3450.666667,1,1,0,0,0,0,0,1,1,1,0,1,42.17,21.09666667,"6/17/2020","10/28/2020",-14.27,34.577,505,"Rainfed","SeedCo","Private"
"Malawi",2020,"E0137","G102","L063",1,0,8.666666667,0,63.33333333,"White","Grey",118.6666667,1,0,1,42.69333333,15.66666667,533,1,1,0,0,0,0,0,1,1,1,0,1,42.77,22.10333333,"6/17/2020","10/28/2020",-14.27,34.577,505,"Rainfed","SeedCo","Private"
"Malawi",2020,"E0137","G103","L063",1,0,28.33333333,0,54.66666667,"Purple","Grey",120.6666667,1,0,1,34.60666667,17,580,1,1,0,0,0,0,0,1,1,1,0,1,42.64666667,22.11,"6/17/2020","10/28/2020",-14.27,34.577,505,"Rainfed","SeedCo","Private"
"Malawi",2020,"E0137","G108","L063",1,0,256.6666667,0,43.66666667,"White","Grey",103.6666667,1,0,1.666666667,31.90666667,18.66666667,2464,1,1,0,0,0,0,0,1,1,1,0,1,43.25333333,21.86333333,"6/17/2020","10/28/2020",-14.27,34.577,505,"Rainfed","University of Missouri","Public"
"Malawi",2020,"E0137","G119","L063",1,0,322.3333333,0,37.33333333,"Purple","Grey",89.66666667,1,0,1.666666667,27.16666667,17.66666667,1277,1,1,0,0,0,0,0,1,1,1,0,1,43.13,21.98,"6/17/2020","10/28/2020",-14.27,34.577,505,"Rainfed","University of Missouri","Public"
"Malawi",2020,"E0137","G120","L063",1,0,384,0,44,"White","Grey",104.3333333,1,0,1,31.67333333,19,3216.333333,1,1,0,0,0,0,0,1,1,1,0,1,43.29333333,21.78333333,"6/17/2020","10/28/2020",-14.27,34.577,505,"Rainfed","University of Missouri","Public"
"Malawi",2020,"E0137","G121","L063",1,0,336,0,51.66666667,"Purple","Grey",111,4,0,1,73.60666667,18.66666667,2697.333333,1,1,0,0,0,0,0,1,1,1,0,1,44.47666667,20.33333333,"6/17/2020","10/28/2020",-14.27,34.577,505,"Rainfed","CSIRO Agriculture and Food","Public"
"Malawi",2020,"E0137","G129","L063",1,0,336,0,48.66666667,"Purple","Grey",108,1,0,1,47.90666667,22.66666667,3523.666667,1,1,0,0,0,0,0,1,1,1,0,1,43.34333333,21.09666667,"6/17/2020","10/28/2020",-14.27,34.577,505,"Rainfed","Kenya Agricultural  Livestock Research Organization KALRO","Public"
"Malawi",2020,"E0137","G136","L063",1,0,300.3333333,0,43,"White","Grey",104.6666667,1,0,1.333333333,33.01333333,18.33333333,3359.666667,1,1,0,0,0,0,0,1,1,1,0,1,43.15333333,21.42333333,"6/17/2020","10/28/2020",-14.27,34.577,505,"Rainfed","Ethiopian Institute of Agricultural Research EIAR","Public"
"Malawi",2020,"E0137","G138","L063",1,0,185.6666667,0,50.33333333,"Purple","Grey",113,1,0,1,64.18666667,22.33333333,2088.333333,1,1,0,0,0,0,0,1,1,1,0,1,44.31666667,21.08333333,"6/17/2020","10/28/2020",-14.27,34.577,505,"Rainfed","SeedCo","Private"
"Malawi",2020,"E0137","G142","L063",1,0,0.666666667,0,40.66666667,"Purple","Grey",79.33333333,1,0,0.666666667,48.3,9,NA,1,1,0,0,0,0,0,1,1,1,0,1,43.39,21.65333333,"6/17/2020","10/28/2020",-14.27,34.577,505,"Rainfed","SeedCo","Private"
"Malawi",2020,"E0137","G143","L063",1,0,256,0,50.66666667,"White","Grey",117,1,0,1,56.42666667,24,3911.333333,1,1,0,0,0,0,0,1,1,1,0,1,42.30333333,22.95333333,"6/17/2020","10/28/2020",-14.27,34.577,505,"Rainfed","SeedCo","Private"
"Malawi",2020,"E0137","G145","L063",1,0,274.3333333,0,55.33333333,"Purple","Grey",123.3333333,1,0,1,79.16,16.33333333,3432,1,1,0,0,0,0,0,1,1,1,0,1,43.24333333,20.73666667,"6/17/2020","10/28/2020",-14.27,34.577,505,"Rainfed","SeedCo","Private"
"Malawi",2020,"E0137","G146","L063",1,0,295.6666667,0,62.66666667,"Purple","Tawny",123,1,0,1,73.28,20.33333333,4010.333333,1,1,0,0,0,0,0,1,1,1,0,1,42.80666667,21.31,"6/17/2020","10/28/2020",-14.27,34.577,505,"Rainfed","SeedCo","Private"
"Malawi",2020,"E0137","G151","L063",1,0,378.3333333,0,50.66666667,"Purple","Grey",104,1,0,1,37.84,19,3263,1,1,0,0,0,0,0,1,1,1,0,1,44.57666667,21.65333333,"6/17/2020","10/28/2020",-14.27,34.577,505,"Rainfed","Sensako","Private"
"Malawi",2020,"E0137","G152","L063",1,0,366.3333333,0,41.33333333,"White","Tawny",92,1,0,1.333333333,42.78333333,19,2201.333333,1,1,0,0,0,0,0,1,1,1,0,1,42.42333333,22.44333333,"6/17/2020","10/28/2020",-14.27,34.577,505,"Rainfed","Sensako","Private"
"Malawi",2020,"E0137","G153","L063",1,0,373,0,43.66666667,"Mixed","Grey",93.66666667,1,0,1.333333333,36.14,20.33333333,1585.666667,1,1,0,0,0,0,0,1,1,1,0,1,44.235,21.495,"6/17/2020","10/28/2020",-14.27,34.577,505,"Rainfed","Sensako","Private"
"Malawi",2020,"E0137","G154","L063",1,0,281.6666667,0,40,"Purple","Tawny",102.6666667,1,0,1.666666667,41.24,21,2431.666667,1,1,0,0,0,0,0,1,1,1,0,1,43.39666667,21.72666667,"6/17/2020","10/28/2020",-14.27,34.577,505,"Rainfed","Sensako","Private"
"Malawi",2020,"E0137","G155","L063",1,0,336.6666667,0,49.66666667,"White","Grey",111.3333333,1,0,1.333333333,35.35333333,19,2506.333333,1,1,0,0,0,0,0,1,1,1,0,1,41.09333333,22.31,"6/17/2020","10/28/2020",-14.27,34.577,505,"Rainfed","Sensako","Private"
"Malawi",2020,"E0137","G157","L063",1,0,6,0,54.33333333,"Purple","Grey",113,1,0,1,60.22333333,16.33333333,1500.666667,1,1,0,0,0,0,0,1,1,1,0,1,43.28,21.98,"6/17/2020","10/28/2020",-14.27,34.577,505,"Rainfed","Sensako","Private"
"Malawi",2020,"E0137","G160","L063",1,0,331.3333333,0,55.33333333,"White","Grey",117,1,0,1,57.97333333,19,3712.666667,1,1,0,0,0,0,0,1,1,1,0,1,41.70666667,22.11666667,"6/17/2020","10/28/2020",-14.27,34.577,505,"Rainfed","CSIRO Agriculture and Food","Public"
"Malawi",2020,"E0137","G188","L063",1,0,287.6666667,0,54.66666667,"Purple","Tawny",98.66666667,1,0,1.666666667,70.78,15,3126.333333,1,1,0,0,0,0,0,1,1,1,0,1,43.18666667,20.23,"6/17/2020","10/28/2020",-14.27,34.577,505,"Rainfed","International Institute of Tropical Agriculture IITA","Public"
"Malawi",2020,"E0137","G198","L063",1,0,278,0,52,"White","Grey",118.6666667,1,0,1,63.40666667,28.33333333,3747.666667,1,1,0,0,0,0,0,1,1,1,0,1,43.34,22.8,"6/17/2020","10/28/2020",-14.27,34.577,505,"Rainfed","International Institute of Tropical Agriculture IITA","Public"
"Malawi",2020,"E0137","G206","L063",1,0,300,0,51.33333333,"Purple","Grey",109.6666667,1,0,1,60.00666667,25.33333333,3205.666667,1,1,0,0,0,0,0,1,1,1,0,1,43.46,21.63666667,"6/17/2020","10/28/2020",-14.27,34.577,505,"Rainfed","International Institute of Tropical Agriculture IITA","Public"
"Malawi",2020,"E0137","G216","L063",1,0,271,0,50.33333333,"White","Grey",119,1,0,1,65.49333333,23.66666667,2944,1,1,0,0,0,0,0,1,1,1,0,1,42.08,22.38666667,"6/17/2020","10/28/2020",-14.27,34.577,505,"Rainfed","International Institute of Tropical Agriculture IITA","Public"
"Malawi",2020,"E0137","G233","L063",1,0,283.3333333,0,51.66666667,"White","Grey",107.3333333,3,0,1,67.47333333,19,3580.666667,1,1,0,0,0,0,0,1,1,1,0,1,NA,NA,"6/17/2020","10/28/2020",-14.27,34.577,505,"Rainfed","International Institute of Tropical Agriculture IITA","Public"
"Malawi",2020,"E0137","G365","L063",1,1,350.6666667,0,53.33333333,"Purple","Tawny",96.33333333,3,0,1.666666667,66.21333333,15,3336.666667,1,1,0,0,0,0,0,1,1,1,0,1,44.17,19.9,"6/17/2020","10/28/2020",-14.27,34.577,505,"Rainfed","Department of Agricultural Research Services DARS","Public"
"Malawi",2020,"E0139","G002","L087",1,0,200,0,78.66666667,"White","Grey",137,1,0,1,71.73333333,17.66666667,3250.526667,1,1,0,0,0,0,0,1,1,1,0,1,41.72333333,22.16333333,"6/8/2020","12/7/2020",-13.403,33.627,1119,"Rainfed","CSIRO Agriculture and Food","Public"
"Malawi",2020,"E0139","G007","L087",1,0,199.6666667,0,83,"White","Grey",148,1,0,1,87.8,18.66666667,3842.37,1,1,0,0,0,0,0,1,1,1,0,1,43.11666667,19.87333333,"6/8/2020","12/7/2020",-13.403,33.627,1119,"Rainfed","Kenya Agricultural  Livestock Research Organization KALRO","Public"
"Malawi",2020,"E0139","G018","L087",1,0,200,0,77.33333333,"Purple","Tawny",131.3333333,1,0,1,61.82666667,20,3210.286667,1,1,0,0,0,0,0,1,1,1,0,1,43.11666667,22.71,"6/8/2020","12/7/2020",-13.403,33.627,1119,"Rainfed","Ethiopian Institute of Agricultural Research EIAR","Public"
"Malawi",2020,"E0139","G021","L087",1,0,200,0,76.33333333,"Purple","Grey",133.6666667,1,0,1,57.2,19.33333333,4018.246667,1,1,0,0,0,0,0,1,1,1,0,1,40.77,22.20333333,"6/8/2020","12/7/2020",-13.403,33.627,1119,"Rainfed","Agricultural Research Council ARC","Public"
"Malawi",2020,"E0139","G022","L087",1,0,176.6666667,0,77.33333333,"Purple","Tawny",143.3333333,1,0,1,87.93333333,20,3982.446667,1,1,0,0,0,0,0,1,1,1,0,1,41.76,19.98333333,"6/8/2020","12/7/2020",-13.403,33.627,1119,"Rainfed","Agricultural Research Council ARC","Public"
"Malawi",2020,"E0139","G028","L087",1,0,193,0,78.66666667,"White","Grey",131.3333333,1,0,1,64.46666667,23.66666667,4056.556667,1,1,0,0,0,0,0,1,1,1,0,1,45.69,20.53,"6/8/2020","12/7/2020",-13.403,33.627,1119,"Rainfed","CSIRO Agriculture and Food","Public"
"Malawi",2020,"E0139","G029","L087",1,0,197.3333333,0,77.33333333,"Purple","Grey",131.6666667,1,0,1,82.8,20,3737.286667,1,1,0,0,0,0,0,1,1,1,0,1,39.49,22.41666667,"6/8/2020","12/7/2020",-13.403,33.627,1119,"Rainfed","Agricultural Research Council ARC","Public"
"Malawi",2020,"E0139","G030","L087",1,0,195.3333333,0,75.33333333,"Purple","Grey",136.6666667,1,0,1,54.53333333,18.66666667,3968.59,1,1,0,0,0,0,0,1,1,1,0,1,42.16333333,21.23333333,"6/8/2020","12/7/2020",-13.403,33.627,1119,"Rainfed","Agricultural Research Council ARC","Public"
"Malawi",2020,"E0139","G032","L087",1,0,176.6666667,0,74.66666667,"White","Tawny",128.3333333,1,0,1,62.6,20,4092.333333,1,1,0,0,0,0,0,1,1,1,0,1,40.89666667,21.46,"6/8/2020","12/7/2020",-13.403,33.627,1119,"Rainfed","CSIRO Agriculture and Food","Public"
"Malawi",2020,"E0139","G036","L087",1,0,200,0,81,"Purple","Grey",141.6666667,1,0,1,66.66666667,20.33333333,3838.756667,1,1,0,0,0,0,0,1,1,1,0,1,39.63333333,22.49666667,"6/8/2020","12/7/2020",-13.403,33.627,1119,"Rainfed","Kenya Agricultural  Livestock Research Organization KALRO","Public"
"Malawi",2020,"E0139","G037","L087",1,0,200,0,70.66666667,"Purple","Grey",128.3333333,1,0,1,65.93333333,17,2804.01,1,1,0,0,0,0,0,1,1,1,0,1,40.80666667,21.94333333,"6/8/2020","12/7/2020",-13.403,33.627,1119,"Rainfed","Kenya Agricultural  Livestock Research Organization KALRO","Public"
"Malawi",2020,"E0139","G039","L087",1,0,191,0,75.66666667,"White","Tawny",128.3333333,1,0,1,55.66666667,15.66666667,2467.18,1,1,0,0,0,0,0,1,1,1,0,1,39.30666667,22.22666667,"6/8/2020","12/7/2020",-13.403,33.627,1119,"Rainfed","Kenya Agricultural  Livestock Research Organization KALRO","Public"
"Malawi",2020,"E0139","G042","L087",1,0,199.3333333,0,64.33333333,"Purple","Tawny",131.6666667,1,0,1,84.73333333,14,2418.13,1,1,0,0,0,0,0,1,1,1,0,1,39.80666667,20.58,"6/8/2020","12/7/2020",-13.403,33.627,1119,"Rainfed","CSIRO Agriculture and Food","Public"
"Malawi",2020,"E0139","G043","L087",1,0,200,0,58,"White","Grey",131.6666667,1,0,1,60.33333333,16.66666667,3901.83,1,1,0,0,0,0,0,1,1,1,0,1,41.45333333,21.48333333,"6/8/2020","12/7/2020",-13.403,33.627,1119,"Rainfed","University of Illinois","Public"
"Malawi",2020,"E0139","G044","L087",1,0,198,0,59.66666667,"Purple","Grey",129.3333333,1,0,1,67.53333333,17.66666667,3890.206667,1,1,0,0,0,0,0,1,1,1,0,1,41.04333333,21.46333333,"6/8/2020","12/7/2020",-13.403,33.627,1119,"Rainfed","University of Illinois","Public"
"Malawi",2020,"E0139","G056","L087",1,0,200,0,79.33333333,"Purple","Grey",146,1,0,1,85.2,22,4334.096667,1,1,0,0,0,0,0,1,1,1,0,1,37.70666667,22.3,"6/8/2020","12/7/2020",-13.403,33.627,1119,"Rainfed","ZamSeed","Private"
"Malawi",2020,"E0139","G065","L087",1,1,196.6666667,0,85.33333333,"Purple","Grey",146,1,0,1,91.6,19,3245.473333,1,1,0,0,0,0,0,1,1,1,0,1,41.61333333,19.88,"6/8/2020","12/7/2020",-13.403,33.627,1119,"Rainfed","Department of Agricultural Research Services DARS","Public"
"Malawi",2020,"E0139","G074","L087",1,1,199.6666667,0,84.66666667,"Purple","Grey",144,1,0,1,92,18.66666667,3522.59,1,1,0,0,0,0,0,1,1,1,0,1,40.79333333,20.39666667,"6/8/2020","12/7/2020",-13.403,33.627,1119,"Rainfed","Department of Agricultural Research Services DARS","Public"
"Malawi",2020,"E0139","G075","L087",1,0,200,0,77.33333333,"White","Grey",120.3333333,1,0,1,58.6,8,3169.116667,1,1,0,0,0,0,0,1,1,1,0,1,41.22333333,20.9,"6/8/2020","12/7/2020",-13.403,33.627,1119,"Rainfed","CSIRO Agriculture and Food","Public"
"Malawi",2020,"E0139","G092","L087",1,0,199.6666667,0,85.66666667,"Purple","Grey",145,1,0,1,89.86666667,22,3538.306667,1,1,0,0,0,0,0,1,1,1,0,1,40.14666667,21.83333333,"6/8/2020","12/7/2020",-13.403,33.627,1119,"Rainfed","SeedCo","Private"
"Malawi",2020,"E0139","G093","L087",1,0,194,0,36.66666667,"Purple","Grey",98,1,0,1,27.86666667,14.33333333,1718.35,1,1,0,0,0,0,0,1,1,1,0,1,40.87666667,21.11666667,"6/8/2020","12/7/2020",-13.403,33.627,1119,"Rainfed","University of Missouri","Public"
"Malawi",2020,"E0139","G095","L087",1,0,74.33333333,0,62.66666667,"Purple","Grey",157,1,0,1,96.33333333,18.66666667,4458.04,1,1,0,0,0,0,0,1,1,1,0,1,37.79,23.27666667,"6/8/2020","12/7/2020",-13.403,33.627,1119,"Rainfed","SeedCo","Private"
"Malawi",2020,"E0139","G098","L087",1,0,199.3333333,0,75.33333333,"Purple","Tawny",135,1,0,1,63.66666667,19.66666667,4165.683333,1,1,0,0,0,0,0,1,1,1,0,1,40.55666667,22.23,"6/8/2020","12/7/2020",-13.403,33.627,1119,"Rainfed","SeedCo","Private"
"Malawi",2020,"E0139","G101","L087",1,0,200,0,87.66666667,"Purple","Grey",146,1,0,1,86.2,18.66666667,4226.126667,1,1,0,0,0,0,0,1,1,1,0,1,39.08333333,21.46,"6/8/2020","12/7/2020",-13.403,33.627,1119,"Rainfed","SeedCo","Private"
"Malawi",2020,"E0139","G102","L087",1,0,168.3333333,0,102,"White","Grey",157,1,0,1,91.53333333,21.33333333,4054.403333,1,1,0,0,0,0,0,1,1,1,0,1,42.24,21.52666667,"6/8/2020","12/7/2020",-13.403,33.627,1119,"Rainfed","SeedCo","Private"
"Malawi",2020,"E0139","G103","L087",1,0,179.6666667,0,89,"Purple","Grey",146,1,0,1,80.8,20.66666667,4374.846667,1,1,0,0,0,0,0,1,1,1,0,1,38.88333333,22.12666667,"6/8/2020","12/7/2020",-13.403,33.627,1119,"Rainfed","SeedCo","Private"
"Malawi",2020,"E0139","G108","L087",1,0,176.3333333,0,67,"White","Grey",130.6666667,1,0,1,43.26666667,18.33333333,4416.39,1,1,0,0,0,0,0,1,1,1,0,1,41.69333333,21.30666667,"6/8/2020","12/7/2020",-13.403,33.627,1119,"Rainfed","University of Missouri","Public"
"Malawi",2020,"E0139","G119","L087",1,0,197.3333333,0,54,"Purple","Grey",105.6666667,1,0,1,53.73333333,17.66666667,2371.563333,1,1,0,0,0,0,0,1,1,1,0,1,40.63,22.08333333,"6/8/2020","12/7/2020",-13.403,33.627,1119,"Rainfed","University of Missouri","Public"
"Malawi",2020,"E0139","G120","L087",1,0,199.3333333,0,68.66666667,"White","Grey",130.6666667,1,0,1,44.86666667,17,3437.39,1,1,0,0,0,0,0,1,1,1,0,1,40.69666667,21.55666667,"6/8/2020","12/7/2020",-13.403,33.627,1119,"Rainfed","University of Missouri","Public"
"Malawi",2020,"E0139","G121","L087",1,0,199.6666667,0,78.66666667,"Purple","Grey",145.3333333,1,0,1,92.86666667,20,2449.47,1,1,0,0,0,0,0,1,1,1,0,1,43.19333333,20.38666667,"6/8/2020","12/7/2020",-13.403,33.627,1119,"Rainfed","CSIRO Agriculture and Food","Public"
"Malawi",2020,"E0139","G129","L087",1,0,199.3333333,0,75.66666667,"Purple","Grey",136,1,0,1,55.26666667,21.66666667,3519.626667,1,1,0,0,0,0,0,1,1,1,0,1,41.22,20.93666667,"6/8/2020","12/7/2020",-13.403,33.627,1119,"Rainfed","Kenya Agricultural  Livestock Research Organization KALRO","Public"
"Malawi",2020,"E0139","G136","L087",1,0,200,0,70.33333333,"White","Grey",133,1,0,1,47.06666667,17.66666667,3824.093333,1,1,0,0,0,0,0,1,1,1,0,1,40.97333333,21.84333333,"6/8/2020","12/7/2020",-13.403,33.627,1119,"Rainfed","Ethiopian Institute of Agricultural Research EIAR","Public"
"Malawi",2020,"E0139","G138","L087",1,0,181,0,78.33333333,"Purple","Grey",137.6666667,1,0,1,69.86666667,23,3864.03,1,1,0,0,0,0,0,1,1,1,0,1,40.02333333,21.32333333,"6/8/2020","12/7/2020",-13.403,33.627,1119,"Rainfed","SeedCo","Private"
"Malawi",2020,"E0139","G142","L087",1,0,43.33333333,0,84.33333333,"Purple","Grey",148,1,0,1,88.46666667,21,NA,1,1,0,0,0,0,0,1,1,1,0,1,38.00666667,22.38666667,"6/8/2020","12/7/2020",-13.403,33.627,1119,"Rainfed","SeedCo","Private"
"Malawi",2020,"E0139","G143","L087",1,0,182.3333333,0,77.66666667,"White","Grey",142.6666667,1,0,1,75.8,25.33333333,3994.02,1,1,0,0,0,0,0,1,1,1,0,1,40.41,22.59333333,"6/8/2020","12/7/2020",-13.403,33.627,1119,"Rainfed","SeedCo","Private"
"Malawi",2020,"E0139","G145","L087",1,0,199.6666667,0,82.33333333,"Purple","Grey",144.3333333,1,0,1,83.93333333,18,3958.82,1,1,0,0,0,0,0,1,1,1,0,1,39.63,20.86,"6/8/2020","12/7/2020",-13.403,33.627,1119,"Rainfed","SeedCo","Private"
"Malawi",2020,"E0139","G146","L087",1,0,197,0,77,"Purple","Tawny",147.6666667,1,0,1,87.26666667,20.66666667,4457.023333,1,1,0,0,0,0,0,1,1,1,0,1,40.06333333,21.85333333,"6/8/2020","12/7/2020",-13.403,33.627,1119,"Rainfed","SeedCo","Private"
"Malawi",2020,"E0139","G151","L087",1,0,200,0,76.33333333,"Purple","Grey",136.3333333,1,0,1,50.13333333,18.66666667,4196.54,1,1,0,0,0,0,0,1,1,1,0,1,41.65333333,22.12333333,"6/8/2020","12/7/2020",-13.403,33.627,1119,"Rainfed","Sensako","Private"
"Malawi",2020,"E0139","G152","L087",1,0,199.6666667,0,54.33333333,"White","Tawny",106.6666667,2,0,1,52.6,19,3011.146667,1,1,0,0,0,0,0,1,1,1,0,1,42.95666667,21.17,"6/8/2020","12/7/2020",-13.403,33.627,1119,"Rainfed","Sensako","Private"
"Malawi",2020,"E0139","G153","L087",1,0,159.6666667,0,56,"Purple","Grey",106,1,0,1,61.06666667,19,2404.993333,1,1,0,0,0,0,0,1,1,1,0,1,43.33333333,20.69333333,"6/8/2020","12/7/2020",-13.403,33.627,1119,"Rainfed","Sensako","Private"
"Malawi",2020,"E0139","G154","L087",1,0,200,0,54.33333333,"Purple","Tawny",111.3333333,1,0,1,57.53333333,18.33333333,2561.44,1,1,0,0,0,0,0,1,1,2,0,1,42.95,20.58333333,"6/8/2020","12/7/2020",-13.403,33.627,1119,"Rainfed","Sensako","Private"
"Malawi",2020,"E0139","G155","L087",1,0,197,0,57.66666667,"White","Grey",130.3333333,1,0,1,65.33333333,22,3646.263333,1,1,0,0,0,0,0,1,1,1,0,1,42.45,21.58666667,"6/8/2020","12/7/2020",-13.403,33.627,1119,"Rainfed","Sensako","Private"
"Malawi",2020,"E0139","G157","L087",1,0,182.6666667,0,79.33333333,"Purple","Grey",130.6666667,1,0,1,89.6,20,3929.48,1,1,0,0,0,0,0,1,1,1,0,1,39.92,21.59666667,"6/8/2020","12/7/2020",-13.403,33.627,1119,"Rainfed","Sensako","Private"
"Malawi",2020,"E0139","G160","L087",1,0,199,0,75.66666667,"White","Grey",131.3333333,1,0,1,57.8,22,4088.363333,1,1,0,0,0,0,0,1,1,1,0,1,41.92666667,21.28666667,"6/8/2020","12/7/2020",-13.403,33.627,1119,"Rainfed","CSIRO Agriculture and Food","Public"
"Malawi",2020,"E0139","G188","L087",1,0,182.6666667,0,70.66666667,"Purple","Tawny",109.6666667,1,0,1,71.66666667,11,2094.636667,1,1,0,0,0,0,0,1,1,1,0,1,40.56666667,20.02,"6/8/2020","12/7/2020",-13.403,33.627,1119,"Rainfed","International Institute of Tropical Agriculture IITA","Public"
"Malawi",2020,"E0139","G198","L087",1,0,192,0,78.66666667,"White","Grey",146,1,0,1,85.8,27,4481.31,1,1,0,0,0,0,0,1,1,1,0,1,40.99666667,22.04333333,"6/8/2020","12/7/2020",-13.403,33.627,1119,"Rainfed","International Institute of Tropical Agriculture IITA","Public"
"Malawi",2020,"E0139","G206","L087",1,0,200,0,77.66666667,"Purple","Grey",144,1,0,1,88.93333333,25,4419.933333,1,1,0,0,0,0,0,1,1,1,0,1,40.36333333,21.89666667,"6/8/2020","12/7/2020",-13.403,33.627,1119,"Rainfed","International Institute of Tropical Agriculture IITA","Public"
"Malawi",2020,"E0139","G216","L087",1,0,192,0,78.33333333,"White","Grey",144,1,0,1,71.46666667,25.33333333,3936.046667,1,1,0,0,0,0,0,1,1,1,0,1,40.72666667,22.12666667,"6/8/2020","12/7/2020",-13.403,33.627,1119,"Rainfed","International Institute of Tropical Agriculture IITA","Public"
"Malawi",2020,"E0139","G233","L087",1,0,200,0,71.33333333,"White","Grey",130.3333333,1,0,1,75.2,18,3800.29,1,1,0,0,0,0,0,1,1,1,0,1,41.11666667,21.66333333,"6/8/2020","12/7/2020",-13.403,33.627,1119,"Rainfed","International Institute of Tropical Agriculture IITA","Public"
"Malawi",2020,"E0139","G365","L087",1,1,200,0,70.66666667,"Purple","Tawny",108.3333333,1,0,1,62.66666667,12.66666667,2649.363333,1,1,0,0,0,0,0,1,1,1,0,1,40.08,20.22333333,"6/8/2020","12/7/2020",-13.403,33.627,1119,"Rainfed","Department of Agricultural Research Services DARS","Public"
"Malawi",2020,"E0140","G002","L015",1,0,200,0,88,"White","Grey",133.3333333,1,0,1,63.73333333,12,2492.03,1,1,0,0,0,0,0,1,1,1,0,1,39.90666667,21.83666667,"6/23/2020","12/27/2020",-12.938,33.463,1015,"Rainfed","CSIRO Agriculture and Food","Public"
"Malawi",2020,"E0140","G007","L015",1,0,198,0,88.66666667,"White","Grey",141,1,0,1,85.53333333,12.33333333,1303.21,1,1,0,0,0,0,0,1,1,1,0,1,38.38333333,22.75,"6/23/2020","12/27/2020",-12.938,33.463,1015,"Rainfed","Kenya Agricultural  Livestock Research Organization KALRO","Public"
"Malawi",2020,"E0140","G018","L015",1,0,200,0,83,"Purple","Tawny",141,1,0,1,57.26666667,13.33333333,1737.206667,1,1,0,0,0,0,0,1,1,1,0,1,38.09666667,22.45666667,"6/23/2020","12/27/2020",-12.938,33.463,1015,"Rainfed","Ethiopian Institute of Agricultural Research EIAR","Public"
"Malawi",2020,"E0140","G021","L015",1,0,200,0,83,"Purple","Grey",128.6666667,1,0,1,55.06666667,13,2216.04,1,1,0,0,0,0,0,1,1,1,0,1,37.65666667,23.00333333,"6/23/2020","12/27/2020",-12.938,33.463,1015,"Rainfed","Agricultural Research Council ARC","Public"
"Malawi",2020,"E0140","G022","L015",1,0,200,0,84,"Purple","Tawny",141.6666667,1,0,1,86.53333333,16.33333333,2299.483333,1,1,0,0,0,0,0,1,1,1,0,1,42.45333333,20.56,"6/23/2020","12/27/2020",-12.938,33.463,1015,"Rainfed","Agricultural Research Council ARC","Public"
"Malawi",2020,"E0140","G028","L015",1,0,200,0,84,"White","Grey",126,1,0,1,56.4,17.66666667,1936.983333,1,1,0,0,0,0,0,1,1,1,0,1,41.11333333,21.50333333,"6/23/2020","12/27/2020",-12.938,33.463,1015,"Rainfed","CSIRO Agriculture and Food","Public"
"Malawi",2020,"E0140","G029","L015",1,0,197.3333333,0,83,"Purple","Grey",133.6666667,1,0,1.333333333,79.4,16.33333333,2737.94,1,1,0,0,0,0,0,1,1,3,0,1,42.76333333,20.74,"6/23/2020","12/27/2020",-12.938,33.463,1015,"Rainfed","Agricultural Research Council ARC","Public"
"Malawi",2020,"E0140","G030","L015",1,0,200,0,74,"Purple","Grey",130,1,0,1,62.06666667,15.66666667,2607.62,1,1,0,0,0,0,0,1,1,1,0,1,38.67333333,22.54333333,"6/23/2020","12/27/2020",-12.938,33.463,1015,"Rainfed","Agricultural Research Council ARC","Public"
"Malawi",2020,"E0140","G032","L015",1,0,200,0,80,"White","Tawny",130,1,0,1,73.53333333,15,2443.306667,1,1,0,0,0,0,0,1,1,1,0,1,39.02,22.71,"6/23/2020","12/27/2020",-12.938,33.463,1015,"Rainfed","CSIRO Agriculture and Food","Public"
"Malawi",2020,"E0140","G036","L015",1,0,200,0,84,"Purple","Grey",130,1,0,1.666666667,70.2,17.33333333,2039.19,1,1,0,0,0,0,0,1,1,1,0,1,43.19666667,21.24,"6/23/2020","12/27/2020",-12.938,33.463,1015,"Rainfed","Kenya Agricultural  Livestock Research Organization KALRO","Public"
"Malawi",2020,"E0140","G037","L015",1,0,200,0,65,"Purple","Grey",126,1,0,1.333333333,59.33333333,14.66666667,1945.78,1,1,0,0,0,0,0,1,1,3,0,1,35.84666667,22.75333333,"6/23/2020","12/27/2020",-12.938,33.463,1015,"Rainfed","Kenya Agricultural  Livestock Research Organization KALRO","Public"
"Malawi",2020,"E0140","G039","L015",1,0,200,0,80,"White","Tawny",126,1,0,1,63.73333333,14.33333333,2583.903333,1,1,0,0,0,0,0,1,1,3,0,1,37.56,22.43,"6/23/2020","12/27/2020",-12.938,33.463,1015,"Rainfed","Kenya Agricultural  Livestock Research Organization KALRO","Public"
"Malawi",2020,"E0140","G042","L015",1,0,200,0,99,"Purple","Tawny",129.3333333,1,0,1,67.26666667,9.666666667,206.1333333,1,1,0,0,0,0,0,1,1,2,0,1,40.51,21.92,"6/23/2020","12/27/2020",-12.938,33.463,1015,"Rainfed","CSIRO Agriculture and Food","Public"
"Malawi",2020,"E0140","G043","L015",1,0,200,0,74,"White","Grey",130,1,0,1,57.53333333,14.66666667,1866.086667,1,1,0,0,0,0,0,1,1,1,0,1,37.90666667,21.97666667,"6/23/2020","12/27/2020",-12.938,33.463,1015,"Rainfed","University of Illinois","Public"
"Malawi",2020,"E0140","G044","L015",1,0,200,0,72,"White","Grey",130,1,0,1,59.73333333,15,2958.49,1,1,0,0,0,0,0,1,1,1,0,1,38.56,22.51666667,"6/23/2020","12/27/2020",-12.938,33.463,1015,"Rainfed","University of Illinois","Public"
"Malawi",2020,"E0140","G056","L015",1,0,200,0,83,"Purple","Grey",141,1,0,1,73.93333333,16,1978.63,1,1,0,0,0,0,0,1,1,1,0,1,39.83666667,21.79333333,"6/23/2020","12/27/2020",-12.938,33.463,1015,"Rainfed","ZamSeed","Private"
"Malawi",2020,"E0140","G065","L015",1,1,200,0,83,"Purple","Grey",130,1,0,1,88.26666667,15,2010.473333,1,2,0,0,0,0,0,1,1,1,0,1,41.42333333,21.00333333,"6/23/2020","12/27/2020",-12.938,33.463,1015,"Rainfed","Department of Agricultural Research Services DARS","Public"
"Malawi",2020,"E0140","G074","L015",1,1,200,0,83,"Purple","Grey",130,1,0,1,76.2,17,2318.723333,1,1,0,0,0,0,0,1,1,1,0,1,39.88666667,20.9,"6/23/2020","12/27/2020",-12.938,33.463,1015,"Rainfed","Department of Agricultural Research Services DARS","Public"
"Malawi",2020,"E0140","G075","L015",1,0,200,0,83,"White","Grey",127.6666667,1,0,1.333333333,57.6,6.333333333,1695.99,1,1,0,0,0,0,0,1,1,1,0,1,38.81,21.74,"6/23/2020","12/27/2020",-12.938,33.463,1015,"Rainfed","CSIRO Agriculture and Food","Public"
"Malawi",2020,"E0140","G092","L015",1,0,200,0,88,"Purple","Grey",130,1,0,1,80.33333333,18.33333333,2265.063333,1,1,0,0,0,0,0,1,1,1,0,1,41.34,21.14,"6/23/2020","12/27/2020",-12.938,33.463,1015,"Rainfed","SeedCo","Private"
"Malawi",2020,"E0140","G093","L015",1,0,200,0,57,"Purple","Grey",98,1,0,1.666666667,24.46666667,14.33333333,2022.75,1,1,0,0,0,0,0,1,1,1,0,1,35.07,22.44,"6/23/2020","12/27/2020",-12.938,33.463,1015,"Rainfed","University of Missouri","Public"
"Malawi",2020,"E0140","G095","L015",1,0,84.66666667,0,93,"Purple","Grey",155,1,0,1.333333333,83.66666667,13,2185.443333,1,1,0,0,0,0,0,1,1,1,0,1,40.24333333,21.95333333,"6/23/2020","12/27/2020",-12.938,33.463,1015,"Rainfed","SeedCo","Private"
"Malawi",2020,"E0140","G098","L015",1,0,200,0,75,"Purple","Tawny",130,1,0,1.333333333,68.26666667,17,2756.516667,1,1,0,0,0,0,0,1,1,1,0,1,38.41,23.07666667,"6/23/2020","12/27/2020",-12.938,33.463,1015,"Rainfed","SeedCo","Private"
"Malawi",2020,"E0140","G101","L015",1,0,200,0,88,"Purple","Grey",135,1,0,1,77.26666667,13.33333333,2101.693333,1,1,0,0,0,0,0,1,1,1,0,1,35.64,22.77333333,"6/23/2020","12/27/2020",-12.938,33.463,1015,"Rainfed","SeedCo","Private"
"Malawi",2020,"E0140","G102","L015",1,0,156.6666667,0,99,"White","Grey",141,1,0,1,72.53333333,16,1742.476667,1,1,0,0,0,0,0,1,1,1,0,1,39.96,21.73,"6/23/2020","12/27/2020",-12.938,33.463,1015,"Rainfed","SeedCo","Private"
"Malawi",2020,"E0140","G103","L015",1,0,175,0,88,"Purple","Grey",141,2,0,1.333333333,66.8,17.33333333,2367.35,1,1,0,0,0,0,0,1,1,1,0,1,39.60333333,22.17,"6/23/2020","12/27/2020",-12.938,33.463,1015,"Rainfed","SeedCo","Private"
"Malawi",2020,"E0140","G108","L015",1,0,200,0,71,"White","Grey",130,1,0,1,55.13333333,13.66666667,1549.42,1,1,0,0,0,0,0,1,1,2,0,1,42.37666667,20.48666667,"6/23/2020","12/27/2020",-12.938,33.463,1015,"Rainfed","University of Missouri","Public"
"Malawi",2020,"E0140","G119","L015",1,0,200,0,57,"Purple","Grey",99,2,0,1.666666667,52.6,14.66666667,1739.48,1,1,0,0,0,0,0,1,1,1,0,1,39.33666667,21.91333333,"6/23/2020","12/27/2020",-12.938,33.463,1015,"Rainfed","University of Missouri","Public"
"Malawi",2020,"E0140","G120","L015",1,0,200,0,72,"White","Grey",130,2,0,1.333333333,66.6,15,2360.113333,1,1,0,0,0,0,0,1,1,2,0,1,39.75,22.21333333,"6/23/2020","12/27/2020",-12.938,33.463,1015,"Rainfed","University of Missouri","Public"
"Malawi",2020,"E0140","G121","L015",1,0,200,0,85.33333333,"Purple","Grey",135,1,0,1,97,15,2008.13,1,1,0,0,0,0,0,1,1,1,0,1,39.88,21.11666667,"6/23/2020","12/27/2020",-12.938,33.463,1015,"Rainfed","CSIRO Agriculture and Food","Public"
"Malawi",2020,"E0140","G129","L015",1,0,200,0,80,"Purple","Grey",130,2,0,1.666666667,63.73333333,17,2221.903333,1,1,0,0,0,0,0,1,1,1,0,1,38.27333333,22.48333333,"6/23/2020","12/27/2020",-12.938,33.463,1015,"Rainfed","Kenya Agricultural  Livestock Research Organization KALRO","Public"
"Malawi",2020,"E0140","G136","L015",1,0,187.6666667,0,74,"White","Grey",129.6666667,1,0,1,54,13.33333333,2674.363333,1,1,0,0,0,0,0,1,1,2,0,1,37.10333333,22.99,"6/23/2020","12/27/2020",-12.938,33.463,1015,"Rainfed","Ethiopian Institute of Agricultural Research EIAR","Public"
"Malawi",2020,"E0140","G138","L015",1,0,200,0,80,"Purple","Grey",133.3333333,1,0,1,71.8,19.66666667,3577.693333,1,1,0,0,0,0,0,1,1,1,0,1,37.31666667,22.97333333,"6/23/2020","12/27/2020",-12.938,33.463,1015,"Rainfed","SeedCo","Private"
"Malawi",2020,"E0140","G142","L015",1,0,5.666666667,0,62,"Purple","Grey",94,2,0,0.666666667,47.44333333,10.33333333,NA,1,1,0,0,0,0,0,1,1,2,0,1,40.77666667,21.47,"6/23/2020","12/27/2020",-12.938,33.463,1015,"Rainfed","SeedCo","Private"
"Malawi",2020,"E0140","G143","L015",1,0,200,0,88,"White","Grey",135,1,0,1,78.13333333,18.33333333,2652.58,1,1,0,0,0,0,0,1,1,1,0,1,37.04666667,22.81333333,"6/23/2020","12/27/2020",-12.938,33.463,1015,"Rainfed","SeedCo","Private"
"Malawi",2020,"E0140","G145","L015",1,0,200,0,89.33333333,"Purple","Grey",135,1,0,1,89,15.66666667,2442.213333,1,1,0,0,0,0,0,1,1,1,0,1,41.46333333,21.62333333,"6/23/2020","12/27/2020",-12.938,33.463,1015,"Rainfed","SeedCo","Private"
"Malawi",2020,"E0140","G146","L015",1,0,200,0,84,"Purple","Tawny",141,1,0,1,83.6,17.66666667,3024.556667,1,1,0,0,0,0,0,1,1,1,0,1,39.43666667,22.39666667,"6/23/2020","12/27/2020",-12.938,33.463,1015,"Rainfed","SeedCo","Private"
"Malawi",2020,"E0140","G151","L015",1,0,200,0,80,"Purple","Grey",131.6666667,1,0,1.666666667,56.2,12.33333333,2640.316667,1,1,0,0,0,0,0,1,1,1,0,1,41.03333333,21.55333333,"6/23/2020","12/27/2020",-12.938,33.463,1015,"Rainfed","Sensako","Private"
"Malawi",2020,"E0140","G152","L015",1,0,200,0,57,"White","Tawny",99,2,0,1.333333333,45.4,17,2315.22,1,1,0,0,0,0,0,1,1,1,0,1,40.30333333,22.30666667,"6/23/2020","12/27/2020",-12.938,33.463,1015,"Rainfed","Sensako","Private"
"Malawi",2020,"E0140","G153","L015",1,0,200,0,57,"White","Grey",99,2,0,1.333333333,52.93333333,16.66666667,2494.956667,1,1,0,0,0,0,0,1,1,1,0,1,40.42333333,21.92333333,"6/23/2020","12/27/2020",-12.938,33.463,1015,"Rainfed","Sensako","Private"
"Malawi",2020,"E0140","G154","L015",1,0,200,0,57,"Purple","Tawny",98,2,0,2,53.73333333,17.66666667,2504.853333,1,1,0,0,0,0,0,1,1,3,0,1,39.02666667,22.51666667,"6/23/2020","12/27/2020",-12.938,33.463,1015,"Rainfed","Sensako","Private"
"Malawi",2020,"E0140","G155","L015",1,0,200,0,71,"White","Grey",126,1,0,1,46.46666667,16.33333333,1960.903333,1,1,0,0,0,0,0,1,1,3,0,1,39.08333333,22.01,"6/23/2020","12/27/2020",-12.938,33.463,1015,"Rainfed","Sensako","Private"
"Malawi",2020,"E0140","G157","L015",1,0,191.3333333,0,88.66666667,"Purple","Grey",135,1,0,1.333333333,74.86666667,14.66666667,1713.546667,1,1,0,0,0,0,0,1,1,2,0,1,37.21333333,22.60333333,"6/23/2020","12/27/2020",-12.938,33.463,1015,"Rainfed","Sensako","Private"
"Malawi",2020,"E0140","G160","L015",1,0,200,0,71,"White","Grey",131.6666667,1,0,1,58.13333333,19.33333333,2679.446667,1,1,0,0,0,0,0,1,1,2,0,1,39.17666667,21.87333333,"6/23/2020","12/27/2020",-12.938,33.463,1015,"Rainfed","CSIRO Agriculture and Food","Public"
"Malawi",2020,"E0140","G188","L015",1,0,200,0,71,"Purple","Tawny",116,2,0,1.333333333,81.53333333,11.66666667,2600.216667,1,1,0,0,0,0,0,1,1,3,0,1,42.33666667,21.28666667,"6/23/2020","12/27/2020",-12.938,33.463,1015,"Rainfed","International Institute of Tropical Agriculture IITA","Public"
"Malawi",2020,"E0140","G198","L015",1,0,198,0,80,"White","Grey",141,1,0,1.333333333,84.86666667,19.33333333,2527.796667,1,1,0,0,0,0,0,1,1,1,0,1,41.56,21.3,"6/23/2020","12/27/2020",-12.938,33.463,1015,"Rainfed","International Institute of Tropical Agriculture IITA","Public"
"Malawi",2020,"E0140","G206","L015",1,0,200,0,80,"Purple","Grey",126,1,0,1,73.53333333,16.66666667,1998.156667,1,1,0,0,0,0,0,1,1,1,0,1,36.91,23.69333333,"6/23/2020","12/27/2020",-12.938,33.463,1015,"Rainfed","International Institute of Tropical Agriculture IITA","Public"
"Malawi",2020,"E0140","G216","L015",1,0,200,0,80,"White","Grey",133.3333333,1,0,1,69.8,22.33333333,2377.58,1,1,0,0,0,0,0,1,1,1,0,1,39.71,22.58666667,"6/23/2020","12/27/2020",-12.938,33.463,1015,"Rainfed","International Institute of Tropical Agriculture IITA","Public"
"Malawi",2020,"E0140","G233","L015",1,0,200,0,65,"White","Grey",130,1,0,1,84.33333333,14.33333333,3044.856667,1,1,0,0,0,0,0,1,1,1,0,1,38.26333333,22.54,"6/23/2020","12/27/2020",-12.938,33.463,1015,"Rainfed","International Institute of Tropical Agriculture IITA","Public"
"Malawi",2020,"E0140","G365","L015",1,1,200,0,71,"Purple","Tawny",116,1,0,1.333333333,74.6,12,2144.706667,1,1,0,0,0,0,0,1,1,1,0,1,36.48333333,22.76666667,"6/23/2020","12/27/2020",-12.938,33.463,1015,"Rainfed","Department of Agricultural Research Services DARS","Public"
"Malawi",2020,"E0158","G006","L024",2,0,0,0,41.66666667,"Purple","Grey",103.3333333,2,0,1,51,0,2530.5,1,5,0,0,1,0,0,1,1,4,0,1,36.68,21.11,"12/14/2020","4/29/2021",-15.926,35.067,1158,"Rainfed","Agricultural Research Council ARC","Public"
"Malawi",2020,"E0158","G018","L024",2,0,0,0,53,"Purple","Tawny",103.6666667,4,0,1.666666667,60.26666667,0,1900.433333,1,5,0,0,1,0,0,1,1,5,0,1,44.795,19.855,"12/14/2020","4/29/2021",-15.926,35.067,1158,"Rainfed","Ethiopian Institute of Agricultural Research EIAR","Public"
"Malawi",2020,"E0158","G032","L024",2,0,0,0,44,"Purple","Grey",97.66666667,1,0,3,65.33333333,0,2647.933333,1,5,0,0,1,0,0,1,1,5,0,1,41.25,21.23,"12/14/2020","4/29/2021",-15.926,35.067,1158,"Rainfed","CSIRO Agriculture and Food","Public"
"Malawi",2020,"E0158","G056","L024",2,0,0,0,47,"Purple","Grey",103.3333333,2,0,1.666666667,60.13333333,0,2620.8,1,5,0,0,1,0,0,1,1,3,0,1,39.28,20.55,"12/14/2020","4/29/2021",-15.926,35.067,1158,"Rainfed","ZamSeed","Private"
"Malawi",2020,"E0158","G058","L024",2,0,0,0,54,"White","Grey",112,1,0,1,62.26666667,0,1935.5,1,4,0,0,1,0,0,1,1,4,0,1,39.51,20.62666667,"12/14/2020","4/29/2021",-15.926,35.067,1158,"Rainfed","CSIRO Agriculture and Food","Public"
"Malawi",2020,"E0158","G065","L024",2,1,0,0,34,"Purple","Grey",105.3333333,2,0,1,69.06666667,0,1608.233333,1,5,0,0,1,0,0,1,1,4,0,1,44.70333333,18.18666667,"12/14/2020","4/29/2021",-15.926,35.067,1158,"Rainfed","Department of Agricultural Research Services DARS","Public"
"Malawi",2020,"E0158","G068","L024",2,0,0,0,41,"White","Grey",107,1,0,1,52.6,0,2098.933333,1,5,0,0,1,0,0,1,1,5,0,1,41.89,20.32666667,"12/14/2020","4/29/2021",-15.926,35.067,1158,"Rainfed","Crop Breeding Institute CBI","Public"
"Malawi",2020,"E0158","G073","L024",2,0,0,0,44,"White","Tawny",105.3333333,2,0,1.666666667,51.4,0,2821.266667,1,5,0,0,1,0,0,1,1,4,0,1,42.915,19.95,"12/14/2020","4/29/2021",-15.926,35.067,1158,"Rainfed","CSIRO Agriculture and Food","Public"
"Malawi",2020,"E0158","G075","L024",2,0,0,0,53,"White","Grey",108.6666667,2,0,1,67.66666667,0,1745.7,1,5,0,0,1,0,0,1,1,4,0,1,46.13333333,17.61,"12/14/2020","4/29/2021",-15.926,35.067,1158,"Rainfed","CSIRO Agriculture and Food","Public"
"Malawi",2020,"E0158","G092","L024",2,0,0,0,52.33333333,"Purple","Grey",113.3333333,1,0,1,62.06666667,0,2015.166667,1,5,0,0,1,0,0,1,1,3,0,1,42.31666667,19.55333333,"12/14/2020","4/29/2021",-15.926,35.067,1158,"Rainfed","SeedCo","Private"
"Malawi",2020,"E0158","G098","L024",2,0,0,0,48.33333333,"Purple","Grey",104,5,0,1,64.6,0,2696.8,1,4,0,0,1,0,0,1,1,5,0,1,42.485,20.36,"12/14/2020","4/29/2021",-15.926,35.067,1158,"Rainfed","SeedCo","Private"
"Malawi",2020,"E0158","G101","L024",2,0,0,0,50.33333333,"Purple","Grey",114.6666667,1,0,1,56.93333333,0,2614.233333,1,3,0,0,1,0,0,1,1,3,0,1,42.97,19.895,"12/14/2020","4/29/2021",-15.926,35.067,1158,"Rainfed","SeedCo","Private"
"Malawi",2020,"E0158","G107","L024",2,0,0,0,52.33333333,"Purple","Tawny",108.6666667,1,0,1,58.4,0,2543.3,1,5,0,0,1,0,0,1,1,3,0,1,44.51,19.985,"12/14/2020","4/29/2021",-15.926,35.067,1158,"Rainfed","SeedCo","Private"
"Malawi",2020,"E0158","G121","L024",2,0,0,0,53,"White","Tawny",112,3,0,1,89.2,0,2849,1,4,0,0,1,0,0,1,1,3,0,1,41.9,19.04,"12/14/2020","4/29/2021",-15.926,35.067,1158,"Rainfed","CSIRO Agriculture and Food","Public"
"Malawi",2020,"E0158","G133","L024",2,0,0,0,60,"White","Grey",114.6666667,4,0,1,62,0,1868.233333,1,4,0,0,1,0,0,1,1,2,0,1,42.94,19.22666667,"12/14/2020","4/29/2021",-15.926,35.067,1158,"Rainfed","SeedCo","Private"
"Malawi",2020,"E0158","G136","L024",2,0,0,0,54,"White","Grey",111.3333333,2,0,1,64.6,0,2406.5,1,4,0,0,1,0,0,1,1,5,0,1,45.03333333,19.66333333,"12/14/2020","4/29/2021",-15.926,35.067,1158,"Rainfed","Ethiopian Institute of Agricultural Research EIAR","Public"
"Malawi",2020,"E0158","G137","L024",2,0,0,0,50.33333333,"Purple","Grey",104,3,0,1,77.26666667,0,2915.266667,1,4,0,0,1,0,0,1,1,4,0,1,42.12666667,19.61333333,"12/14/2020","4/29/2021",-15.926,35.067,1158,"Rainfed","SeedCo","Private"
"Malawi",2020,"E0158","G138","L024",2,0,0,0,42.33333333,"Purple","Grey",104,2,0,1,73.53333333,0,3020.266667,1,3,0,0,1,0,0,1,1,4,0,1,39.09,21.89666667,"12/14/2020","4/29/2021",-15.926,35.067,1158,"Rainfed","SeedCo","Private"
"Malawi",2020,"E0158","G141","L024",2,0,0,0,52.33333333,"Purple","Grey",107,1,0,1,59.6,0,2289.233333,1,4,0,0,1,0,0,1,1,3,0,1,41.05,20.15,"12/14/2020","4/29/2021",-15.926,35.067,1158,"Rainfed","SeedCo","Private"
"Malawi",2020,"E0158","G142","L024",2,0,0,0,51.66666667,"Purple","Grey",102,3,0,2,75.4,0,4468.766667,1,4,0,0,1,0,0,1,1,2,0,1,41.18666667,21.11333333,"12/14/2020","4/29/2021",-15.926,35.067,1158,"Rainfed","SeedCo","Private"
"Malawi",2020,"E0158","G143","L024",2,0,0,0,45,"White","Tawny",112,1,0,1,56.86666667,0,2750.066667,1,4,0,0,1,0,0,1,1,5,0,1,40.74333333,21.10333333,"12/14/2020","4/29/2021",-15.926,35.067,1158,"Rainfed","SeedCo","Private"
"Malawi",2020,"E0158","G144","L024",2,0,0,0,41.66666667,"Purple","Grey",106.6666667,1,0,1,46.13333333,0,2199,1,5,0,0,1,0,0,1,1,3,0,1,40.83333333,19.63666667,"12/14/2020","4/29/2021",-15.926,35.067,1158,"Rainfed","SeedCo","Private"
"Malawi",2020,"E0158","G145","L024",2,0,0,0,52.33333333,"Purple","Grey",110.3333333,1,0,1,68.73333333,0,2386.066667,1,4,0,0,1,0,0,1,1,3,0,1,42.12,19.22333333,"12/14/2020","4/29/2021",-15.926,35.067,1158,"Rainfed","SeedCo","Private"
"Malawi",2020,"E0158","G146","L024",2,0,0,0,47,"Purple","Grey",110,5,0,1,72.46666667,0,2755.7,1,4,0,0,1,0,0,1,1,4,0,1,41.46666667,20.12333333,"12/14/2020","4/29/2021",-15.926,35.067,1158,"Rainfed","SeedCo","Private"
"Malawi",2020,"E0158","G188","L024",2,1,0,0,47,"Purple","Tawny",106,1,0,2.333333333,59.33333333,0,2716.266667,1,5,0,0,1,0,0,1,1,5,0,1,40.11333333,20.72333333,"12/14/2020","4/29/2021",-15.926,35.067,1158,"Rainfed","International Institute of Tropical Agriculture IITA","Public"
"Malawi",2020,"E0158","G193","L024",2,0,0,0,58.66666667,"Purple","Grey",109.3333333,1,0,1,82.86666667,0,2462.866667,1,4,0,0,1,0,0,1,1,3,0,1,40.54666667,19.09,"12/14/2020","4/29/2021",-15.926,35.067,1158,"Rainfed","International Institute of Tropical Agriculture IITA","Public"
"Malawi",2020,"E0158","G204","L024",2,0,0,0,44,"Purple","Tawny",102,2,0,2,65.2,0,3287.633333,1,3,0,0,1,0,0,1,1,4,0,1,41.78,21.11,"12/14/2020","4/29/2021",-15.926,35.067,1158,"Rainfed","International Institute of Tropical Agriculture IITA","Public"
"Malawi",2020,"E0158","G214","L024",2,0,0,0,51,"Purple","Tawny",103.6666667,1,0,2,58.86666667,0,3113.333333,1,4,0,0,1,0,0,1,1,3,0,1,42.95666667,20.53333333,"12/14/2020","4/29/2021",-15.926,35.067,1158,"Rainfed","International Institute of Tropical Agriculture IITA","Public"
"Malawi",2020,"E0158","G215","L024",2,0,0,0,52.33333333,"Purple","Tawny",104.3333333,1,0,2,76.53333333,0,2389.266667,1,4,0,0,1,0,0,1,1,4,0,1,42.99,20.365,"12/14/2020","4/29/2021",-15.926,35.067,1158,"Rainfed","International Institute of Tropical Agriculture IITA","Public"
"Malawi",2020,"E0158","G233","L024",2,0,0,0,41.66666667,"Purple","Tawny",103.3333333,1,0,1,77.66666667,0,2506,1,4,0,0,1,0,0,1,1,4,0,1,40.89333333,21.13,"12/14/2020","4/29/2021",-15.926,35.067,1158,"Rainfed","International Institute of Tropical Agriculture IITA","Public"
"Malawi",2020,"E0158","G241","L024",2,0,0,0,53,"Purple","Tawny",107,1,0,1,71.06666667,0,2806.533333,1,5,0,0,1,0,0,1,1,5,0,1,41.96333333,19.68666667,"12/14/2020","4/29/2021",-15.926,35.067,1158,"Rainfed","International Institute of Tropical Agriculture IITA","Public"
"Malawi",2020,"E0158","G275","L024",2,0,0,0,56,"Purple","Tawny",105.6666667,2,0,1,98.73333333,0,1233.8,1,4,0,0,1,0,0,1,1,5,0,1,48.66333333,17.44666667,"12/14/2020","4/29/2021",-15.926,35.067,1158,"Rainfed","International Institute of Tropical Agriculture IITA","Public"
"Malawi",2020,"E0158","G278","L024",2,0,0,0,54,"White","Tawny",109,3,0,1,90.13333333,0,2193.6,1,4,0,0,1,0,0,1,1,5,0,1,45.24,19.345,"12/14/2020","4/29/2021",-15.926,35.067,1158,"Rainfed","International Institute of Tropical Agriculture IITA","Public"
"Malawi",2020,"E0158","G283","L024",2,0,0,0,62,"Purple","Grey",113.6666667,2,0,1,98.66666667,0,2111.066667,1,4,0,0,1,0,0,1,1,4,0,1,45.46666667,18.99666667,"12/14/2020","4/29/2021",-15.926,35.067,1158,"Rainfed","International Institute of Tropical Agriculture IITA","Public"
"Malawi",2020,"E0158","G285","L024",2,0,0,0,61.33333333,"Purple","Tawny",116.3333333,5,0,1,113.8,0,1823.933333,1,3,0,0,1,0,0,1,1,3,0,1,44.32,18.41333333,"12/14/2020","4/29/2021",-15.926,35.067,1158,"Rainfed","International Institute of Tropical Agriculture IITA","Public"
"Malawi",2020,"E0158","G287","L024",2,0,0,0,60,"White","Grey",113.6666667,1,0,1,105.6666667,0,878.3333333,1,5,0,0,1,0,0,1,1,4,0,1,45.38,17.63666667,"12/14/2020","4/29/2021",-15.926,35.067,1158,"Rainfed","International Institute of Tropical Agriculture IITA","Public"
"Malawi",2020,"E0158","G290","L024",2,0,0,0,60,"Purple","Grey",111.3333333,2,0,1,80.53333333,0,2728.966667,1,4,0,0,1,0,0,1,1,4,0,1,43.34666667,19.84666667,"12/14/2020","4/29/2021",-15.926,35.067,1158,"Rainfed","International Institute of Tropical Agriculture IITA","Public"
"Malawi",2020,"E0158","G294","L024",2,0,0,0,44,"Purple","Tawny",112,5,0,1,83.33333333,0,1932.2,1,5,0,0,1,0,0,1,1,5,0,1,43.87666667,20.13333333,"12/14/2020","4/29/2021",-15.926,35.067,1158,"Rainfed","International Institute of Tropical Agriculture IITA","Public"
"Malawi",2020,"E0158","G297","L024",2,0,0,0,57.66666667,"Purple","Grey",112.3333333,1,0,1,100.5333333,0,2544.466667,1,3,0,0,1,0,0,1,1,3,0,1,43.48333333,19.64,"12/14/2020","4/29/2021",-15.926,35.067,1158,"Rainfed","International Institute of Tropical Agriculture IITA","Public"
"Malawi",2020,"E0158","G365","L024",2,1,0,0,41,"Purple","Tawny",111.3333333,5,0,2,54.33333333,0,2265.333333,1,5,0,0,1,0,0,1,1,4,0,1,41.57333333,21.22,"12/14/2020","4/29/2021",-15.926,35.067,1158,"Rainfed","Department of Agricultural Research Services DARS","Public"
"Zambia",2020,"E0176","G002","L0101",2,0,122.6666667,0,42,"White","Grey",83.33333333,1,0,4.333333333,46.33333333,17.66666667,2380,0,0,0,0,0,0,0,0,0,0,0,0,NA,NA,"1/6/2021","5/10/2021",-15.828,27.909,990,"Rainfed","CSIRO Agriculture and Food","Public"
"Zambia",2020,"E0176","G006","L0101",2,0,33.66666667,0,41,"Purple","Grey",97.33333333,3,0,2.666666667,32.66666667,17.66666667,1760,0,0,0,0,0,0,0,0,0,0,0,0,NA,NA,"1/6/2021","5/10/2021",-15.828,27.909,990,"Rainfed","Agricultural Research Council ARC","Public"
"Zambia",2020,"E0176","G018","L0101",2,0,88.33333333,0,45.33333333,"Purple","Tawny",97,1,0,1.333333333,39.66666667,20.33333333,3253.333333,0,0,0,0,0,0,0,0,0,0,0,0,NA,NA,"1/6/2021","5/10/2021",-15.828,27.909,990,"Rainfed","Ethiopian Institute of Agricultural Research EIAR","Public"
"Zambia",2020,"E0176","G032","L0101",2,0,120.6666667,0,48,"White","Grey",76,1,0,2.666666667,66,16,3653.333333,0,0,0,0,0,0,0,0,0,0,0,0,NA,NA,"1/6/2021","5/10/2021",-15.828,27.909,990,"Rainfed","CSIRO Agriculture and Food","Public"
"Zambia",2020,"E0176","G033","L0101",2,1,132,0,48.33333333,"Purple","Tawny",79.66666667,1,0,2,62.33333333,15.66666667,3473.333333,0,0,0,0,0,0,0,0,0,0,0,0,NA,NA,"1/6/2021","5/10/2021",-15.828,27.909,990,"Rainfed","International Institute of Tropical Agriculture IITA","Public"
"Zambia",2020,"E0176","G034","L0101",2,1,86.66666667,0,48.33333333,"Purple","Tawny",104,1,0,1.666666667,60.33333333,17.66666667,3013.333333,0,0,0,0,0,0,0,0,0,0,0,0,NA,NA,"1/6/2021","5/10/2021",-15.828,27.909,990,"Rainfed","ZamSeed","Private"
"Zambia",2020,"E0176","G056","L0101",2,1,90,0,41,"Purple","Grey",104,1,0,1.333333333,50.66666667,21,3340,0,0,0,0,0,0,0,0,0,0,0,0,NA,NA,"1/6/2021","5/10/2021",-15.828,27.909,990,"Rainfed","ZamSeed","Private"
"Zambia",2020,"E0176","G058","L0101",2,0,125.3333333,0,48.66666667,"White","Tawny",107,1,0,1.333333333,58.33333333,20,4020,0,0,0,0,0,0,0,0,0,0,0,0,NA,NA,"1/6/2021","5/10/2021",-15.828,27.909,990,"Rainfed","CSIRO Agriculture and Food","Public"
"Zambia",2020,"E0176","G068","L0101",2,0,98.33333333,0,41.33333333,"White","Grey",96.66666667,1,0,1.666666667,45.66666667,20,3440,0,0,0,0,0,0,0,0,0,0,0,0,NA,NA,"1/6/2021","5/10/2021",-15.828,27.909,990,"Rainfed","Crop Breeding Institute CBI","Public"
"Zambia",2020,"E0176","G070","L0101",2,0,63.66666667,0,50.33333333,"Purple","Tawny",109.6666667,1,0,1.333333333,65.33333333,17.33333333,3893.333333,0,0,0,0,0,0,0,0,0,0,0,0,NA,NA,"1/6/2021","5/10/2021",-15.828,27.909,990,"Rainfed","MRISyngenta Synergy Agribusiness Zambia Limited","Private"
"Zambia",2020,"E0176","G073","L0101",2,0,133.3333333,0,46.66666667,"White","Tawny",100.6666667,1,0,2.333333333,49,21.33333333,3373.333333,0,0,0,0,0,0,0,0,0,0,0,0,NA,NA,"1/6/2021","5/10/2021",-15.828,27.909,990,"Rainfed","CSIRO Agriculture and Food","Public"
"Zambia",2020,"E0176","G075","L0101",2,0,164.6666667,0,48,"White","Grey",92.33333333,1,0,3.666666667,61.33333333,11.33333333,2620,0,0,0,0,0,0,0,0,0,0,0,0,NA,NA,"1/6/2021","5/10/2021",-15.828,27.909,990,"Rainfed","CSIRO Agriculture and Food","Public"
"Zambia",2020,"E0176","G092","L0101",2,0,126.3333333,0,47.33333333,"Purple","Grey",105.6666667,1,0,1.333333333,73,21.66666667,4400,0,0,0,0,0,0,0,0,0,0,0,0,NA,NA,"1/6/2021","5/10/2021",-15.828,27.909,990,"Rainfed","SeedCo","Private"
"Zambia",2020,"E0176","G098","L0101",2,0,91.33333333,0,42,"Purple","Grey",102,1,0,2.666666667,46.33333333,23.66666667,3693.333333,0,0,0,0,0,0,0,0,0,0,0,0,NA,NA,"1/6/2021","5/10/2021",-15.828,27.909,990,"Rainfed","SeedCo","Private"
"Zambia",2020,"E0176","G101","L0101",2,0,81.66666667,0,48.66666667,"Purple","Tawny",99.33333333,1,0,1.333333333,44.33333333,20.66666667,3560,0,0,0,0,0,0,0,0,0,0,0,0,NA,NA,"1/6/2021","5/10/2021",-15.828,27.909,990,"Rainfed","SeedCo","Private"
"Zambia",2020,"E0176","G105","L0101",2,0,73.33333333,0,41.33333333,"White","Grey",106,1,0,1.333333333,55,22.33333333,2606.666667,0,0,0,0,0,0,0,0,0,0,0,0,NA,NA,"1/6/2021","5/10/2021",-15.828,27.909,990,"Rainfed","SeedCo","Private"
"Zambia",2020,"E0176","G107","L0101",2,0,111.6666667,0,47.66666667,"Purple","Tawny",104.6666667,1,0,1,52,17.66666667,3753.333333,0,0,0,0,0,0,0,0,0,0,0,0,NA,NA,"1/6/2021","5/10/2021",-15.828,27.909,990,"Rainfed","SeedCo","Private"
"Zambia",2020,"E0176","G109","L0101",2,0,63.66666667,0,45.33333333,"Purple","Grey",102.6666667,1,0,1.666666667,55.66666667,20.66666667,3986.666667,0,0,0,0,0,0,0,0,0,0,0,0,NA,NA,"1/6/2021","5/10/2021",-15.828,27.909,990,"Rainfed","SeedCo","Private"
"Zambia",2020,"E0176","G111","L0101",2,0,100,0,47,"White","Tawny",105,1,0,1.666666667,63.33333333,16.66666667,3386.666667,0,0,0,0,0,0,0,0,0,0,0,0,NA,NA,"1/6/2021","5/10/2021",-15.828,27.909,990,"Rainfed","SeedCo","Private"
"Zambia",2020,"E0176","G113","L0101",2,0,105,0,48,"Purple","Grey",106.3333333,1,0,1.666666667,57.66666667,19.66666667,3910,0,0,0,0,0,0,0,0,0,0,0,0,NA,NA,"1/6/2021","5/10/2021",-15.828,27.909,990,"Rainfed","SeedCo","Private"
"Zambia",2020,"E0176","G116","L0101",2,0,71,0,48.33333333,"Purple","Tawny",103.6666667,1,0,1,64.33333333,21.66666667,3700,0,0,0,0,0,0,0,0,0,0,0,0,NA,NA,"1/6/2021","5/10/2021",-15.828,27.909,990,"Rainfed","SeedCo","Private"
"Zambia",2020,"E0176","G133","L0101",2,0,90.33333333,0,46.33333333,"White","Tawny",107.6666667,1,0,1.333333333,69.66666667,20.66666667,4153.333333,0,0,0,0,0,0,0,0,0,0,0,0,NA,NA,"1/6/2021","5/10/2021",-15.828,27.909,990,"Rainfed","SeedCo","Private"
"Zambia",2020,"E0176","G136","L0101",2,0,107.6666667,0,50,"White","Grey",106.3333333,1,0,2,60.66666667,21.66666667,3333.333333,0,0,0,0,0,0,0,0,0,0,0,0,NA,NA,"1/6/2021","5/10/2021",-15.828,27.909,990,"Rainfed","Ethiopian Institute of Agricultural Research EIAR","Public"
"Zambia",2020,"E0176","G137","L0101",2,1,50,0,44.33333333,"Purple","Grey",105.6666667,1,0,1,68,22.33333333,3033.333333,0,0,0,0,0,0,0,0,0,0,0,0,NA,NA,"1/6/2021","5/10/2021",-15.828,27.909,990,"Rainfed","SeedCo","Private"
"Zambia",2020,"E0176","G138","L0101",2,0,95.33333333,0,44.66666667,"Purple","Grey",102,1,0,2.333333333,65.66666667,23.66666667,3380,0,0,0,0,0,0,0,0,0,0,0,0,NA,NA,"1/6/2021","5/10/2021",-15.828,27.909,990,"Rainfed","SeedCo","Private"
"Zambia",2020,"E0176","G141","L0101",2,0,111.3333333,0,49,"Purple","Grey",105,1,0,1,71.66666667,21.66666667,3666.666667,0,0,0,0,0,0,0,0,0,0,0,0,NA,NA,"1/6/2021","5/10/2021",-15.828,27.909,990,"Rainfed","SeedCo","Private"
"Zambia",2020,"E0176","G142","L0101",2,0,67,0,46.66666667,"Purple","Grey",106,1,0,1.333333333,68,24.66666667,3513.333333,0,0,0,0,0,0,0,0,0,0,0,0,NA,NA,"1/6/2021","5/10/2021",-15.828,27.909,990,"Rainfed","SeedCo","Private"
"Zambia",2020,"E0176","G143","L0101",2,0,68.33333333,0,45.33333333,"White","Grey",106,1,0,1.666666667,63.66666667,23,2613.333333,0,0,0,0,0,0,0,0,0,0,0,0,NA,NA,"1/6/2021","5/10/2021",-15.828,27.909,990,"Rainfed","SeedCo","Private"
"Zambia",2020,"E0176","G144","L0101",2,0,116.3333333,0,41.33333333,"Purple","Grey",105.3333333,1,0,2,40.66666667,16.66666667,3253.333333,0,0,0,0,0,0,0,0,0,0,0,0,NA,NA,"1/6/2021","5/10/2021",-15.828,27.909,990,"Rainfed","SeedCo","Private"
"Zambia",2020,"E0176","G145","L0101",2,0,85.66666667,0,46,"Purple","Grey",115,1,0,1.333333333,85.33333333,20.33333333,4540,0,0,0,0,0,0,0,0,0,0,0,0,NA,NA,"1/6/2021","5/10/2021",-15.828,27.909,990,"Rainfed","SeedCo","Private"
"Zambia",2020,"E0176","G146","L0101",2,0,140.6666667,0,47.66666667,"Purple","Grey",110.3333333,1,0,2,72.66666667,20,2606.666667,0,0,0,0,0,0,0,0,0,0,0,0,NA,NA,"1/6/2021","5/10/2021",-15.828,27.909,990,"Rainfed","SeedCo","Private"
"Zambia",2020,"E0176","G188","L0101",2,0,62,0,48.66666667,"Purple","Tawny",86.66666667,1,0,2,65.66666667,15.33333333,2873.333333,0,0,0,0,0,0,0,0,0,0,0,0,NA,NA,"1/6/2021","5/10/2021",-15.828,27.909,990,"Rainfed","International Institute of Tropical Agriculture IITA","Public"
"Zambia",2020,"E0176","G193","L0101",2,0,150,0,49.66666667,"Purple","Grey",100,1,0,2.333333333,77,15.66666667,3480,0,0,0,0,0,0,0,0,0,0,0,0,NA,NA,"1/6/2021","5/10/2021",-15.828,27.909,990,"Rainfed","International Institute of Tropical Agriculture IITA","Public"
"Zambia",2020,"E0176","G204","L0101",2,0,70.33333333,0,49.33333333,"Purple","Tawny",89,1,0,1.333333333,56.66666667,16.66666667,3386.666667,0,0,0,0,0,0,0,0,0,0,0,0,NA,NA,"1/6/2021","5/10/2021",-15.828,27.909,990,"Rainfed","International Institute of Tropical Agriculture IITA","Public"
"Zambia",2020,"E0176","G214","L0101",2,0,117.6666667,0,48.66666667,"Purple","Tawny",100.6666667,1,0,1.333333333,64,16.66666667,4000,0,0,0,0,0,0,0,0,0,0,0,0,NA,NA,"1/6/2021","5/10/2021",-15.828,27.909,990,"Rainfed","International Institute of Tropical Agriculture IITA","Public"
"Zambia",2020,"E0176","G215","L0101",2,0,138,0,48.66666667,"Purple","Tawny",99,1,0,2,79.66666667,18,3373.333333,0,0,0,0,0,0,0,0,0,0,0,0,NA,NA,"1/6/2021","5/10/2021",-15.828,27.909,990,"Rainfed","International Institute of Tropical Agriculture IITA","Public"
"Zambia",2020,"E0176","G219","L0101",2,0,98.66666667,0,46.33333333,"White","Grey",107,1,0,1,56,25.66666667,3086.666667,0,0,0,0,0,0,0,0,0,0,0,0,NA,NA,"1/6/2021","5/10/2021",-15.828,27.909,990,"Rainfed","International Institute of Tropical Agriculture IITA","Public"
"Zambia",2020,"E0176","G233","L0101",2,0,130,0,40.33333333,"White","Tawny",102.3333333,1,0,1.333333333,80.33333333,20,4266.666667,0,0,0,0,0,0,0,0,0,0,0,0,NA,NA,"1/6/2021","5/10/2021",-15.828,27.909,990,"Rainfed","International Institute of Tropical Agriculture IITA","Public"
"Zambia",2020,"E0176","G241","L0101",2,0,90.33333333,0,46.66666667,"Purple","Grey",96.66666667,1,0,1.666666667,71,17.66666667,3600,0,0,0,0,0,0,0,0,0,0,0,0,NA,NA,"1/6/2021","5/10/2021",-15.828,27.909,990,"Rainfed","International Institute of Tropical Agriculture IITA","Public"
"Zambia",2020,"E0176","G244","L0101",2,0,157,0,43,"Purple","Grey",98.33333333,1,0,1,70.66666667,21,3373.333333,0,0,0,0,0,0,0,0,0,0,0,0,NA,NA,"1/6/2021","5/10/2021",-15.828,27.909,990,"Rainfed","International Institute of Tropical Agriculture IITA","Public"
"Zambia",2020,"E0171","G002","L099",2,0,0,0,54,"White",NA,109.3333333,4,0,0,0,0,2861.31,0,0,0,0,0,0,0,0,0,0,0,0,NA,NA,"12/17/2020","5/14/2021",-15.404,28.08,1219,"Rainfed","CSIRO Agriculture and Food","Public"
"Zambia",2020,"E0171","G006","L099",2,0,0,0,55.33333333,"Purple",NA,108.3333333,0,0,0,0,0,2468.193333,0,0,0,0,0,0,0,0,0,0,0,0,NA,NA,"12/17/2020","5/14/2021",-15.404,28.08,1219,"Rainfed","Agricultural Research Council ARC","Public"
"Zambia",2020,"E0171","G018","L099",2,0,0,0,57,"Purple",NA,110.3333333,0,0,0,0,0,2973.086667,0,0,0,0,0,0,0,0,0,0,0,0,NA,NA,"12/17/2020","5/14/2021",-15.404,28.08,1219,"Rainfed","Ethiopian Institute of Agricultural Research EIAR","Public"
"Zambia",2020,"E0171","G032","L099",2,0,0,0,53,"Purple",NA,101.3333333,5,0,0,0,0,3591.246667,0,0,0,0,0,0,0,0,0,0,0,0,NA,NA,"12/17/2020","5/14/2021",-15.404,28.08,1219,"Rainfed","CSIRO Agriculture and Food","Public"
"Zambia",2020,"E0171","G033","L099",2,0,0,0,53.66666667,"White",NA,102.3333333,5,0,0,0,0,3187.46,0,0,0,0,0,0,0,0,0,0,0,0,NA,NA,"12/17/2020","5/14/2021",-15.404,28.08,1219,"Rainfed","International Institute of Tropical Agriculture IITA","Public"
"Zambia",2020,"E0171","G034","L099",2,0,0,0,55,"Purple",NA,112.3333333,5,0,0,0,0,2876.716667,0,0,0,0,0,0,0,0,0,0,0,0,NA,NA,"12/17/2020","5/14/2021",-15.404,28.08,1219,"Rainfed","ZamSeed","Private"
"Zambia",2020,"E0171","G056","L099",2,0,0,0,48.66666667,"White",NA,109.3333333,0,0,0,0,0,3810.81,0,0,0,0,0,0,0,0,0,0,0,0,NA,NA,"12/17/2020","5/14/2021",-15.404,28.08,1219,"Rainfed","ZamSeed","Private"
"Zambia",2020,"E0171","G058","L099",2,0,0,0,54.33333333,"Purple",NA,112.3333333,5,0,0,0,0,3354.18,0,0,0,0,0,0,0,0,0,0,0,0,NA,NA,"12/17/2020","5/14/2021",-15.404,28.08,1219,"Rainfed","CSIRO Agriculture and Food","Public"
"Zambia",2020,"E0171","G068","L099",2,0,0,0,51.66666667,"Purple",NA,109,0,0,0,0,0,4229.295,0,0,0,0,0,0,0,0,0,0,0,0,NA,NA,"12/17/2020","5/14/2021",-15.404,28.08,1219,"Rainfed","Crop Breeding Institute CBI","Public"
"Zambia",2020,"E0171","G070","L099",2,0,0,0,55.66666667,"White",NA,116,5,0,0,0,0,1944.436667,0,0,0,0,0,0,0,0,0,0,0,0,NA,NA,"12/17/2020","5/14/2021",-15.404,28.08,1219,"Rainfed","MRISyngenta Synergy Agribusiness Zambia Limited","Private"
"Zambia",2020,"E0171","G073","L099",2,0,0,0,52.33333333,"White",NA,109,5,0,0,0,0,2964.446667,0,0,0,0,0,0,0,0,0,0,0,0,NA,NA,"12/17/2020","5/14/2021",-15.404,28.08,1219,"Rainfed","CSIRO Agriculture and Food","Public"
"Zambia",2020,"E0171","G075","L099",2,0,0,0,56.66666667,"Purple",NA,106.3333333,5,0,0,0,0,2601.756667,0,0,0,0,0,0,0,0,0,0,0,0,NA,NA,"12/17/2020","5/14/2021",-15.404,28.08,1219,"Rainfed","CSIRO Agriculture and Food","Public"
"Zambia",2020,"E0171","G092","L099",2,0,0,0,53,"Purple",NA,113,0,0,0,0,0,3690.07,0,0,0,0,0,0,0,0,0,0,0,0,NA,NA,"12/17/2020","5/14/2021",-15.404,28.08,1219,"Rainfed","SeedCo","Private"
"Zambia",2020,"E0171","G098","L099",2,0,0,0,53.66666667,"Purple",NA,110,4,0,0,0,0,3417.573333,0,0,0,0,0,0,0,0,0,0,0,0,NA,NA,"12/17/2020","5/14/2021",-15.404,28.08,1219,"Rainfed","SeedCo","Private"
"Zambia",2020,"E0171","G101","L099",2,0,0,0,56,"Purple",NA,111,0,0,0,0,0,3210.496667,0,0,0,0,0,0,0,0,0,0,0,0,NA,NA,"12/17/2020","5/14/2021",-15.404,28.08,1219,"Rainfed","SeedCo","Private"
"Zambia",2020,"E0171","G105","L099",2,0,0,0,55,"Purple",NA,112,4,0,0,0,0,3655.24,0,0,0,0,0,0,0,0,0,0,0,0,NA,NA,"12/17/2020","5/14/2021",-15.404,28.08,1219,"Rainfed","SeedCo","Private"
"Zambia",2020,"E0171","G107","L099",2,0,0,0,53.33333333,"Purple",NA,113.3333333,0,0,0,0,0,3335.02,0,0,0,0,0,0,0,0,0,0,0,0,NA,NA,"12/17/2020","5/14/2021",-15.404,28.08,1219,"Rainfed","SeedCo","Private"
"Zambia",2020,"E0171","G109","L099",2,0,0,0,55,"Purple",NA,114.3333333,0,0,0,0,0,4061.343333,0,0,0,0,0,0,0,0,0,0,0,0,NA,NA,"12/17/2020","5/14/2021",-15.404,28.08,1219,"Rainfed","SeedCo","Private"
"Zambia",2020,"E0171","G111","L099",2,0,0,0,52.33333333,"Purple",NA,111.3333333,0,0,0,0,0,3051.553333,0,0,0,0,0,0,0,0,0,0,0,0,NA,NA,"12/17/2020","5/14/2021",-15.404,28.08,1219,"Rainfed","SeedCo","Private"
"Zambia",2020,"E0171","G113","L099",2,0,0,0,52.66666667,"White",NA,112.3333333,0,0,0,0,0,3824.24,0,0,0,0,0,0,0,0,0,0,0,0,NA,NA,"12/17/2020","5/14/2021",-15.404,28.08,1219,"Rainfed","SeedCo","Private"
"Zambia",2020,"E0171","G116","L099",2,0,0,0,53,"Purple",NA,112.6666667,0,0,0,0,0,2841.22,0,0,0,0,0,0,0,0,0,0,0,0,NA,NA,"12/17/2020","5/14/2021",-15.404,28.08,1219,"Rainfed","SeedCo","Private"
"Zambia",2020,"E0171","G133","L099",2,0,0,0,51.66666667,"Purple",NA,115,0,0,0,0,0,3194.226667,0,0,0,0,0,0,0,0,0,0,0,0,NA,NA,"12/17/2020","5/14/2021",-15.404,28.08,1219,"Rainfed","SeedCo","Private"
"Zambia",2020,"E0171","G136","L099",2,0,0,0,54.33333333,"Purple",NA,111,0,0,0,0,0,3434.626667,0,0,0,0,0,0,0,0,0,0,0,0,NA,NA,"12/17/2020","5/14/2021",-15.404,28.08,1219,"Rainfed","Ethiopian Institute of Agricultural Research EIAR","Public"
"Zambia",2020,"E0171","G137","L099",2,0,0,0,50.66666667,"Purple",NA,108.6666667,0,0,0,0,0,2322.876667,0,0,0,0,0,0,0,0,0,0,0,0,NA,NA,"12/17/2020","5/14/2021",-15.404,28.08,1219,"Rainfed","SeedCo","Private"
"Zambia",2020,"E0171","G138","L099",2,0,0,0,53,"Purple",NA,110,0,0,0,0,0,4334.636667,0,0,0,0,0,0,0,0,0,0,0,0,NA,NA,"12/17/2020","5/14/2021",-15.404,28.08,1219,"Rainfed","SeedCo","Private"
"Zambia",2020,"E0171","G141","L099",2,0,0,0,49,"Purple",NA,111.6666667,0,0,0,0,0,2617.693333,0,0,0,0,0,0,0,0,0,0,0,0,NA,NA,"12/17/2020","5/14/2021",-15.404,28.08,1219,"Rainfed","SeedCo","Private"
"Zambia",2020,"E0171","G142","L099",2,0,0,0,51.66666667,"Purple",NA,110.3333333,0,0,0,0,0,2596.373333,0,0,0,0,0,0,0,0,0,0,0,0,NA,NA,"12/17/2020","5/14/2021",-15.404,28.08,1219,"Rainfed","SeedCo","Private"
"Zambia",2020,"E0171","G143","L099",2,0,0,0,51.66666667,"Purple",NA,109.3333333,0,0,0,0,0,3072.573333,0,0,0,0,0,0,0,0,0,0,0,0,NA,NA,"12/17/2020","5/14/2021",-15.404,28.08,1219,"Rainfed","SeedCo","Private"
"Zambia",2020,"E0171","G144","L099",2,0,0,0,56.33333333,"Purple",NA,109,5,0,0,0,0,3540.4,0,0,0,0,0,0,0,0,0,0,0,0,NA,NA,"12/17/2020","5/14/2021",-15.404,28.08,1219,"Rainfed","SeedCo","Private"
"Zambia",2020,"E0171","G145","L099",2,0,0,0,53,"White",NA,113.3333333,0,0,0,0,0,3675.503333,0,0,0,0,0,0,0,0,0,0,0,0,NA,NA,"12/17/2020","5/14/2021",-15.404,28.08,1219,"Rainfed","SeedCo","Private"
"Zambia",2020,"E0171","G146","L099",2,0,0,0,52.66666667,"Purple",NA,114,4,0,0,0,0,2876.33,0,0,0,0,0,0,0,0,0,0,0,0,NA,NA,"12/17/2020","5/14/2021",-15.404,28.08,1219,"Rainfed","SeedCo","Private"
"Zambia",2020,"E0171","G188","L099",2,0,0,0,52.33333333,"Purple",NA,100.3333333,0,0,0,0,0,3254.196667,0,0,0,0,0,0,0,0,0,0,0,0,NA,NA,"12/17/2020","5/14/2021",-15.404,28.08,1219,"Rainfed","International Institute of Tropical Agriculture IITA","Public"
"Zambia",2020,"E0171","G193","L099",2,0,0,0,53.66666667,"Purple",NA,109,5,0,0,0,0,3278.35,0,0,0,0,0,0,0,0,0,0,0,0,NA,NA,"12/17/2020","5/14/2021",-15.404,28.08,1219,"Rainfed","International Institute of Tropical Agriculture IITA","Public"
"Zambia",2020,"E0171","G204","L099",2,0,0,0,51,"Purple",NA,102.6666667,0,0,0,0,0,3217.65,0,0,0,0,0,0,0,0,0,0,0,0,NA,NA,"12/17/2020","5/14/2021",-15.404,28.08,1219,"Rainfed","International Institute of Tropical Agriculture IITA","Public"
"Zambia",2020,"E0171","G214","L099",2,0,0,0,54.66666667,"Purple",NA,110,5,0,0,0,0,3170.583333,0,0,0,0,0,0,0,0,0,0,0,0,NA,NA,"12/17/2020","5/14/2021",-15.404,28.08,1219,"Rainfed","International Institute of Tropical Agriculture IITA","Public"
"Zambia",2020,"E0171","G215","L099",2,0,0,0,53,"Purple",NA,110,5,0,0,0,0,3195.34,0,0,0,0,0,0,0,0,0,0,0,0,NA,NA,"12/17/2020","5/14/2021",-15.404,28.08,1219,"Rainfed","International Institute of Tropical Agriculture IITA","Public"
"Zambia",2020,"E0171","G219","L099",2,0,0,0,54.33333333,"White",NA,105.6666667,0,0,0,0,0,2669.636667,0,0,0,0,0,0,0,0,0,0,0,0,NA,NA,"12/17/2020","5/14/2021",-15.404,28.08,1219,"Rainfed","International Institute of Tropical Agriculture IITA","Public"
"Zambia",2020,"E0171","G233","L099",2,0,0,0,56.66666667,"Purple",NA,112.3333333,0,0,0,0,0,2612.896667,0,0,0,0,0,0,0,0,0,0,0,0,NA,NA,"12/17/2020","5/14/2021",-15.404,28.08,1219,"Rainfed","International Institute of Tropical Agriculture IITA","Public"
"Zambia",2020,"E0171","G241","L099",2,0,0,0,52.33333333,"Purple",NA,110.3333333,5,0,0,0,0,3275.003333,0,0,0,0,0,0,0,0,0,0,0,0,NA,NA,"12/17/2020","5/14/2021",-15.404,28.08,1219,"Rainfed","International Institute of Tropical Agriculture IITA","Public"
"Zambia",2020,"E0171","G244","L099",2,0,0,0,55.33333333,"White",NA,109,5,0,0,0,0,2908.013333,0,0,0,0,0,0,0,0,0,0,0,0,NA,NA,"12/17/2020","5/14/2021",-15.404,28.08,1219,"Rainfed","International Institute of Tropical Agriculture IITA","Public"
"Zambia",2020,"E0173","G002","L0100",2,0,243,0,44,"White","Grey",101.6666667,3,0,4.666666667,67.6,16,2433.54,0,0,0,0,0,0,0,0,0,0,0,0,NA,NA,"12/10/2020","4/19/2021",-15.392,28.584,1098,"Rainfed","CSIRO Agriculture and Food","Public"
"Zambia",2020,"E0173","G006","L0100",2,0,87.66666667,0,45.33333333,"Purple","Grey",106,1,0,1.666666667,64.66666667,23,2028.25,0,0,0,0,0,0,0,0,0,0,0,0,NA,NA,"12/10/2020","4/19/2021",-15.392,28.584,1098,"Rainfed","Agricultural Research Council ARC","Public"
"Zambia",2020,"E0173","G018","L0100",2,0,213.6666667,0,50.66666667,"Purple","Tawny",106.6666667,3,0,1,73.06666667,16.33333333,1949.02,0,0,0,0,0,0,0,0,0,0,0,0,NA,NA,"12/10/2020","4/19/2021",-15.392,28.584,1098,"Rainfed","Ethiopian Institute of Agricultural Research EIAR","Public"
"Zambia",2020,"E0173","G032","L0100",2,0,212.3333333,0,45.66666667,"Purple","Tawny",99.33333333,5,0,1.666666667,81.93333333,17.33333333,2531.266667,0,0,0,0,0,0,0,0,0,0,0,0,NA,NA,"12/10/2020","4/19/2021",-15.392,28.584,1098,"Rainfed","CSIRO Agriculture and Food","Public"
"Zambia",2020,"E0173","G033","L0100",2,0,234,0,47.66666667,"Purple","Tawny",96.66666667,5,0,2,81.9,17,1918.916667,0,0,0,0,0,0,0,0,0,0,0,0,NA,NA,"12/10/2020","4/19/2021",-15.392,28.584,1098,"Rainfed","International Institute of Tropical Agriculture IITA","Public"
"Zambia",2020,"E0173","G034","L0100",2,0,208.6666667,0,52.66666667,"Purple","Tawny",111.3333333,4,0,1,93,12.66666667,1700.656667,0,0,0,0,0,0,0,0,0,0,0,0,NA,NA,"12/10/2020","4/19/2021",-15.392,28.584,1098,"Rainfed","ZamSeed","Private"
"Zambia",2020,"E0173","G056","L0100",2,0,164,0,45.33333333,"Purple","Grey",107.6666667,1,0,1.666666667,80.66666667,13.33333333,2299.076667,0,0,0,0,0,0,0,0,0,0,0,0,NA,NA,"12/10/2020","4/19/2021",-15.392,28.584,1098,"Rainfed","ZamSeed","Private"
"Zambia",2020,"E0173","G058","L0100",2,0,265,0,53.33333333,"White","Tawny",112,5,0,3.333333333,88.33333333,15,1853.323333,0,0,0,0,0,0,0,0,0,0,0,0,NA,NA,"12/10/2020","4/19/2021",-15.392,28.584,1098,"Rainfed","CSIRO Agriculture and Food","Public"
"Zambia",2020,"E0173","G068","L0100",2,0,189,0,44,"White","Tawny",103.3333333,2,0,1.666666667,72.5,18.33333333,2175.323333,0,0,0,0,0,0,0,0,0,0,0,0,NA,NA,"12/10/2020","4/19/2021",-15.392,28.584,1098,"Rainfed","Crop Breeding Institute CBI","Public"
"Zambia",2020,"E0173","G070","L0100",2,0,156,0,58,"Purple","Tawny",115.6666667,4,0,1,95,13,1427.376667,0,0,0,0,0,0,0,0,0,0,0,0,NA,NA,"12/10/2020","4/19/2021",-15.392,28.584,1098,"Rainfed","MRISyngenta Synergy Agribusiness Zambia Limited","Private"
"Zambia",2020,"E0173","G073","L0100",2,0,241.3333333,0,45.66666667,"White","Tawny",106.3333333,5,0,3.666666667,76.2,20.33333333,2183.34,0,0,0,0,0,0,0,0,0,0,0,0,NA,NA,"12/10/2020","4/19/2021",-15.392,28.584,1098,"Rainfed","CSIRO Agriculture and Food","Public"
"Zambia",2020,"E0173","G075","L0100",2,0,315,0,51,"White","Grey",105,5,0,5,75.43333333,12,1507.073333,0,0,0,0,0,0,0,0,0,0,0,0,NA,NA,"12/10/2020","4/19/2021",-15.392,28.584,1098,"Rainfed","CSIRO Agriculture and Food","Public"
"Zambia",2020,"E0173","G092","L0100",2,0,180.3333333,0,51.33333333,"Purple","Tawny",111.3333333,3,0,1,100.6666667,18.66666667,2365.77,0,0,0,0,0,0,0,0,0,0,0,0,NA,NA,"12/10/2020","4/19/2021",-15.392,28.584,1098,"Rainfed","SeedCo","Private"
"Zambia",2020,"E0173","G098","L0100",2,0,185.6666667,0,44,"Purple","Tawny",110.6666667,1,0,1,82.16666667,18.33333333,3044.103333,0,0,0,0,0,0,0,0,0,0,0,0,NA,NA,"12/10/2020","4/19/2021",-15.392,28.584,1098,"Rainfed","SeedCo","Private"
"Zambia",2020,"E0173","G101","L0100",2,0,158.3333333,0,50.66666667,"Purple","Tawny",113.6666667,3,0,1.666666667,88.66666667,17.66666667,2583.173333,0,0,0,0,0,0,0,0,0,0,0,0,NA,NA,"12/10/2020","4/19/2021",-15.392,28.584,1098,"Rainfed","SeedCo","Private"
"Zambia",2020,"E0173","G105","L0100",2,0,101.6666667,0,44.33333333,"White","Grey",112.3333333,2,0,1.666666667,84.33333333,15.66666667,1919.126667,0,0,0,0,0,0,0,0,0,0,0,0,NA,NA,"12/10/2020","4/19/2021",-15.392,28.584,1098,"Rainfed","SeedCo","Private"
"Zambia",2020,"E0173","G107","L0100",2,0,213.6666667,0,50.66666667,"Purple","Tawny",113.3333333,1,0,1.333333333,88.33333333,16.66666667,2841.473333,0,0,0,0,0,0,0,0,0,0,0,0,NA,NA,"12/10/2020","4/19/2021",-15.392,28.584,1098,"Rainfed","SeedCo","Private"
"Zambia",2020,"E0173","G109","L0100",2,0,217.6666667,0,49,"Purple","Tawny",113.3333333,2,0,1,93,17,2988.416667,0,0,0,0,0,0,0,0,0,0,0,0,NA,NA,"12/10/2020","4/19/2021",-15.392,28.584,1098,"Rainfed","SeedCo","Private"
"Zambia",2020,"E0173","G111","L0100",2,0,268.3333333,0,53,"White","Tawny",114.6666667,3,0,1,100.3333333,15.33333333,2836.253333,0,0,0,0,0,0,0,0,0,0,0,0,NA,NA,"12/10/2020","4/19/2021",-15.392,28.584,1098,"Rainfed","SeedCo","Private"
"Zambia",2020,"E0173","G113","L0100",2,0,193.6666667,0,54,"Purple","Tawny",113.6666667,1,0,1.666666667,88.83333333,17.33333333,2492.833333,0,0,0,0,0,0,0,0,0,0,0,0,NA,NA,"12/10/2020","4/19/2021",-15.392,28.584,1098,"Rainfed","SeedCo","Private"
"Zambia",2020,"E0173","G116","L0100",2,0,155.3333333,0,48.33333333,"Purple","Tawny",113.3333333,3,0,1.333333333,91.66666667,18,2469.743333,0,0,0,0,0,0,0,0,0,0,0,0,NA,NA,"12/10/2020","4/19/2021",-15.392,28.584,1098,"Rainfed","SeedCo","Private"
"Zambia",2020,"E0173","G133","L0100",2,0,177.6666667,0,57.66666667,"White","Tawny",119.3333333,2,0,1,102,18.66666667,2474.936667,0,0,0,0,0,0,0,0,0,0,0,0,NA,NA,"12/10/2020","4/19/2021",-15.392,28.584,1098,"Rainfed","SeedCo","Private"
"Zambia",2020,"E0173","G136","L0100",2,0,200,0,53,"White","Grey",107,2,0,2.333333333,94.2,18.66666667,2052.87,0,0,0,0,0,0,0,0,0,0,0,0,NA,NA,"12/10/2020","4/19/2021",-15.392,28.584,1098,"Rainfed","Ethiopian Institute of Agricultural Research EIAR","Public"
"Zambia",2020,"E0173","G137","L0100",2,0,156.6666667,0,49,"Purple","Grey",107.3333333,2,0,1,99.16666667,21,2087.076667,0,0,0,0,0,0,0,0,0,0,0,0,NA,NA,"12/10/2020","4/19/2021",-15.392,28.584,1098,"Rainfed","SeedCo","Private"
"Zambia",2020,"E0173","G138","L0100",2,0,166.6666667,0,44,"Purple","Grey",106.6666667,2,0,2.333333333,89.56666667,23.66666667,3316.476667,0,0,0,0,0,0,0,0,0,0,0,0,NA,NA,"12/10/2020","4/19/2021",-15.392,28.584,1098,"Rainfed","SeedCo","Private"
"Zambia",2020,"E0173","G141","L0100",2,0,180,0,48.33333333,"Purple","Grey",108.3333333,3,0,1,89,21,2501.276667,0,0,0,0,0,0,0,0,0,0,0,0,NA,NA,"12/10/2020","4/19/2021",-15.392,28.584,1098,"Rainfed","SeedCo","Private"
"Zambia",2020,"E0173","G142","L0100",2,0,111,0,49.33333333,"Purple","Grey",113.3333333,3,0,1.333333333,102.1666667,22.33333333,2644.383333,0,0,0,0,0,0,0,0,0,0,0,0,NA,NA,"12/10/2020","4/19/2021",-15.392,28.584,1098,"Rainfed","SeedCo","Private"
"Zambia",2020,"E0173","G143","L0100",2,0,163.3333333,0,46.33333333,"White","Tawny",107.6666667,1,0,1,86.16666667,20,1932.43,0,0,0,0,0,0,0,0,0,0,0,0,NA,NA,"12/10/2020","4/19/2021",-15.392,28.584,1098,"Rainfed","SeedCo","Private"
"Zambia",2020,"E0173","G144","L0100",2,0,149.3333333,0,44.66666667,"Purple","Tawny",107,2,0,2.666666667,73.33333333,22.66666667,2221.15,0,0,0,0,0,0,0,0,0,0,0,0,NA,NA,"12/10/2020","4/19/2021",-15.392,28.584,1098,"Rainfed","SeedCo","Private"
"Zambia",2020,"E0173","G145","L0100",2,0,156.3333333,0,49.33333333,"Purple","Tawny",114,3,0,1.333333333,107.3333333,16.33333333,2924.94,0,0,0,0,0,0,0,0,0,0,0,0,NA,NA,"12/10/2020","4/19/2021",-15.392,28.584,1098,"Rainfed","SeedCo","Private"
"Zambia",2020,"E0173","G146","L0100",2,0,184,0,48,"Purple","Tawny",113.3333333,2,0,1.666666667,105.1,15.66666667,2368.946667,0,0,0,0,0,0,0,0,0,0,0,0,NA,NA,"12/10/2020","4/19/2021",-15.392,28.584,1098,"Rainfed","SeedCo","Private"
"Zambia",2020,"E0173","G188","L0100",2,0,135.3333333,0,48,"Purple","Tawny",101.3333333,4,0,2,88,16.33333333,2410.473333,0,0,0,0,0,0,0,0,0,0,0,0,NA,NA,"12/10/2020","4/19/2021",-15.392,28.584,1098,"Rainfed","International Institute of Tropical Agriculture IITA","Public"
"Zambia",2020,"E0173","G193","L0100",2,0,231.3333333,0,54.66666667,"Purple","Tawny",107.3333333,5,0,1.666666667,101,18.66666667,2679.13,0,0,0,0,0,0,0,0,0,0,0,0,NA,NA,"12/10/2020","4/19/2021",-15.392,28.584,1098,"Rainfed","International Institute of Tropical Agriculture IITA","Public"
"Zambia",2020,"E0173","G204","L0100",2,0,203,0,48.33333333,"Purple","Tawny",103,4,0,1,72.4,16.33333333,2882.76,0,0,0,0,0,0,0,0,0,0,0,0,NA,NA,"12/10/2020","4/19/2021",-15.392,28.584,1098,"Rainfed","International Institute of Tropical Agriculture IITA","Public"
"Zambia",2020,"E0173","G214","L0100",2,0,184,0,49,"Purple","Tawny",104.6666667,5,0,1.666666667,77.03333333,17.33333333,2822.323333,0,0,0,0,0,0,0,0,0,0,0,0,NA,NA,"12/10/2020","4/19/2021",-15.392,28.584,1098,"Rainfed","International Institute of Tropical Agriculture IITA","Public"
"Zambia",2020,"E0173","G215","L0100",2,0,246.6666667,0,52.33333333,"Purple","Tawny",108,4,0,2.333333333,103.8333333,18.33333333,2567.826667,0,0,0,0,0,0,0,0,0,0,0,0,NA,NA,"12/10/2020","4/19/2021",-15.392,28.584,1098,"Rainfed","International Institute of Tropical Agriculture IITA","Public"
"Zambia",2020,"E0173","G219","L0100",2,0,123.6666667,0,48,"White","Tawny",107.6666667,2,0,1,87.66666667,22,2112.08,0,0,0,0,0,0,0,0,0,0,0,0,NA,NA,"12/10/2020","4/19/2021",-15.392,28.584,1098,"Rainfed","International Institute of Tropical Agriculture IITA","Public"
"Zambia",2020,"E0173","G233","L0100",2,0,202,0,44.33333333,"Purple","Tawny",106.3333333,4,0,2.333333333,98.66666667,17.33333333,2083.473333,0,0,0,0,0,0,0,0,0,0,0,0,NA,NA,"12/10/2020","4/19/2021",-15.392,28.584,1098,"Rainfed","International Institute of Tropical Agriculture IITA","Public"
"Zambia",2020,"E0173","G241","L0100",2,0,91,0,52.33333333,"Purple","Tawny",105.3333333,4,0,2.333333333,97.83333333,17.33333333,2037.956667,0,0,0,0,0,0,0,0,0,0,0,0,NA,NA,"12/10/2020","4/19/2021",-15.392,28.584,1098,"Rainfed","International Institute of Tropical Agriculture IITA","Public"
"Zambia",2020,"E0173","G244","L0100",2,0,204.3333333,0,49,"Purple","Grey",103.6666667,4,0,2,91.06666667,19,2382.886667,0,0,0,0,0,0,0,0,0,0,0,0,NA,NA,"12/10/2020","4/19/2021",-15.392,28.584,1098,"Rainfed","International Institute of Tropical Agriculture IITA","Public"
"Zambia",2020,"E0174","G002","L075",2,0,124.6666667,0,45,"White","Grey",103,2,0,5,65.33333333,14.33333333,2250.643333,0,0,0,0,0,0,0,0,0,0,0,0,NA,NA,"1/6/2021","4/26/2021",-15.337,28.526,1145,"Rainfed","CSIRO Agriculture and Food","Public"
"Zambia",2020,"E0174","G006","L075",2,0,70.66666667,0,46.33333333,"Purple","Grey",106.3333333,1,0,2,67.5,20.33333333,1287.226667,0,0,0,0,0,0,0,0,0,0,0,0,NA,NA,"1/6/2021","4/26/2021",-15.337,28.526,1145,"Rainfed","Agricultural Research Council ARC","Public"
"Zambia",2020,"E0174","G018","L075",2,0,136.3333333,0,50.33333333,"Purple","Tawny",107.3333333,2,0,1.666666667,77.33333333,14,1764.556667,0,0,0,0,0,0,0,0,0,0,0,0,NA,NA,"1/6/2021","4/26/2021",-15.337,28.526,1145,"Rainfed","Ethiopian Institute of Agricultural Research EIAR","Public"
"Zambia",2020,"E0174","G032","L075",2,0,155.3333333,0,46.33333333,"Purple","Tawny",95.33333333,2,0,2.333333333,75.73333333,14.33333333,1894.816667,0,0,0,0,0,0,0,0,0,0,0,0,NA,NA,"1/6/2021","4/26/2021",-15.337,28.526,1145,"Rainfed","CSIRO Agriculture and Food","Public"
"Zambia",2020,"E0174","G033","L075",2,0,152,0,46.66666667,"Purple","Tawny",95,2,0,2.666666667,76.06666667,13.66666667,1612.95,0,0,0,0,0,0,0,0,0,0,0,0,NA,NA,"1/6/2021","4/26/2021",-15.337,28.526,1145,"Rainfed","International Institute of Tropical Agriculture IITA","Public"
"Zambia",2020,"E0174","G034","L075",2,0,127.3333333,0,51.66666667,"Purple","Tawny",113,4,0,2.333333333,71.66666667,14.33333333,1682.073333,0,0,0,0,0,0,0,0,0,0,0,0,NA,NA,"1/6/2021","4/26/2021",-15.337,28.526,1145,"Rainfed","ZamSeed","Private"
"Zambia",2020,"E0174","G056","L075",2,0,115,0,46,"Purple","Grey",104.6666667,1,0,1.666666667,83.26666667,14,1548.456667,0,0,0,0,0,0,0,0,0,0,0,0,NA,NA,"1/6/2021","4/26/2021",-15.337,28.526,1145,"Rainfed","ZamSeed","Private"
"Zambia",2020,"E0174","G058","L075",2,0,133.3333333,0,51.66666667,"White","Tawny",109.3333333,3,0,3.333333333,80.26666667,15.66666667,1806.863333,0,0,0,0,0,0,0,0,0,0,0,0,NA,NA,"1/6/2021","4/26/2021",-15.337,28.526,1145,"Rainfed","CSIRO Agriculture and Food","Public"
"Zambia",2020,"E0174","G068","L075",2,0,169.6666667,0,45,"White","Tawny",103.3333333,1,0,1.666666667,60.06666667,15.33333333,1827.11,0,0,0,0,0,0,0,0,0,0,0,0,NA,NA,"1/6/2021","4/26/2021",-15.337,28.526,1145,"Rainfed","Crop Breeding Institute CBI","Public"
"Zambia",2020,"E0174","G070","L075",2,0,106,0,57,"Purple","Tawny",118.3333333,3,0,1,92.66666667,13,1131.41,0,0,0,0,0,0,0,0,0,0,0,0,NA,NA,"1/6/2021","4/26/2021",-15.337,28.526,1145,"Rainfed","MRISyngenta Synergy Agribusiness Zambia Limited","Private"
"Zambia",2020,"E0174","G073","L075",2,0,134.6666667,0,48,"White","Grey",105,2,0,3.666666667,77.2,17,1523.233333,0,0,0,0,0,0,0,0,0,0,0,0,NA,NA,"1/6/2021","4/26/2021",-15.337,28.526,1145,"Rainfed","CSIRO Agriculture and Food","Public"
"Zambia",2020,"E0174","G075","L075",2,0,201.6666667,0,49.33333333,"White","Grey",104.3333333,4,0,5,74.6,12.33333333,1354.586667,0,0,0,0,0,0,0,0,0,0,0,0,NA,NA,"1/6/2021","4/26/2021",-15.337,28.526,1145,"Rainfed","CSIRO Agriculture and Food","Public"
"Zambia",2020,"E0174","G092","L075",2,0,140.3333333,0,51,"Purple","Tawny",110,2,0,1.333333333,90.33333333,17.33333333,1935.323333,0,0,0,0,0,0,0,0,0,0,0,0,NA,NA,"1/6/2021","4/26/2021",-15.337,28.526,1145,"Rainfed","SeedCo","Private"
"Zambia",2020,"E0174","G098","L075",2,0,110.6666667,0,46.33333333,"Purple","Tawny",107.6666667,1,0,2.666666667,70.93333333,18,2025.54,0,0,0,0,0,0,0,0,0,0,0,0,NA,NA,"1/6/2021","4/26/2021",-15.337,28.526,1145,"Rainfed","SeedCo","Private"
"Zambia",2020,"E0174","G101","L075",2,0,98.66666667,0,50.33333333,"Purple","Tawny",112.3333333,1,0,1.333333333,75.5,15.66666667,2066.883333,0,0,0,0,0,0,0,0,0,0,0,0,NA,NA,"1/6/2021","4/26/2021",-15.337,28.526,1145,"Rainfed","SeedCo","Private"
"Zambia",2020,"E0174","G105","L075",2,0,76.66666667,0,46,"White","Grey",109.3333333,1,0,3.333333333,71.33333333,16,1282.886667,0,0,0,0,0,0,0,0,0,0,0,0,NA,NA,"1/6/2021","4/26/2021",-15.337,28.526,1145,"Rainfed","SeedCo","Private"
"Zambia",2020,"E0174","G107","L075",2,0,99,0,50.66666667,"Purple","Tawny",112.3333333,1,0,1,75.66666667,15.33333333,1477.403333,0,0,0,0,0,0,0,0,0,0,0,0,NA,NA,"1/6/2021","4/26/2021",-15.337,28.526,1145,"Rainfed","SeedCo","Private"
"Zambia",2020,"E0174","G109","L075",2,0,126.6666667,0,49.66666667,"Purple","Tawny",113.6666667,1,0,1.666666667,80.66666667,15.66666667,1797.473333,0,0,0,0,0,0,0,0,0,0,0,0,NA,NA,"1/6/2021","4/26/2021",-15.337,28.526,1145,"Rainfed","SeedCo","Private"
"Zambia",2020,"E0174","G111","L075",2,0,108.3333333,0,51.66666667,"White","Tawny",114.6666667,1,0,2.666666667,70.66666667,14.33333333,1488.08,0,0,0,0,0,0,0,0,0,0,0,0,NA,NA,"1/6/2021","4/26/2021",-15.337,28.526,1145,"Rainfed","SeedCo","Private"
"Zambia",2020,"E0174","G113","L075",2,0,128,0,54,"Purple","Tawny",112.3333333,1,0,2,80.33333333,17,1767.823333,0,0,0,0,0,0,0,0,0,0,0,0,NA,NA,"1/6/2021","4/26/2021",-15.337,28.526,1145,"Rainfed","SeedCo","Private"
"Zambia",2020,"E0174","G116","L075",2,0,85.33333333,0,48.66666667,"Purple","Tawny",113,1,0,1.333333333,81.66666667,17.33333333,1710.996667,0,0,0,0,0,0,0,0,0,0,0,0,NA,NA,"1/6/2021","4/26/2021",-15.337,28.526,1145,"Rainfed","SeedCo","Private"
"Zambia",2020,"E0174","G133","L075",2,0,135.6666667,0,57,"White","Tawny",117.6666667,1,0,1.666666667,87.66666667,18,2062.43,0,0,0,0,0,0,0,0,0,0,0,0,NA,NA,"1/6/2021","4/26/2021",-15.337,28.526,1145,"Rainfed","SeedCo","Private"
"Zambia",2020,"E0174","G136","L075",2,0,121.3333333,0,53.33333333,"White","Grey",107.6666667,1,0,2,82.33333333,16.66666667,1530.956667,0,0,0,0,0,0,0,0,0,0,0,0,NA,NA,"1/6/2021","4/26/2021",-15.337,28.526,1145,"Rainfed","Ethiopian Institute of Agricultural Research EIAR","Public"
"Zambia",2020,"E0174","G137","L075",2,0,101.3333333,0,51,"Purple","Grey",106.3333333,1,0,1.333333333,79.66666667,17.33333333,1305.84,0,0,0,0,0,0,0,0,0,0,0,0,NA,NA,"1/6/2021","4/26/2021",-15.337,28.526,1145,"Rainfed","SeedCo","Private"
"Zambia",2020,"E0174","G138","L075",2,0,81.66666667,0,46.66666667,"Purple","Grey",105,1,0,3.333333333,80.33333333,19.33333333,2246.646667,0,0,0,0,0,0,0,0,0,0,0,0,NA,NA,"1/6/2021","4/26/2021",-15.337,28.526,1145,"Rainfed","SeedCo","Private"
"Zambia",2020,"E0174","G141","L075",2,0,135.6666667,0,50.33333333,"Purple","Grey",108.6666667,1,0,1.666666667,85.33333333,19,1610.87,0,0,0,0,0,0,0,0,0,0,0,0,NA,NA,"1/6/2021","4/26/2021",-15.337,28.526,1145,"Rainfed","SeedCo","Private"
"Zambia",2020,"E0174","G142","L075",2,0,90,0,50.33333333,"Purple","Grey",109.6666667,1,0,2.333333333,91.33333333,20,1813.12,0,0,0,0,0,0,0,0,0,0,0,0,NA,NA,"1/6/2021","4/26/2021",-15.337,28.526,1145,"Rainfed","SeedCo","Private"
"Zambia",2020,"E0174","G143","L075",2,0,115,0,47,"White","Tawny",107,1,0,1.333333333,84.33333333,20.33333333,1787.906667,0,0,0,0,0,0,0,0,0,0,0,0,NA,NA,"1/6/2021","4/26/2021",-15.337,28.526,1145,"Rainfed","SeedCo","Private"
"Zambia",2020,"E0174","G144","L075",2,0,73.33333333,0,48,"Purple","Tawny",108.3333333,1,0,3,61.66666667,18,1042.606667,0,0,0,0,0,0,0,0,0,0,0,0,NA,NA,"1/6/2021","4/26/2021",-15.337,28.526,1145,"Rainfed","SeedCo","Private"
"Zambia",2020,"E0174","G145","L075",2,0,120.6666667,0,51,"Purple","Tawny",115,1,0,1.666666667,88.66666667,15.66666667,1619.256667,0,0,0,0,0,0,0,0,0,0,0,0,NA,NA,"1/6/2021","4/26/2021",-15.337,28.526,1145,"Rainfed","SeedCo","Private"
"Zambia",2020,"E0174","G146","L075",2,0,116.6666667,0,49,"Purple","Tawny",110.3333333,1,0,2,85.83333333,16.66666667,2335.483333,0,0,0,0,0,0,0,0,0,0,0,0,NA,NA,"1/6/2021","4/26/2021",-15.337,28.526,1145,"Rainfed","SeedCo","Private"
"Zambia",2020,"E0174","G188","L075",2,0,110.6666667,0,47.33333333,"Purple","Tawny",99.66666667,1,0,2.666666667,70.96666667,14.66666667,1472.086667,0,0,0,0,0,0,0,0,0,0,0,0,NA,NA,"1/6/2021","4/26/2021",-15.337,28.526,1145,"Rainfed","International Institute of Tropical Agriculture IITA","Public"
"Zambia",2020,"E0174","G193","L075",2,0,199.3333333,0,53.33333333,"Purple","Tawny",105,3,0,2.333333333,101,16.66666667,1789.793333,0,0,0,0,0,0,0,0,0,0,0,0,NA,NA,"1/6/2021","4/26/2021",-15.337,28.526,1145,"Rainfed","International Institute of Tropical Agriculture IITA","Public"
"Zambia",2020,"E0174","G204","L075",2,0,164.3333333,0,47.33333333,"Purple","Tawny",100.6666667,1,0,2,70.46666667,14.66666667,2180.886667,0,0,0,0,0,0,0,0,0,0,0,0,NA,NA,"1/6/2021","4/26/2021",-15.337,28.526,1145,"Rainfed","International Institute of Tropical Agriculture IITA","Public"
"Zambia",2020,"E0174","G214","L075",2,0,197.6666667,0,48.33333333,"Purple","Tawny",103.6666667,2,0,1.333333333,74.46666667,14.66666667,2252.756667,0,0,0,0,0,0,0,0,0,0,0,0,NA,NA,"1/6/2021","4/26/2021",-15.337,28.526,1145,"Rainfed","International Institute of Tropical Agriculture IITA","Public"
"Zambia",2020,"E0174","G215","L075",2,0,146,0,50.66666667,"Purple","Tawny",106.6666667,2,0,2.666666667,96.46666667,16.66666667,1538.893333,0,0,0,0,0,0,0,0,0,0,0,0,NA,NA,"1/6/2021","4/26/2021",-15.337,28.526,1145,"Rainfed","International Institute of Tropical Agriculture IITA","Public"
"Zambia",2020,"E0174","G219","L075",2,0,96,0,49.66666667,"White","Tawny",109.6666667,1,0,1,78.33333333,20.33333333,1998.713333,0,0,0,0,0,0,0,0,0,0,0,0,NA,NA,"1/6/2021","4/26/2021",-15.337,28.526,1145,"Rainfed","International Institute of Tropical Agriculture IITA","Public"
"Zambia",2020,"E0174","G233","L075",2,0,141.3333333,0,45.66666667,"White","Tawny",108,2,0,1.666666667,80.33333333,16.66666667,1550.013333,0,0,0,0,0,0,0,0,0,0,0,0,NA,NA,"1/6/2021","4/26/2021",-15.337,28.526,1145,"Rainfed","International Institute of Tropical Agriculture IITA","Public"
"Zambia",2020,"E0174","G241","L075",2,0,83.66666667,0,50.66666667,"Purple","Tawny",108.3333333,2,0,3,86.33333333,15.33333333,2097.25,0,0,0,0,0,0,0,0,0,0,0,0,NA,NA,"1/6/2021","4/26/2021",-15.337,28.526,1145,"Rainfed","International Institute of Tropical Agriculture IITA","Public"
"Zambia",2020,"E0174","G244","L075",2,0,146,0,51.66666667,"Purple","Grey",105,2,0,1.333333333,86.46666667,17,1967.703333,0,0,0,0,0,0,0,0,0,0,0,0,NA,NA,"1/6/2021","4/26/2021",-15.337,28.526,1145,"Rainfed","International Institute of Tropical Agriculture IITA","Public"
"Zambia",2020,"E0169","G002","L098",2,0,168.6666667,0,43,"White","Grey",104.6666667,3,0,1,43.4,14.66666667,2457.603333,0,0,0,0,0,0,0,0,0,0,0,0,NA,NA,"12/26/2020","5/12/2020",-15.301,28.305,1193,"Rainfed","CSIRO Agriculture and Food","Public"
"Zambia",2020,"E0169","G006","L098",2,0,200,0,49.33333333,"Purple","Grey",109,1,0,1,54.33333333,20.66666667,2247.943333,0,0,0,0,0,0,0,0,0,0,0,0,NA,NA,"12/26/2020","5/12/2020",-15.301,28.305,1193,"Rainfed","Agricultural Research Council ARC","Public"
"Zambia",2020,"E0169","G018","L098",2,0,158.6666667,0,45.66666667,"Purple","Tawny",109.6666667,2,0,1,51.46666667,14,2700.973333,0,0,0,0,0,0,0,0,0,0,0,0,NA,NA,"12/26/2020","5/12/2020",-15.301,28.305,1193,"Rainfed","Ethiopian Institute of Agricultural Research EIAR","Public"
"Zambia",2020,"E0169","G032","L098",2,0,209,0,45,"Purple","Tawny",102.3333333,3,0,1,74.4,14,2926.866667,0,0,0,0,0,0,0,0,0,0,0,0,NA,NA,"12/26/2020","5/12/2020",-15.301,28.305,1193,"Rainfed","CSIRO Agriculture and Food","Public"
"Zambia",2020,"E0169","G033","L098",2,0,226.3333333,0,42.33333333,"Purple","Tawny",97.66666667,3,0,1,74.6,13.33333333,3370.606667,0,0,0,0,0,0,0,0,0,0,0,0,NA,NA,"12/26/2020","5/12/2020",-15.301,28.305,1193,"Rainfed","International Institute of Tropical Agriculture IITA","Public"
"Zambia",2020,"E0169","G034","L098",2,0,169.6666667,0,48.33333333,"Purple","Tawny",110.3333333,2,0,1,71.66666667,12,2567.996667,0,0,0,0,0,0,0,0,0,0,0,0,NA,NA,"12/26/2020","5/12/2020",-15.301,28.305,1193,"Rainfed","ZamSeed","Private"
"Zambia",2020,"E0169","G056","L098",2,0,147.6666667,0,43.66666667,"Purple","Grey",110.6666667,1,0,1,62.26666667,14.66666667,2904.576667,0,0,0,0,0,0,0,0,0,0,0,0,NA,NA,"12/26/2020","5/12/2020",-15.301,28.305,1193,"Rainfed","ZamSeed","Private"
"Zambia",2020,"E0169","G058","L098",2,0,177.6666667,0,47.33333333,"White","Tawny",115,3,0,1,66.33333333,15,1830.513333,0,0,0,0,0,0,0,0,0,0,0,0,NA,NA,"12/26/2020","5/12/2020",-15.301,28.305,1193,"Rainfed","CSIRO Agriculture and Food","Public"
"Zambia",2020,"E0169","G068","L098",2,0,193.6666667,0,44.66666667,"White","Tawny",106.3333333,2,0,1,56.66666667,16.33333333,2530.503333,0,0,0,0,0,0,0,0,0,0,0,0,NA,NA,"12/26/2020","5/12/2020",-15.301,28.305,1193,"Rainfed","Crop Breeding Institute CBI","Public"
"Zambia",2020,"E0169","G070","L098",2,0,168.3333333,0,53,"Purple","Tawny",118.6666667,2,0,1,51.26666667,9.666666667,1686.003333,0,0,0,0,0,0,0,0,0,0,0,0,NA,NA,"12/26/2020","5/12/2020",-15.301,28.305,1193,"Rainfed","MRISyngenta Synergy Agribusiness Zambia Limited","Private"
"Zambia",2020,"E0169","G073","L098",2,0,182,0,45.66666667,"White","Tawny",109.3333333,2,0,1,47.66666667,16.66666667,2737.433333,0,0,0,0,0,0,0,0,0,0,0,0,NA,NA,"12/26/2020","5/12/2020",-15.301,28.305,1193,"Rainfed","CSIRO Agriculture and Food","Public"
"Zambia",2020,"E0169","G075","L098",2,0,348,0,47,"White","Grey",108,2,0,1,53,7.666666667,2650.1,0,0,0,0,0,0,0,0,0,0,0,0,NA,NA,"12/26/2020","5/12/2020",-15.301,28.305,1193,"Rainfed","CSIRO Agriculture and Food","Public"
"Zambia",2020,"E0169","G092","L098",2,0,195.3333333,0,45,"Purple","Tawny",114.3333333,2,0,1,79.93333333,19,3293.496667,0,0,0,0,0,0,0,0,0,0,0,0,NA,NA,"12/26/2020","5/12/2020",-15.301,28.305,1193,"Rainfed","SeedCo","Private"
"Zambia",2020,"E0169","G098","L098",2,0,228,0,40.66666667,"Purple","Tawny",113.6666667,1,0,1,57.8,16.66666667,2671.003333,0,0,0,0,0,0,0,0,0,0,0,0,NA,NA,"12/26/2020","5/12/2020",-15.301,28.305,1193,"Rainfed","SeedCo","Private"
"Zambia",2020,"E0169","G101","L098",2,0,176,0,46.66666667,"Purple","Tawny",116.6666667,2,0,1,67.86666667,15.33333333,2961.21,0,0,0,0,0,0,0,0,0,0,0,0,NA,NA,"12/26/2020","5/12/2020",-15.301,28.305,1193,"Rainfed","SeedCo","Private"
"Zambia",2020,"E0169","G105","L098",2,0,172.3333333,0,45.66666667,"White","Grey",115.3333333,1,0,1,65.33333333,17.66666667,2662.07,0,0,0,0,0,0,0,0,0,0,0,0,NA,NA,"12/26/2020","5/12/2020",-15.301,28.305,1193,"Rainfed","SeedCo","Private"
"Zambia",2020,"E0169","G107","L098",2,0,177.6666667,0,46,"Purple","Tawny",116.3333333,1,0,1,72.4,13.33333333,1954.07,0,0,0,0,0,0,0,0,0,0,0,0,NA,NA,"12/26/2020","5/12/2020",-15.301,28.305,1193,"Rainfed","SeedCo","Private"
"Zambia",2020,"E0169","G109","L098",2,0,209.3333333,0,44,"Purple","Tawny",116.3333333,1,0,1,67.06666667,14.66666667,2941.54,0,0,0,0,0,0,0,0,0,0,0,0,NA,NA,"12/26/2020","5/12/2020",-15.301,28.305,1193,"Rainfed","SeedCo","Private"
"Zambia",2020,"E0169","G111","L098",2,0,207.6666667,0,43.66666667,"White","Tawny",117.6666667,2,0,1,69.93333333,13.33333333,2411.15,0,0,0,0,0,0,0,0,0,0,0,0,NA,NA,"12/26/2020","5/12/2020",-15.301,28.305,1193,"Rainfed","SeedCo","Private"
"Zambia",2020,"E0169","G113","L098",2,0,146.6666667,0,46,"Purple","Tawny",116.6666667,1,0,1,66.4,14.66666667,1927.186667,0,0,0,0,0,0,0,0,0,0,0,0,NA,NA,"12/26/2020","5/12/2020",-15.301,28.305,1193,"Rainfed","SeedCo","Private"
"Zambia",2020,"E0169","G116","L098",2,0,198.6666667,0,45,"Purple","Tawny",116.3333333,2,0,1,58.46666667,16.33333333,3064.79,0,0,0,0,0,0,0,0,0,0,0,0,NA,NA,"12/26/2020","5/12/2020",-15.301,28.305,1193,"Rainfed","SeedCo","Private"
"Zambia",2020,"E0169","G133","L098",2,0,163,0,45,"White","Tawny",122.3333333,2,0,1,86.4,16.33333333,1386.52,0,0,0,0,0,0,0,0,0,0,0,0,NA,NA,"12/26/2020","5/12/2020",-15.301,28.305,1193,"Rainfed","SeedCo","Private"
"Zambia",2020,"E0169","G136","L098",2,0,201,0,42.66666667,"White","Grey",110,2,0,1,82.06666667,16.33333333,2344.95,0,0,0,0,0,0,0,0,0,0,0,0,NA,NA,"12/26/2020","5/12/2020",-15.301,28.305,1193,"Rainfed","Ethiopian Institute of Agricultural Research EIAR","Public"
"Zambia",2020,"E0169","G137","L098",2,0,159.6666667,0,44,"Purple","Grey",110.3333333,2,0,1,86.6,15.66666667,2756.583333,0,0,0,0,0,0,0,0,0,0,0,0,NA,NA,"12/26/2020","5/12/2020",-15.301,28.305,1193,"Rainfed","SeedCo","Private"
"Zambia",2020,"E0169","G138","L098",2,0,193,0,42.66666667,"Purple","Grey",109.6666667,2,0,1,78.06666667,18.33333333,2784.41,0,0,0,0,0,0,0,0,0,0,0,0,NA,NA,"12/26/2020","5/12/2020",-15.301,28.305,1193,"Rainfed","SeedCo","Private"
"Zambia",2020,"E0169","G141","L098",2,0,183,0,42.66666667,"Purple","Grey",111.3333333,2,0,1,80.26666667,15.33333333,2731.156667,0,0,0,0,0,0,0,0,0,0,0,0,NA,NA,"12/26/2020","5/12/2020",-15.301,28.305,1193,"Rainfed","SeedCo","Private"
"Zambia",2020,"E0169","G142","L098",2,0,141.3333333,0,41.33333333,"Purple","Grey",116.3333333,2,0,1,81.13333333,17.66666667,2401.003333,0,0,0,0,0,0,0,0,0,0,0,0,NA,NA,"12/26/2020","5/12/2020",-15.301,28.305,1193,"Rainfed","SeedCo","Private"
"Zambia",2020,"E0169","G143","L098",2,0,145.3333333,0,45.66666667,"White","Tawny",110.6666667,1,0,1,66.73333333,19.66666667,3018.48,0,0,0,0,0,0,0,0,0,0,0,0,NA,NA,"12/26/2020","5/12/2020",-15.301,28.305,1193,"Rainfed","SeedCo","Private"
"Zambia",2020,"E0169","G144","L098",2,0,177,0,46,"Purple","Tawny",110,2,0,1,41.26666667,19.33333333,2524.166667,0,0,0,0,0,0,0,0,0,0,0,0,NA,NA,"12/26/2020","5/12/2020",-15.301,28.305,1193,"Rainfed","SeedCo","Private"
"Zambia",2020,"E0169","G145","L098",2,0,225.3333333,0,46.33333333,"Purple","Tawny",117,3,0,1,95.73333333,13.66666667,2619.006667,0,0,0,0,0,0,0,0,0,0,0,0,NA,NA,"12/26/2020","5/12/2020",-15.301,28.305,1193,"Rainfed","SeedCo","Private"
"Zambia",2020,"E0169","G146","L098",2,0,182.6666667,0,44.66666667,"Purple","Tawny",116.3333333,2,0,1,94,14,2530.53,0,0,0,0,0,0,0,0,0,0,0,0,NA,NA,"12/26/2020","5/12/2020",-15.301,28.305,1193,"Rainfed","SeedCo","Private"
"Zambia",2020,"E0169","G188","L098",2,0,150,0,41.66666667,"Purple","Tawny",102.3333333,3,0,1,71,13.33333333,2274.663333,0,0,0,0,0,0,0,0,0,0,0,0,NA,NA,"12/26/2020","5/12/2020",-15.301,28.305,1193,"Rainfed","International Institute of Tropical Agriculture IITA","Public"
"Zambia",2020,"E0169","G193","L098",2,0,236.3333333,0,46,"Purple","Tawny",106.3333333,3,0,1,87.4,14.33333333,2532.3,0,0,0,0,0,0,0,0,0,0,0,0,NA,NA,"12/26/2020","5/12/2020",-15.301,28.305,1193,"Rainfed","International Institute of Tropical Agriculture IITA","Public"
"Zambia",2020,"E0169","G204","L098",2,0,215.3333333,0,43,"Purple","Tawny",104,2,0,1,62.53333333,14.33333333,3326.14,0,0,0,0,0,0,0,0,0,0,0,0,NA,NA,"12/26/2020","5/12/2020",-15.301,28.305,1193,"Rainfed","International Institute of Tropical Agriculture IITA","Public"
"Zambia",2020,"E0169","G214","L098",2,0,190.3333333,0,45.66666667,"Purple","Tawny",105.6666667,5,0,1,63.46666667,12.66666667,2696.876667,0,0,0,0,0,0,0,0,0,0,0,0,NA,NA,"12/26/2020","5/12/2020",-15.301,28.305,1193,"Rainfed","International Institute of Tropical Agriculture IITA","Public"
"Zambia",2020,"E0169","G215","L098",2,0,180.6666667,0,44,"Purple","Tawny",109.6666667,2,0,1,87.33333333,16.66666667,3073.47,0,0,0,0,0,0,0,0,0,0,0,0,NA,NA,"12/26/2020","5/12/2020",-15.301,28.305,1193,"Rainfed","International Institute of Tropical Agriculture IITA","Public"
"Zambia",2020,"E0169","G219","L098",2,0,157.6666667,0,46.33333333,"White","Tawny",106.6666667,1,0,1,69.6,19,2767.506667,0,0,0,0,0,0,0,0,0,0,0,0,NA,NA,"12/26/2020","5/12/2020",-15.301,28.305,1193,"Rainfed","International Institute of Tropical Agriculture IITA","Public"
"Zambia",2020,"E0169","G233","L098",2,0,179.6666667,0,43.66666667,"Purple","Tawny",105.3333333,2,0,1,88.4,15.66666667,2761.066667,0,0,0,0,0,0,0,0,0,0,0,0,NA,NA,"12/26/2020","5/12/2020",-15.301,28.305,1193,"Rainfed","International Institute of Tropical Agriculture IITA","Public"
"Zambia",2020,"E0169","G241","L098",2,0,175.6666667,0,46.66666667,"Purple","Tawny",104.3333333,2,0,1,72.06666667,15,2300.24,0,0,0,0,0,0,0,0,0,0,0,0,NA,NA,"12/26/2020","5/12/2020",-15.301,28.305,1193,"Rainfed","International Institute of Tropical Agriculture IITA","Public"
"Zambia",2020,"E0169","G244","L098",2,0,199.6666667,0,41.66666667,"Purple","Grey",106.6666667,2,0,1,79.4,15.66666667,3190.856667,0,0,0,0,0,0,0,0,0,0,0,0,NA,NA,"12/26/2020","5/12/2020",-15.301,28.305,1193,"Rainfed","International Institute of Tropical Agriculture IITA","Public"
"Zambia",2020,"E0170","G002","L073",2,0,0,0,44,"White","Grey",101.6666667,3,0,1,67.78,13,1676.253333,0,0,0,0,0,0,0,0,0,0,0,0,NA,NA,"12/30/2020","5/27/2021",-15.288,28.296,1197,"Rainfed","CSIRO Agriculture and Food","Public"
"Zambia",2020,"E0170","G006","L073",2,0,0,0,45.33333333,"Purple","Grey",106,1,0,1,72.33333333,26.33333333,1308.993333,0,0,0,0,0,0,0,0,0,0,0,0,NA,NA,"12/30/2020","5/27/2021",-15.288,28.296,1197,"Rainfed","Agricultural Research Council ARC","Public"
"Zambia",2020,"E0170","G018","L073",2,0,0,0,50.66666667,"Purple","Tawny",106.6666667,3,0,1,60.44333333,17,1092.523333,0,0,0,0,0,0,0,0,0,0,0,0,NA,NA,"12/30/2020","5/27/2021",-15.288,28.296,1197,"Rainfed","Ethiopian Institute of Agricultural Research EIAR","Public"
"Zambia",2020,"E0170","G032","L073",2,0,0,0,45.66666667,"Purple","Tawny",99.33333333,5,0,1,72.44666667,12.33333333,1853.855,0,0,0,0,0,0,0,0,0,0,0,0,NA,NA,"12/30/2020","5/27/2021",-15.288,28.296,1197,"Rainfed","CSIRO Agriculture and Food","Public"
"Zambia",2020,"E0170","G033","L073",2,0,0,0,47.66666667,"Purple","Tawny",96.66666667,5,0,1,69.33666667,12,1898.123333,0,0,0,0,0,0,0,0,0,0,0,0,NA,NA,"12/30/2020","5/27/2021",-15.288,28.296,1197,"Rainfed","International Institute of Tropical Agriculture IITA","Public"
"Zambia",2020,"E0170","G034","L073",2,0,0,0,52.66666667,"Purple","Tawny",111.3333333,4,0,1,59.11333333,13,1420.106667,0,0,0,0,0,0,0,0,0,0,0,0,NA,NA,"12/30/2020","5/27/2021",-15.288,28.296,1197,"Rainfed","ZamSeed","Private"
"Zambia",2020,"E0170","G056","L073",2,0,0,0,45.33333333,"Purple","Grey",107.6666667,1,0,1,80.78,14.66666667,1577.766667,0,0,0,0,0,0,0,0,0,0,0,0,NA,NA,"12/30/2020","5/27/2021",-15.288,28.296,1197,"Rainfed","ZamSeed","Private"
"Zambia",2020,"E0170","G058","L073",2,0,0,0,53.33333333,"White","Tawny",112,5,0,1,52.77666667,15.66666667,1797.34,0,0,0,0,0,0,0,0,0,0,0,0,NA,NA,"12/30/2020","5/27/2021",-15.288,28.296,1197,"Rainfed","CSIRO Agriculture and Food","Public"
"Zambia",2020,"E0170","G068","L073",2,0,0,0,44,"White","Tawny",103.3333333,2,0,1,61.33333333,13.66666667,2284.27,0,0,0,0,0,0,0,0,0,0,0,0,NA,NA,"12/30/2020","5/27/2021",-15.288,28.296,1197,"Rainfed","Crop Breeding Institute CBI","Public"
"Zambia",2020,"E0170","G070","L073",2,0,0,0,58,"Purple","Tawny",115.6666667,4,0,1,72.33333333,13,1076.7,0,0,0,0,0,0,0,0,0,0,0,0,NA,NA,"12/30/2020","5/27/2021",-15.288,28.296,1197,"Rainfed","MRISyngenta Synergy Agribusiness Zambia Limited","Private"
"Zambia",2020,"E0170","G073","L073",2,0,0,0,45.66666667,"White","Tawny",106.3333333,5,0,1,72,14.66666667,1301.866667,0,0,0,0,0,0,0,0,0,0,0,0,NA,NA,"12/30/2020","5/27/2021",-15.288,28.296,1197,"Rainfed","CSIRO Agriculture and Food","Public"
"Zambia",2020,"E0170","G075","L073",2,0,0,0,51,"White","Grey",105,5,0,1,68,7.333333333,1339.99,0,0,0,0,0,0,0,0,0,0,0,0,NA,NA,"12/30/2020","5/27/2021",-15.288,28.296,1197,"Rainfed","CSIRO Agriculture and Food","Public"
"Zambia",2020,"E0170","G092","L073",2,0,0,0,51.33333333,"Purple","Tawny",111.3333333,3,0,1,79.66666667,16.33333333,2392.906667,0,0,0,0,0,0,0,0,0,0,0,0,NA,NA,"12/30/2020","5/27/2021",-15.288,28.296,1197,"Rainfed","SeedCo","Private"
"Zambia",2020,"E0170","G098","L073",2,0,0,0,44,"Purple","Tawny",110.6666667,1,0,1,70.22333333,18.66666667,2427.743333,0,0,0,0,0,0,0,0,0,0,0,0,NA,NA,"12/30/2020","5/27/2021",-15.288,28.296,1197,"Rainfed","SeedCo","Private"
"Zambia",2020,"E0170","G101","L073",2,0,0,0,50.66666667,"Purple","Tawny",113.6666667,3,0,1,54.67,14.66666667,1612.533333,0,0,0,0,0,0,0,0,0,0,0,0,NA,NA,"12/30/2020","5/27/2021",-15.288,28.296,1197,"Rainfed","SeedCo","Private"
"Zambia",2020,"E0170","G105","L073",2,0,0,0,44.33333333,"White","Grey",112.3333333,2,0,1,61.11333333,15.33333333,2074.753333,0,0,0,0,0,0,0,0,0,0,0,0,NA,NA,"12/30/2020","5/27/2021",-15.288,28.296,1197,"Rainfed","SeedCo","Private"
"Zambia",2020,"E0170","G107","L073",2,0,0,0,50.66666667,"Purple","Tawny",113.3333333,1,0,1,56.11,12,1175.53,0,0,0,0,0,0,0,0,0,0,0,0,NA,NA,"12/30/2020","5/27/2021",-15.288,28.296,1197,"Rainfed","SeedCo","Private"
"Zambia",2020,"E0170","G109","L073",2,0,0,0,49,"Purple","Tawny",113.3333333,2,0,1,74.88666667,15,2372.026667,0,0,0,0,0,0,0,0,0,0,0,0,NA,NA,"12/30/2020","5/27/2021",-15.288,28.296,1197,"Rainfed","SeedCo","Private"
"Zambia",2020,"E0170","G111","L073",2,0,0,0,53,"White","Tawny",114.6666667,3,0,1,67.44333333,15.33333333,1981.703333,0,0,0,0,0,0,0,0,0,0,0,0,NA,NA,"12/30/2020","5/27/2021",-15.288,28.296,1197,"Rainfed","SeedCo","Private"
"Zambia",2020,"E0170","G113","L073",2,0,0,0,54,"Purple","Tawny",113.6666667,1,0,1,52.22,15.33333333,2245.19,0,0,0,0,0,0,0,0,0,0,0,0,NA,NA,"12/30/2020","5/27/2021",-15.288,28.296,1197,"Rainfed","SeedCo","Private"
"Zambia",2020,"E0170","G116","L073",2,0,0,0,48.33333333,"Purple","Tawny",113.3333333,3,0,1,56.33333333,16,2931.973333,0,0,0,0,0,0,0,0,0,0,0,0,NA,NA,"12/30/2020","5/27/2021",-15.288,28.296,1197,"Rainfed","SeedCo","Private"
"Zambia",2020,"E0170","G133","L073",2,0,0,0,57.66666667,"White","Tawny",119.3333333,2,0,1,73.44666667,13.66666667,1699.13,0,0,0,0,0,0,0,0,0,0,0,0,NA,NA,"12/30/2020","5/27/2021",-15.288,28.296,1197,"Rainfed","SeedCo","Private"
"Zambia",2020,"E0170","G136","L073",2,0,0,0,53,"White","Grey",107,2,0,1,79,16.33333333,2029.54,0,0,0,0,0,0,0,0,0,0,0,0,NA,NA,"12/30/2020","5/27/2021",-15.288,28.296,1197,"Rainfed","Ethiopian Institute of Agricultural Research EIAR","Public"
"Zambia",2020,"E0170","G137","L073",2,0,0,0,49,"Purple","Grey",107.3333333,2,0,1,66,16.66666667,2243.936667,0,0,0,0,0,0,0,0,0,0,0,0,NA,NA,"12/30/2020","5/27/2021",-15.288,28.296,1197,"Rainfed","SeedCo","Private"
"Zambia",2020,"E0170","G138","L073",2,0,0,0,44,"Purple","Grey",106.6666667,2,0,1,62.22333333,16.33333333,2613.483333,0,0,0,0,0,0,0,0,0,0,0,0,NA,NA,"12/30/2020","5/27/2021",-15.288,28.296,1197,"Rainfed","SeedCo","Private"
"Zambia",2020,"E0170","G141","L073",2,0,0,0,48.33333333,"Purple","Grey",108.3333333,3,0,1,65.44666667,17.66666667,2801.763333,0,0,0,0,0,0,0,0,0,0,0,0,NA,NA,"12/30/2020","5/27/2021",-15.288,28.296,1197,"Rainfed","SeedCo","Private"
"Zambia",2020,"E0170","G142","L073",2,0,0,0,49.33333333,"Purple","Grey",113.3333333,3,0,1,61.22,15.66666667,2154.28,0,0,0,0,0,0,0,0,0,0,0,0,NA,NA,"12/30/2020","5/27/2021",-15.288,28.296,1197,"Rainfed","SeedCo","Private"
"Zambia",2020,"E0170","G143","L073",2,0,0,0,46.33333333,"White","Tawny",107.6666667,1,0,1,48.11,18.66666667,1914.703333,0,0,0,0,0,0,0,0,0,0,0,0,NA,NA,"12/30/2020","5/27/2021",-15.288,28.296,1197,"Rainfed","SeedCo","Private"
"Zambia",2020,"E0170","G144","L073",2,0,0,0,44.66666667,"Purple","Tawny",107,2,0,1,65.11,21,1769.98,0,0,0,0,0,0,0,0,0,0,0,0,NA,NA,"12/30/2020","5/27/2021",-15.288,28.296,1197,"Rainfed","SeedCo","Private"
"Zambia",2020,"E0170","G145","L073",2,0,0,0,49.33333333,"Purple","Tawny",114,3,0,1,67.33333333,15,1953.313333,0,0,0,0,0,0,0,0,0,0,0,0,NA,NA,"12/30/2020","5/27/2021",-15.288,28.296,1197,"Rainfed","SeedCo","Private"
"Zambia",2020,"E0170","G146","L073",2,0,0,0,48,"Purple","Tawny",113.3333333,2,0,1,65.89,14,1914.913333,0,0,0,0,0,0,0,0,0,0,0,0,NA,NA,"12/30/2020","5/27/2021",-15.288,28.296,1197,"Rainfed","SeedCo","Private"
"Zambia",2020,"E0170","G188","L073",2,0,0,0,48,"Purple","Tawny",101.3333333,4,0,1,69.77666667,12,1546.14,0,0,0,0,0,0,0,0,0,0,0,0,NA,NA,"12/30/2020","5/27/2021",-15.288,28.296,1197,"Rainfed","International Institute of Tropical Agriculture IITA","Public"
"Zambia",2020,"E0170","G193","L073",2,0,0,0,54.66666667,"Purple","Tawny",107.3333333,5,0,1,62,13,1655.623333,0,0,0,0,0,0,0,0,0,0,0,0,NA,NA,"12/30/2020","5/27/2021",-15.288,28.296,1197,"Rainfed","International Institute of Tropical Agriculture IITA","Public"
"Zambia",2020,"E0170","G204","L073",2,0,0,0,48.33333333,"Purple","Tawny",103,4,0,1,78.33333333,13.33333333,2508.513333,0,0,0,0,0,0,0,0,0,0,0,0,NA,NA,"12/30/2020","5/27/2021",-15.288,28.296,1197,"Rainfed","International Institute of Tropical Agriculture IITA","Public"
"Zambia",2020,"E0170","G214","L073",2,0,0,0,49,"Purple","Tawny",104.6666667,5,0,1,64.66666667,14,2135.12,0,0,0,0,0,0,0,0,0,0,0,0,NA,NA,"12/30/2020","5/27/2021",-15.288,28.296,1197,"Rainfed","International Institute of Tropical Agriculture IITA","Public"
"Zambia",2020,"E0170","G215","L073",2,0,0,0,52.33333333,"Purple","Tawny",108,4,0,1,48.22333333,15,2076.97,0,0,0,0,0,0,0,0,0,0,0,0,NA,NA,"12/30/2020","5/27/2021",-15.288,28.296,1197,"Rainfed","International Institute of Tropical Agriculture IITA","Public"
"Zambia",2020,"E0170","G219","L073",2,0,0,0,48,"White","Tawny",107.6666667,2,0,1,65.99666667,16.33333333,1719.4,0,0,0,0,0,0,0,0,0,0,0,0,NA,NA,"12/30/2020","5/27/2021",-15.288,28.296,1197,"Rainfed","International Institute of Tropical Agriculture IITA","Public"
"Zambia",2020,"E0170","G233","L073",2,0,0,0,44.33333333,"Purple","Tawny",106.3333333,4,0,1,68.22,15.33333333,2186.306667,0,0,0,0,0,0,0,0,0,0,0,0,NA,NA,"12/30/2020","5/27/2021",-15.288,28.296,1197,"Rainfed","International Institute of Tropical Agriculture IITA","Public"
"Zambia",2020,"E0170","G241","L073",2,0,0,0,52.33333333,"Purple","Tawny",105.3333333,4,0,1,63.66666667,13.66666667,1976.596667,0,0,0,0,0,0,0,0,0,0,0,0,NA,NA,"12/30/2020","5/27/2021",-15.288,28.296,1197,"Rainfed","International Institute of Tropical Agriculture IITA","Public"
"Zambia",2020,"E0170","G244","L073",2,0,0,0,49,"Purple","Grey",103.6666667,4,0,1,68.55666667,15,2870.04,0,0,0,0,0,0,0,0,0,0,0,0,NA,NA,"12/30/2020","5/27/2021",-15.288,28.296,1197,"Rainfed","International Institute of Tropical Agriculture IITA","Public"
"Zambia",2020,"E0175","G002","L078",2,0,96.33333333,0,47,"White","Grey",104.6666667,2,0,1.333333333,34,11.33333333,2233.333333,0,0,0,0,0,0,0,0,0,0,0,0,NA,NA,"12/22/2020","5/5/2021",-14.234,28.294,1100,"Rainfed","CSIRO Agriculture and Food","Public"
"Zambia",2020,"E0175","G006","L078",2,0,57,0,45.33333333,"Purple","Grey",106.3333333,2,0,1,36,23.66666667,2333.333333,0,0,0,0,0,0,0,0,0,0,0,0,NA,NA,"12/22/2020","5/5/2021",-14.234,28.294,1100,"Rainfed","Agricultural Research Council ARC","Public"
"Zambia",2020,"E0175","G018","L078",2,0,92,0,49.66666667,"Purple","Tawny",106.6666667,3,0,1,38.66666667,14.33333333,1900,0,0,0,0,0,0,0,0,0,0,0,0,NA,NA,"12/22/2020","5/5/2021",-14.234,28.294,1100,"Rainfed","Ethiopian Institute of Agricultural Research EIAR","Public"
"Zambia",2020,"E0175","G032","L078",2,0,103.3333333,0,48.33333333,"White","Grey",103.3333333,4,0,1.333333333,49.33333333,15.33333333,2366.666667,0,0,0,0,0,0,0,0,0,0,0,0,NA,NA,"12/22/2020","5/5/2021",-14.234,28.294,1100,"Rainfed","CSIRO Agriculture and Food","Public"
"Zambia",2020,"E0175","G033","L078",2,0,103.6666667,0,48.33333333,"Purple","Tawny",108.3333333,4,0,1.666666667,52.33333333,13.66666667,2333.333333,0,0,0,0,0,0,0,0,0,0,0,0,NA,NA,"12/22/2020","5/5/2021",-14.234,28.294,1100,"Rainfed","International Institute of Tropical Agriculture IITA","Public"
"Zambia",2020,"E0175","G034","L078",2,0,67.66666667,0,48,"Purple","Tawny",112,2,0,1.333333333,37.66666667,14.33333333,2633.333333,0,0,0,0,0,0,0,0,0,0,0,0,NA,NA,"12/22/2020","5/5/2021",-14.234,28.294,1100,"Rainfed","ZamSeed","Private"
"Zambia",2020,"E0175","G056","L078",2,0,93.66666667,0,49,"Purple","Grey",110,2,0,1,48.66666667,16,2533.333333,0,0,0,0,0,0,0,0,0,0,0,0,NA,NA,"12/22/2020","5/5/2021",-14.234,28.294,1100,"Rainfed","ZamSeed","Private"
"Zambia",2020,"E0175","G058","L078",2,0,117.6666667,0,50.33333333,"White","Tawny",110.3333333,4,0,1.333333333,48.33333333,12.66666667,3800,0,0,0,0,0,0,0,0,0,0,0,0,NA,NA,"12/22/2020","5/5/2021",-14.234,28.294,1100,"Rainfed","CSIRO Agriculture and Food","Public"
"Zambia",2020,"E0175","G068","L078",2,0,135,0,43.66666667,"White","Grey",106,1,0,1,40,16.33333333,2320,0,0,0,0,0,0,0,0,0,0,0,0,NA,NA,"12/22/2020","5/5/2021",-14.234,28.294,1100,"Rainfed","Crop Breeding Institute CBI","Public"
"Zambia",2020,"E0175","G070","L078",2,0,60,0,57.66666667,"Purple","Tawny",112,2,0,1,59,13,2400,0,0,0,0,0,0,0,0,0,0,0,0,NA,NA,"12/22/2020","5/5/2021",-14.234,28.294,1100,"Rainfed","MRISyngenta Synergy Agribusiness Zambia Limited","Private"
"Zambia",2020,"E0175","G073","L078",2,0,94.33333333,0,45.33333333,"White","Tawny",110.3333333,3,0,1.333333333,40,16,2733.333333,0,0,0,0,0,0,0,0,0,0,0,0,NA,NA,"12/22/2020","5/5/2021",-14.234,28.294,1100,"Rainfed","CSIRO Agriculture and Food","Public"
"Zambia",2020,"E0175","G075","L078",2,0,140,0,45.33333333,"White","Grey",105.3333333,3,0,1,44.33333333,12.66666667,1466.666667,0,0,0,0,0,0,0,0,0,0,0,0,NA,NA,"12/22/2020","5/5/2021",-14.234,28.294,1100,"Rainfed","CSIRO Agriculture and Food","Public"
"Zambia",2020,"E0175","G092","L078",2,0,107.3333333,0,54.33333333,"Purple","Grey",113.3333333,1,0,1,61.66666667,18.33333333,3200,0,0,0,0,0,0,0,0,0,0,0,0,NA,NA,"12/22/2020","5/5/2021",-14.234,28.294,1100,"Rainfed","SeedCo","Private"
"Zambia",2020,"E0175","G098","L078",2,0,86.66666667,0,50,"Purple","Grey",109,2,0,1.333333333,37,22,2733.333333,0,0,0,0,0,0,0,0,0,0,0,0,NA,NA,"12/22/2020","5/5/2021",-14.234,28.294,1100,"Rainfed","SeedCo","Private"
"Zambia",2020,"E0175","G101","L078",2,0,70.66666667,0,48.66666667,"Purple","Tawny",112.6666667,1,0,1,41,18.66666667,3033.333333,0,0,0,0,0,0,0,0,0,0,0,0,NA,NA,"12/22/2020","5/5/2021",-14.234,28.294,1100,"Rainfed","SeedCo","Private"
"Zambia",2020,"E0175","G105","L078",2,0,53.66666667,0,46.66666667,"White","Grey",109.6666667,1,0,1,42.33333333,14.66666667,1333.333333,0,0,0,0,0,0,0,0,0,0,0,0,NA,NA,"12/22/2020","5/5/2021",-14.234,28.294,1100,"Rainfed","SeedCo","Private"
"Zambia",2020,"E0175","G107","L078",2,0,90.66666667,0,48,"Purple","Tawny",110,1,0,1,47.66666667,16.33333333,2133.333333,0,0,0,0,0,0,0,0,0,0,0,0,NA,NA,"12/22/2020","5/5/2021",-14.234,28.294,1100,"Rainfed","SeedCo","Private"
"Zambia",2020,"E0175","G109","L078",2,0,95.33333333,0,51.66666667,"Purple","Grey",113.6666667,1,0,1.333333333,40.66666667,15.33333333,2533.333333,0,0,0,0,0,0,0,0,0,0,0,0,NA,NA,"12/22/2020","5/5/2021",-14.234,28.294,1100,"Rainfed","SeedCo","Private"
"Zambia",2020,"E0175","G111","L078",2,0,120.6666667,0,51.33333333,"White","Tawny",111.3333333,1,0,1.333333333,50,16,2500,0,0,0,0,0,0,0,0,0,0,0,0,NA,NA,"12/22/2020","5/5/2021",-14.234,28.294,1100,"Rainfed","SeedCo","Private"
"Zambia",2020,"E0175","G113","L078",2,0,86,0,51.33333333,"Purple","Grey",110.6666667,1,0,1,47,15.33333333,2333.333333,0,0,0,0,0,0,0,0,0,0,0,0,NA,NA,"12/22/2020","5/5/2021",-14.234,28.294,1100,"Rainfed","SeedCo","Private"
"Zambia",2020,"E0175","G116","L078",2,0,88.66666667,0,47,"Purple","Tawny",112,1,0,1,46,17.66666667,2413.333333,0,0,0,0,0,0,0,0,0,0,0,0,NA,NA,"12/22/2020","5/5/2021",-14.234,28.294,1100,"Rainfed","SeedCo","Private"
"Zambia",2020,"E0175","G133","L078",2,0,76.33333333,0,57,"White","Tawny",112.3333333,1,0,1,51.66666667,18,2266.666667,0,0,0,0,0,0,0,0,0,0,0,0,NA,NA,"12/22/2020","5/5/2021",-14.234,28.294,1100,"Rainfed","SeedCo","Private"
"Zambia",2020,"E0175","G136","L078",2,0,93.66666667,0,55.33333333,"White","Grey",110,2,0,1,58,19,2833.333333,0,0,0,0,0,0,0,0,0,0,0,0,NA,NA,"12/22/2020","5/5/2021",-14.234,28.294,1100,"Rainfed","Ethiopian Institute of Agricultural Research EIAR","Public"
"Zambia",2020,"E0175","G137","L078",2,0,70,0,48,"Purple","Grey",112,2,0,1,57,18,2466.666667,0,0,0,0,0,0,0,0,0,0,0,0,NA,NA,"12/22/2020","5/5/2021",-14.234,28.294,1100,"Rainfed","SeedCo","Private"
"Zambia",2020,"E0175","G138","L078",2,0,67.66666667,0,46.66666667,"Purple","Grey",108,2,0,1,54.33333333,21.66666667,2133.333333,0,0,0,0,0,0,0,0,0,0,0,0,NA,NA,"12/22/2020","5/5/2021",-14.234,28.294,1100,"Rainfed","SeedCo","Private"
"Zambia",2020,"E0175","G141","L078",2,0,84.33333333,0,48,"Purple","Grey",110.6666667,3,0,1,55.33333333,17.66666667,2700,0,0,0,0,0,0,0,0,0,0,0,0,NA,NA,"12/22/2020","5/5/2021",-14.234,28.294,1100,"Rainfed","SeedCo","Private"
"Zambia",2020,"E0175","G142","L078",2,0,68,0,47,"Purple","Grey",111,2,0,1,55.66666667,22.33333333,2666.666667,0,0,0,0,0,0,0,0,0,0,0,0,NA,NA,"12/22/2020","5/5/2021",-14.234,28.294,1100,"Rainfed","SeedCo","Private"
"Zambia",2020,"E0175","G143","L078",2,0,75,0,48,"White","Grey",111.3333333,2,0,1,52.33333333,21,2766.666667,0,0,0,0,0,0,0,0,0,0,0,0,NA,NA,"12/22/2020","5/5/2021",-14.234,28.294,1100,"Rainfed","SeedCo","Private"
"Zambia",2020,"E0175","G144","L078",2,0,84,0,47.33333333,"Purple","Grey",110.6666667,1,0,1,38.33333333,19.66666667,2600,0,0,0,0,0,0,0,0,0,0,0,0,NA,NA,"12/22/2020","5/5/2021",-14.234,28.294,1100,"Rainfed","SeedCo","Private"
"Zambia",2020,"E0175","G145","L078",2,0,87,0,48,"Purple","Grey",112,1,0,1,65.66666667,15.66666667,2766.666667,0,0,0,0,0,0,0,0,0,0,0,0,NA,NA,"12/22/2020","5/5/2021",-14.234,28.294,1100,"Rainfed","SeedCo","Private"
"Zambia",2020,"E0175","G146","L078",2,0,86,0,47,"Purple","Grey",111.3333333,1,0,1,72,16.66666667,2700,0,0,0,0,0,0,0,0,0,0,0,0,NA,NA,"12/22/2020","5/5/2021",-14.234,28.294,1100,"Rainfed","SeedCo","Private"
"Zambia",2020,"E0175","G188","L078",2,0,67,0,49.66666667,"Purple","Tawny",104.3333333,4,0,1.333333333,44.33333333,14.33333333,1833.333333,0,0,0,0,0,0,0,0,0,0,0,0,NA,NA,"12/22/2020","5/5/2021",-14.234,28.294,1100,"Rainfed","International Institute of Tropical Agriculture IITA","Public"
"Zambia",2020,"E0175","G193","L078",2,0,110,0,54.66666667,"Purple","Grey",106.6666667,3,0,1,58.33333333,15.33333333,2633.333333,0,0,0,0,0,0,0,0,0,0,0,0,NA,NA,"12/22/2020","5/5/2021",-14.234,28.294,1100,"Rainfed","International Institute of Tropical Agriculture IITA","Public"
"Zambia",2020,"E0175","G204","L078",2,0,99.33333333,0,48,"Purple","Tawny",107,3,0,1,44.33333333,17,2300,0,0,0,0,0,0,0,0,0,0,0,0,NA,NA,"12/22/2020","5/5/2021",-14.234,28.294,1100,"Rainfed","International Institute of Tropical Agriculture IITA","Public"
"Zambia",2020,"E0175","G214","L078",2,0,86.66666667,0,48,"Purple","Tawny",106.6666667,2,0,1,46,13.33333333,2466.666667,0,0,0,0,0,0,0,0,0,0,0,0,NA,NA,"12/22/2020","5/5/2021",-14.234,28.294,1100,"Rainfed","International Institute of Tropical Agriculture IITA","Public"
"Zambia",2020,"E0175","G215","L078",2,0,122,0,53.33333333,"Purple","Tawny",108.6666667,3,0,1.333333333,63.33333333,18.33333333,2633.333333,0,0,0,0,0,0,0,0,0,0,0,0,NA,NA,"12/22/2020","5/5/2021",-14.234,28.294,1100,"Rainfed","International Institute of Tropical Agriculture IITA","Public"
"Zambia",2020,"E0175","G219","L078",2,0,53,0,46,"White","Grey",112.3333333,3,0,1,44.33333333,21,2200,0,0,0,0,0,0,0,0,0,0,0,0,NA,NA,"12/22/2020","5/5/2021",-14.234,28.294,1100,"Rainfed","International Institute of Tropical Agriculture IITA","Public"
"Zambia",2020,"E0175","G233","L078",2,0,78.33333333,0,47.66666667,"White","Tawny",110.3333333,3,0,1,55,15.66666667,2466.666667,0,0,0,0,0,0,0,0,0,0,0,0,NA,NA,"12/22/2020","5/5/2021",-14.234,28.294,1100,"Rainfed","International Institute of Tropical Agriculture IITA","Public"
"Zambia",2020,"E0175","G241","L078",2,0,39,0,54,"Purple","Grey",112,3,0,1.333333333,58.66666667,14.66666667,1933.333333,0,0,0,0,0,0,0,0,0,0,0,0,NA,NA,"12/22/2020","5/5/2021",-14.234,28.294,1100,"Rainfed","International Institute of Tropical Agriculture IITA","Public"
"Zambia",2020,"E0175","G244","L078",2,0,127.3333333,0,53,"Purple","Grey",107,4,0,1.333333333,63.33333333,16,3366.666667,0,0,0,0,0,0,0,0,0,0,0,0,NA,NA,"12/22/2020","5/5/2021",-14.234,28.294,1100,"Rainfed","International Institute of Tropical Agriculture IITA","Public"
"Malawi",2020,"E0154","G006","L094",2,0,0,0,46,"Purple","Grey",97,1,0,1,70.86666667,0,3797.066667,1,1,0,0,1,0,0,2,1,2,0,1,44.86666667,21.08,"12/12/2020","5/6/2021",-14.177,33.8,1177,"Rainfed","Agricultural Research Council ARC","Public"
"Malawi",2020,"E0154","G018","L094",2,0,0,0,65,"Purple","Tawny",99,1,0,1,72.2,0,3872.8,1,1,0,0,1,0,0,3,1,3,0,1,41.21666667,21.23333333,"12/12/2020","5/6/2021",-14.177,33.8,1177,"Rainfed","Ethiopian Institute of Agricultural Research EIAR","Public"
"Malawi",2020,"E0154","G032","L094",2,0,0,0,50,"Purple","Tawny",95,5,0,2.666666667,79.8,0,2818.566667,1,1,0,0,1,0,0,2,1,1,0,1,40.76,21.07666667,"12/12/2020","5/6/2021",-14.177,33.8,1177,"Rainfed","CSIRO Agriculture and Food","Public"
"Malawi",2020,"E0154","G056","L094",2,0,0,0,46,"Purple","Grey",98,2,0,1.333333333,77.86666667,0,3515.233333,1,1,0,0,1,0,0,3,1,2,0,1,41.83666667,20.51,"12/12/2020","5/6/2021",-14.177,33.8,1177,"Rainfed","ZamSeed","Private"
"Malawi",2020,"E0154","G058","L094",2,0,0,0,50,"Purple","Grey",85,4,0,1.333333333,83.73333333,0,4445.033333,1,1,0,0,1,0,0,3,1,2,0,1,42.565,20.73,"12/12/2020","5/6/2021",-14.177,33.8,1177,"Rainfed","CSIRO Agriculture and Food","Public"
"Malawi",2020,"E0154","G065","L094",2,1,0,0,50,"Purple","Grey",99,4,0,1,91.93333333,0,3945.4,1,1,0,0,3,0,0,3,1,1,0,1,41.01,21.46666667,"12/12/2020","5/6/2021",-14.177,33.8,1177,"Rainfed","Department of Agricultural Research Services DARS","Public"
"Malawi",2020,"E0154","G068","L094",2,0,0,0,45,"Mixed","Tawny",96,2,0,1,75,0,3543.2,1,1,0,0,1,0,0,3,1,2,0,1,42.07,20.54333333,"12/12/2020","5/6/2021",-14.177,33.8,1177,"Rainfed","Crop Breeding Institute CBI","Public"
"Malawi",2020,"E0154","G073","L094",2,0,0,0,46,"White","Grey",100,5,0,1.666666667,71.86666667,0,4551.066667,1,1,0,0,1,0,0,2,1,2,0,1,42.54,21.41333333,"12/12/2020","5/6/2021",-14.177,33.8,1177,"Rainfed","CSIRO Agriculture and Food","Public"
"Malawi",2020,"E0154","G075","L094",2,0,0,0,53,"Purple","Grey",101,5,0,2.333333333,65.2,0,3470.466667,1,1,0,0,1,0,0,3,1,3,0,1,42.565,20.77,"12/12/2020","5/6/2021",-14.177,33.8,1177,"Rainfed","CSIRO Agriculture and Food","Public"
"Malawi",2020,"E0154","G092","L094",2,0,0,0,50,"White","Grey",98,2,0,1,95.13333333,0,5272.5,1,1,0,0,1,0,0,1,1,2,0,1,42.44666667,20.61666667,"12/12/2020","5/6/2021",-14.177,33.8,1177,"Rainfed","SeedCo","Private"
"Malawi",2020,"E0154","G098","L094",2,0,0,0,45,"Purple","Tawny",98,1,0,1,77,0,4437.1,1,1,0,0,1,0,0,1,1,2,0,1,43.40333333,20.48333333,"12/12/2020","5/6/2021",-14.177,33.8,1177,"Rainfed","SeedCo","Private"
"Malawi",2020,"E0154","G101","L094",2,0,0,0,45,"Purple","Tawny",116,2,0,1,76.26666667,0,4103.233333,1,1,0,0,3,0,0,3,1,3,0,1,42.60666667,20.92,"12/12/2020","5/6/2021",-14.177,33.8,1177,"Rainfed","SeedCo","Private"
"Malawi",2020,"E0154","G107","L094",2,0,0,0,49,"Purple","Grey",116,1,0,1,79.86666667,0,4931.666667,1,1,0,0,1,0,0,3,1,3,0,1,42.58,21.53,"12/12/2020","5/6/2021",-14.177,33.8,1177,"Rainfed","SeedCo","Private"
"Malawi",2020,"E0154","G121","L094",2,0,0,0,46,"Purple","Tawny",99,4,0,2.666666667,115.8,0,2236.4,1,1,0,0,1,0,0,1,1,3,0,1,41.66333333,20.46666667,"12/12/2020","5/6/2021",-14.177,33.8,1177,"Rainfed","CSIRO Agriculture and Food","Public"
"Malawi",2020,"E0154","G133","L094",2,0,0,0,52,"Purple","Tawny",106,1,0,1,79.13333333,0,4388.133333,1,1,0,0,1,0,0,3,1,3,0,1,42.47666667,20.91,"12/12/2020","5/6/2021",-14.177,33.8,1177,"Rainfed","SeedCo","Private"
"Malawi",2020,"E0154","G136","L094",2,0,0,0,49,"White","Grey",100,1,0,1,92.66666667,0,3840.466667,1,1,0,0,1,0,0,3,1,2,0,1,41.68666667,21.30333333,"12/12/2020","5/6/2021",-14.177,33.8,1177,"Rainfed","Ethiopian Institute of Agricultural Research EIAR","Public"
"Malawi",2020,"E0154","G137","L094",2,0,0,0,50,"Purple","Grey",97,1,0,1,86.4,0,3615.633333,1,1,0,0,1,0,0,3,1,2,0,1,44.45,21.19666667,"12/12/2020","5/6/2021",-14.177,33.8,1177,"Rainfed","SeedCo","Private"
"Malawi",2020,"E0154","G138","L094",2,0,0,0,46,"Purple","Grey",93,1,0,1,77.26666667,0,4026.4,1,1,0,0,1,0,0,1,1,1,0,1,42.64333333,19.19333333,"12/12/2020","5/6/2021",-14.177,33.8,1177,"Rainfed","SeedCo","Private"
"Malawi",2020,"E0154","G141","L094",2,0,0,0,46,"Purple","Grey",98,2,0,1,88.33333333,0,4578.033333,1,1,0,0,1,0,0,3,1,3,0,1,41.57666667,21.19666667,"12/12/2020","5/6/2021",-14.177,33.8,1177,"Rainfed","SeedCo","Private"
"Malawi",2020,"E0154","G142","L094",2,0,0,0,47,"Purple","Grey",100,1,0,1,99.8,0,4494.566667,1,1,0,0,1,0,0,3,1,2,0,1,43.34333333,21.11333333,"12/12/2020","5/6/2021",-14.177,33.8,1177,"Rainfed","SeedCo","Private"
"Malawi",2020,"E0154","G143","L094",2,0,0,0,45,"White","Grey",98,1,0,1,83.2,0,4093.1,1,1,0,0,1,0,0,2,1,3,0,1,43.36666667,20.78333333,"12/12/2020","5/6/2021",-14.177,33.8,1177,"Rainfed","SeedCo","Private"
"Malawi",2020,"E0154","G144","L094",2,0,0,0,48,"White","Grey",100,1,0,1,67.53333333,0,4523.4,1,1,0,0,1,0,0,1,1,2,0,1,41.71333333,21.40333333,"12/12/2020","5/6/2021",-14.177,33.8,1177,"Rainfed","SeedCo","Private"
"Malawi",2020,"E0154","G145","L094",2,0,0,0,46,"Purple","Tawny",96,2,0,1.333333333,103.7333333,0,3732.166667,1,1,0,0,1,0,0,3,1,3,0,1,41.75666667,20.91333333,"12/12/2020","5/6/2021",-14.177,33.8,1177,"Rainfed","SeedCo","Private"
"Malawi",2020,"E0154","G146","L094",2,0,0,0,45,"Purple","Grey",108,1,0,1,113.6,0,4072.7,1,1,0,0,1,0,0,3,1,2,0,1,41.48,21.34333333,"12/12/2020","5/6/2021",-14.177,33.8,1177,"Rainfed","SeedCo","Private"
"Malawi",2020,"E0154","G188","L094",2,1,0,0,45,"Purple","Tawny",97,5,0,1.666666667,86.2,0,3688.433333,1,1,0,0,1,0,0,1,1,3,0,1,42.20666667,21.06,"12/12/2020","5/6/2021",-14.177,33.8,1177,"Rainfed","International Institute of Tropical Agriculture IITA","Public"
"Malawi",2020,"E0154","G193","L094",2,0,0,0,47,"White","Grey",100,4,0,1,86,0,3146.966667,1,1,0,0,1,0,0,2,1,3,0,1,41.98666667,21.15666667,"12/12/2020","5/6/2021",-14.177,33.8,1177,"Rainfed","International Institute of Tropical Agriculture IITA","Public"
"Malawi",2020,"E0154","G204","L094",2,0,0,0,45,"White","Tawny",95,3,0,1.333333333,74.8,0,3840.6,1,1,0,0,1,0,0,1,1,2,0,1,41.98666667,21.03666667,"12/12/2020","5/6/2021",-14.177,33.8,1177,"Rainfed","International Institute of Tropical Agriculture IITA","Public"
"Malawi",2020,"E0154","G214","L094",2,0,0,0,47,"Purple","Tawny",97,5,0,1.333333333,70.06666667,0,3311.266667,1,1,0,0,1,0,0,1,1,2,0,1,41.14666667,21.08,"12/12/2020","5/6/2021",-14.177,33.8,1177,"Rainfed","International Institute of Tropical Agriculture IITA","Public"
"Malawi",2020,"E0154","G215","L094",2,0,0,0,49,"Purple","Tawny",98,3,0,1,93.66666667,0,3115.8,1,1,0,0,1,0,0,1,1,3,0,1,43.41666667,20.20333333,"12/12/2020","5/6/2021",-14.177,33.8,1177,"Rainfed","International Institute of Tropical Agriculture IITA","Public"
"Malawi",2020,"E0154","G233","L094",2,0,0,0,45,"White","Tawny",97,4,0,1,89.13333333,0,4793.266667,1,1,0,0,1,0,0,3,1,3,0,1,43.21,20.90666667,"12/12/2020","5/6/2021",-14.177,33.8,1177,"Rainfed","International Institute of Tropical Agriculture IITA","Public"
"Malawi",2020,"E0154","G241","L094",2,0,0,0,46,"White","Tawny",96,3,0,2,100.8,0,3993.433333,1,1,0,0,1,0,0,3,1,2,0,1,42.93333333,20.83333333,"12/12/2020","5/6/2021",-14.177,33.8,1177,"Rainfed","International Institute of Tropical Agriculture IITA","Public"
"Malawi",2020,"E0154","G275","L094",2,0,0,0,45,"Purple","Tawny",124,3,0,1,120.1333333,0,5684.666667,1,1,0,0,1,0,0,1,1,2,0,1,43.24,21.37333333,"12/12/2020","5/6/2021",-14.177,33.8,1177,"Rainfed","International Institute of Tropical Agriculture IITA","Public"
"Malawi",2020,"E0154","G278","L094",2,0,0,0,48,"Purple","Tawny",115,3,0,1,108.8666667,0,3577.866667,1,1,0,0,1,0,0,1,1,3,0,1,44.23,20.73333333,"12/12/2020","5/6/2021",-14.177,33.8,1177,"Rainfed","International Institute of Tropical Agriculture IITA","Public"
"Malawi",2020,"E0154","G283","L094",2,0,0,0,56,"Purple","Grey",116,2,0,1,126.8,0,3633.066667,1,1,0,0,1,0,0,2,1,2,0,1,43.19666667,20.60666667,"12/12/2020","5/6/2021",-14.177,33.8,1177,"Rainfed","International Institute of Tropical Agriculture IITA","Public"
"Malawi",2020,"E0154","G285","L094",2,0,0,0,50,"Purple","Tawny",95,1,0,1,140,0,3294.633333,1,1,0,0,3,0,0,3,1,2,0,1,42.74333333,20.29333333,"12/12/2020","5/6/2021",-14.177,33.8,1177,"Rainfed","International Institute of Tropical Agriculture IITA","Public"
"Malawi",2020,"E0154","G287","L094",2,0,0,0,57,"Purple","Grey",125,2,0,1,140.0666667,0,3727.466667,1,1,0,0,1,0,0,1,1,2,0,1,42.42666667,21.4,"12/12/2020","5/6/2021",-14.177,33.8,1177,"Rainfed","International Institute of Tropical Agriculture IITA","Public"
"Malawi",2020,"E0154","G290","L094",2,0,0,0,47,"Purple","Grey",116,3,0,1,100.5333333,0,3794.9,1,1,0,0,1,0,0,3,1,3,0,1,42.98666667,20.55333333,"12/12/2020","5/6/2021",-14.177,33.8,1177,"Rainfed","International Institute of Tropical Agriculture IITA","Public"
"Malawi",2020,"E0154","G294","L094",2,0,0,0,45,"White","Tawny",115,2,0,1,100.8666667,0,4455,1,1,0,0,1,0,0,1,1,3,0,1,41.58666667,20.66666667,"12/12/2020","5/6/2021",-14.177,33.8,1177,"Rainfed","International Institute of Tropical Agriculture IITA","Public"
"Malawi",2020,"E0154","G297","L094",2,0,0,0,50,"Purple","Grey",115,3,0,1,104.0666667,0,4030.8,1,1,0,0,1,0,0,3,1,3,0,1,42.21,20.31666667,"12/12/2020","5/6/2021",-14.177,33.8,1177,"Rainfed","International Institute of Tropical Agriculture IITA","Public"
"Malawi",2020,"E0154","G365","L094",2,1,0,0,45,"Purple","Tawny",93,4,0,1.333333333,77.8,0,3249.233333,1,1,0,0,1,0,0,2,1,2,0,1,42.26333333,20.69666667,"12/12/2020","5/6/2021",-14.177,33.8,1177,"Rainfed","Department of Agricultural Research Services DARS","Public"
"Malawi",2020,"E0156","G006","L011",2,0,0,0,44,"Purple","Grey",102.3333333,1,0,1.333333333,60.8,0,2537.066667,1,1,0,0,1,0,0,1,1,4,0,1,43.10666667,19.04333333,"12/10/2020","4/15/2021",-13.979,33.645,1143,"Rainfed","Agricultural Research Council ARC","Public"
"Malawi",2020,"E0156","G018","L011",2,0,0,0,49.66666667,"Purple","Tawny",104,1,0,1.666666667,76.66666667,0,1876.1,1,1,0,0,1,0,0,1,1,5,0,1,47.98666667,18.55666667,"12/10/2020","4/15/2021",-13.979,33.645,1143,"Rainfed","Ethiopian Institute of Agricultural Research EIAR","Public"
"Malawi",2020,"E0156","G032","L011",2,0,0,0,45.33333333,"Purple","Tawny",87.33333333,1,0,2,76.53333333,0,3241.733333,1,1,0,0,1,0,0,1,1,3,0,1,44.20666667,20.09333333,"12/10/2020","4/15/2021",-13.979,33.645,1143,"Rainfed","CSIRO Agriculture and Food","Public"
"Malawi",2020,"E0156","G056","L011",2,0,0,0,43,"Purple","Grey",104,1,0,1,71.86666667,0,2678.4,1,1,0,0,1,0,0,1,1,4,0,1,42.35666667,19.37333333,"12/10/2020","4/15/2021",-13.979,33.645,1143,"Rainfed","ZamSeed","Private"
"Malawi",2020,"E0156","G058","L011",2,0,0,0,49.66666667,"Purple","Grey",107.6666667,1,0,1,84.86666667,0,2426.233333,1,1,0,0,1,0,0,1,1,4,0,1,46.51333333,17.55,"12/10/2020","4/15/2021",-13.979,33.645,1143,"Rainfed","CSIRO Agriculture and Food","Public"
"Malawi",2020,"E0156","G065","L011",2,1,0,0,48.66666667,"Purple","Grey",106.3333333,1,0,1,92.26666667,0,2526.333333,1,1,0,0,1,0,0,1,1,4,0,1,45.58,17.66333333,"12/10/2020","4/15/2021",-13.979,33.645,1143,"Rainfed","Department of Agricultural Research Services DARS","Public"
"Malawi",2020,"E0156","G068","L011",2,0,0,0,41,"White","Grey",101.3333333,1,0,2,70,0,2855,1,1,0,0,1,0,0,1,1,4,0,1,44.4,19,"12/10/2020","4/15/2021",-13.979,33.645,1143,"Rainfed","Crop Breeding Institute CBI","Public"
"Malawi",2020,"E0156","G073","L011",2,0,0,0,40.66666667,"White","Grey",100.3333333,1,0,1.333333333,57.06666667,0,2659.466667,1,1,0,0,1,0,0,1,1,4,0,1,44.78,19.28333333,"12/10/2020","4/15/2021",-13.979,33.645,1143,"Rainfed","CSIRO Agriculture and Food","Public"
"Malawi",2020,"E0156","G075","L011",2,0,0,0,46.33333333,"White","Grey",98.66666667,1,0,1,69.6,0,2032.233333,1,1,0,0,1,0,0,1,1,5,0,1,47.28666667,17.11333333,"12/10/2020","4/15/2021",-13.979,33.645,1143,"Rainfed","CSIRO Agriculture and Food","Public"
"Malawi",2020,"E0156","G092","L011",2,0,0,0,49.33333333,"Purple","Grey",105.3333333,1,0,1,82.86666667,0,2302.766667,1,1,0,0,1,0,0,1,1,4,0,1,44.46333333,18.39333333,"12/10/2020","4/15/2021",-13.979,33.645,1143,"Rainfed","SeedCo","Private"
"Malawi",2020,"E0156","G098","L011",2,0,0,0,44.33333333,"Purple","Grey",106.6666667,1,0,1.333333333,71.66666667,0,3741.366667,1,1,0,0,1,0,0,1,1,4,0,1,43.40333333,19.94333333,"12/10/2020","4/15/2021",-13.979,33.645,1143,"Rainfed","SeedCo","Private"
"Malawi",2020,"E0156","G101","L011",2,0,0,0,47.66666667,"Purple","Grey",110.3333333,1,0,1,76.4,0,3085.5,1,1,0,0,1,0,0,1,1,3,0,1,45.24333333,18.07333333,"12/10/2020","4/15/2021",-13.979,33.645,1143,"Rainfed","SeedCo","Private"
"Malawi",2020,"E0156","G107","L011",2,0,0,0,31,"Purple","Tawny",110.6666667,1,0,1,75.53333333,0,3209.233333,1,1,0,0,1,0,0,1,1,3,0,1,45.38,19.49,"12/10/2020","4/15/2021",-13.979,33.645,1143,"Rainfed","SeedCo","Private"
"Malawi",2020,"E0156","G121","L011",2,0,0,0,46.66666667,"Purple","Tawny",114.6666667,1,0,1,102.5333333,0,3380.5,1,1,0,0,1,0,0,1,1,3,0,1,44.76,19.00666667,"12/10/2020","4/15/2021",-13.979,33.645,1143,"Rainfed","CSIRO Agriculture and Food","Public"
"Malawi",2020,"E0156","G133","L011",2,0,0,0,53.66666667,"Purple","Tawny",111.6666667,1,0,1,93.13333333,0,3105.6,1,1,0,0,1,0,0,1,1,4,0,1,45.16,18.28333333,"12/10/2020","4/15/2021",-13.979,33.645,1143,"Rainfed","SeedCo","Private"
"Malawi",2020,"E0156","G136","L011",2,0,0,0,46.33333333,"White","Grey",102.6666667,1,0,1,78.66666667,0,2431.566667,1,1,0,0,1,0,0,1,1,4,0,1,46.90666667,18.80333333,"12/10/2020","4/15/2021",-13.979,33.645,1143,"Rainfed","Ethiopian Institute of Agricultural Research EIAR","Public"
"Malawi",2020,"E0156","G137","L011",2,0,0,0,46.33333333,"Purple","Grey",104.6666667,1,0,1,89.6,0,2511.6,1,1,0,0,1,0,0,1,1,4,0,1,45.47333333,18.31,"12/10/2020","4/15/2021",-13.979,33.645,1143,"Rainfed","SeedCo","Private"
"Malawi",2020,"E0156","G138","L011",2,0,0,0,42.66666667,"Purple","Grey",105.3333333,1,0,1,80.73333333,0,3683.733333,1,1,0,0,1,0,0,1,1,3,0,1,43.35666667,19.66,"12/10/2020","4/15/2021",-13.979,33.645,1143,"Rainfed","SeedCo","Private"
"Malawi",2020,"E0156","G141","L011",2,0,0,0,46,"Purple","Grey",104.6666667,1,0,1.333333333,90.8,0,2589,1,1,0,0,1,0,0,1,1,4,0,1,46.10333333,17.76333333,"12/10/2020","4/15/2021",-13.979,33.645,1143,"Rainfed","SeedCo","Private"
"Malawi",2020,"E0156","G142","L011",2,0,0,0,46,"Purple","Grey",110,1,0,1,84.86666667,0,3200.366667,1,1,0,0,1,0,0,1,1,4,0,1,42.96,19.9,"12/10/2020","4/15/2021",-13.979,33.645,1143,"Rainfed","SeedCo","Private"
"Malawi",2020,"E0156","G143","L011",2,0,0,0,42.66666667,"White","Grey",105,1,0,1,79.8,0,3304.933333,1,1,0,0,1,0,0,1,1,4,0,1,43.62,19.74,"12/10/2020","4/15/2021",-13.979,33.645,1143,"Rainfed","SeedCo","Private"
"Malawi",2020,"E0156","G144","L011",2,0,0,0,45.66666667,"Purple","Grey",106,1,0,1,55.46666667,0,3043.033333,1,1,0,0,1,0,0,1,1,4,0,1,42.72,19.57,"12/10/2020","4/15/2021",-13.979,33.645,1143,"Rainfed","SeedCo","Private"
"Malawi",2020,"E0156","G145","L011",2,0,0,0,47.33333333,"Purple","Grey",110,1,0,1,102.7333333,0,2913.333333,1,1,0,0,1,0,0,1,1,3,0,1,44.53666667,17.33666667,"12/10/2020","4/15/2021",-13.979,33.645,1143,"Rainfed","SeedCo","Private"
"Malawi",2020,"E0156","G146","L011",2,0,0,0,45.66666667,"Purple","Grey",110.6666667,1,0,1,112.0666667,0,2401.666667,1,1,0,0,1,0,0,1,1,3,0,1,44.09666667,19.11333333,"12/10/2020","4/15/2021",-13.979,33.645,1143,"Rainfed","SeedCo","Private"
"Malawi",2020,"E0156","G188","L011",2,1,0,0,45,"Purple","Tawny",86.66666667,1,0,2,76.8,0,3031.166667,1,1,0,0,1,0,0,1,1,5,0,1,43.13,20.23666667,"12/10/2020","4/15/2021",-13.979,33.645,1143,"Rainfed","International Institute of Tropical Agriculture IITA","Public"
"Malawi",2020,"E0156","G193","L011",2,0,0,0,53,"Purple","Grey",103.3333333,1,0,1,102.1333333,0,2692.4,1,1,0,0,1,0,0,1,1,4,0,1,44.19333333,18.11666667,"12/10/2020","4/15/2021",-13.979,33.645,1143,"Rainfed","International Institute of Tropical Agriculture IITA","Public"
"Malawi",2020,"E0156","G204","L011",2,0,0,0,44.66666667,"Purple","Tawny",98,1,0,2,71.33333333,0,3725.4,1,1,0,0,1,0,0,1,1,4,0,1,44.81333333,19.65,"12/10/2020","4/15/2021",-13.979,33.645,1143,"Rainfed","International Institute of Tropical Agriculture IITA","Public"
"Malawi",2020,"E0156","G214","L011",2,0,0,0,42.66666667,"Purple","Tawny",101,1,0,1.666666667,70.86666667,0,3414.366667,1,1,0,0,1,0,0,1,1,4,0,1,44.66,19.81333333,"12/10/2020","4/15/2021",-13.979,33.645,1143,"Rainfed","International Institute of Tropical Agriculture IITA","Public"
"Malawi",2020,"E0156","G215","L011",2,0,0,0,50.33333333,"Purple","Tawny",101.6666667,1,0,1.333333333,105.4,0,3356.133333,1,1,0,0,1,0,0,1,1,4,0,1,46.52666667,18.83666667,"12/10/2020","4/15/2021",-13.979,33.645,1143,"Rainfed","International Institute of Tropical Agriculture IITA","Public"
"Malawi",2020,"E0156","G233","L011",2,0,0,0,43.66666667,"White","Tawny",103.3333333,1,0,1.666666667,97.73333333,0,3004.3,1,1,0,0,1,0,0,1,1,5,0,1,45.25666667,19.75666667,"12/10/2020","4/15/2021",-13.979,33.645,1143,"Rainfed","International Institute of Tropical Agriculture IITA","Public"
"Malawi",2020,"E0156","G241","L011",2,0,0,0,48,"Purple","Grey",100,1,0,1.666666667,95.93333333,0,2950.9,1,1,0,0,1,0,0,1,1,5,0,1,45.02666667,18.34,"12/10/2020","4/15/2021",-13.979,33.645,1143,"Rainfed","International Institute of Tropical Agriculture IITA","Public"
"Malawi",2020,"E0156","G275","L011",2,0,0,0,59.66666667,"Purple","Tawny",116.3333333,1,0,2,127.6666667,0,768,1,1,0,0,1,0,0,1,1,4,0,1,52.54,15.57333333,"12/10/2020","4/15/2021",-13.979,33.645,1143,"Rainfed","International Institute of Tropical Agriculture IITA","Public"
"Malawi",2020,"E0156","G278","L011",2,0,0,0,50,"Purple","Tawny",109.6666667,1,0,1.333333333,111.7333333,0,2451.9,1,1,0,0,1,0,0,1,1,4,0,1,46.68,18.10666667,"12/10/2020","4/15/2021",-13.979,33.645,1143,"Rainfed","International Institute of Tropical Agriculture IITA","Public"
"Malawi",2020,"E0156","G283","L011",2,0,0,0,57.33333333,"Purple","Grey",109.6666667,1,0,1,127.6,0,2203.233333,1,1,0,0,1,0,0,1,1,4,0,1,47.51666667,17.82333333,"12/10/2020","4/15/2021",-13.979,33.645,1143,"Rainfed","International Institute of Tropical Agriculture IITA","Public"
"Malawi",2020,"E0156","G285","L011",2,0,0,0,56.66666667,"Purple","Tawny",117.3333333,1,0,2,144.4666667,0,1192.866667,1,1,0,0,1,0,0,1,1,4,0,1,47.64666667,16.57666667,"12/10/2020","4/15/2021",-13.979,33.645,1143,"Rainfed","International Institute of Tropical Agriculture IITA","Public"
"Malawi",2020,"E0156","G287","L011",2,0,0,0,58.33333333,"Purple","Grey",120.3333333,1,0,1.666666667,145.2,0,880.9333333,1,1,0,0,1,0,0,1,1,4,0,1,46.21666667,16.76666667,"12/10/2020","4/15/2021",-13.979,33.645,1143,"Rainfed","International Institute of Tropical Agriculture IITA","Public"
"Malawi",2020,"E0156","G290","L011",2,0,0,0,36,"Purple","Grey",110.3333333,1,0,1.333333333,117.5333333,0,2283.966667,1,3,0,0,1,0,0,1,1,3,0,1,46.86666667,18.99333333,"12/10/2020","4/15/2021",-13.979,33.645,1143,"Rainfed","International Institute of Tropical Agriculture IITA","Public"
"Malawi",2020,"E0156","G294","L011",2,0,0,0,44.33333333,"White","Tawny",109.3333333,1,0,1.333333333,117.6666667,0,1708.366667,1,1,0,0,1,0,0,1,1,4,0,1,45.71333333,19.23333333,"12/10/2020","4/15/2021",-13.979,33.645,1143,"Rainfed","International Institute of Tropical Agriculture IITA","Public"
"Malawi",2020,"E0156","G297","L011",2,0,0,0,55.66666667,"Purple","Grey",110.3333333,1,0,1,112.6,0,2344.933333,1,1,0,0,1,0,0,1,1,4,0,1,47.08,18.74666667,"12/10/2020","4/15/2021",-13.979,33.645,1143,"Rainfed","International Institute of Tropical Agriculture IITA","Public"
"Malawi",2020,"E0156","G365","L011",2,1,0,0,45,"Purple","Tawny",85.66666667,1,0,2,70.86666667,0,3258.433333,1,1,0,0,1,0,0,1,1,3,0,1,43.75,20.24666667,"12/10/2020","4/15/2021",-13.979,33.645,1143,"Rainfed","Department of Agricultural Research Services DARS","Public"
"Malawi",2020,"E0160","G006","L072",2,0,0,0,44.66666667,"Purple",NA,95.33333333,1,0,0,28.66666667,0,821.9,0,0,0,0,0,0,0,0,0,0,0,0,41.53333333,21.07333333,"12/23/2020","5/11/2021",-13.947,33.679,1086,"Rainfed","Agricultural Research Council ARC","Public"
"Malawi",2020,"E0160","G018","L072",2,0,0,0,45.33333333,"Purple",NA,93,2,0,0,76.66666667,0,879.3333333,0,0,0,0,0,0,0,0,0,0,0,0,41.60666667,21.43666667,"12/23/2020","5/11/2021",-13.947,33.679,1086,"Rainfed","Ethiopian Institute of Agricultural Research EIAR","Public"
"Malawi",2020,"E0160","G032","L072",2,0,0,0,44.66666667,"Purple",NA,94,3,0,0,58.66666667,0,1896.666667,0,0,0,0,0,0,0,0,0,0,0,0,41.49666667,20.85,"12/23/2020","5/11/2021",-13.947,33.679,1086,"Rainfed","CSIRO Agriculture and Food","Public"
"Malawi",2020,"E0160","G056","L072",2,0,0,0,47.33333333,"Purple",NA,93,1,0,0,54.66666667,0,920.8333333,0,0,0,0,0,0,0,0,0,0,0,0,41.76666667,20.66,"12/23/2020","5/11/2021",-13.947,33.679,1086,"Rainfed","ZamSeed","Private"
"Malawi",2020,"E0160","G058","L072",2,0,0,0,44,"White",NA,95,2,0,0,58,0,893.5,0,0,0,0,0,0,0,0,0,0,0,0,41.06333333,21.69666667,"12/23/2020","5/11/2021",-13.947,33.679,1086,"Rainfed","CSIRO Agriculture and Food","Public"
"Malawi",2020,"E0160","G065","L072",2,1,0,0,45.66666667,"Purple",NA,99.66666667,1,0,0,69.33333333,0,752.3,0,0,0,0,0,0,0,0,0,0,0,0,44.55333333,19.63666667,"12/23/2020","5/11/2021",-13.947,33.679,1086,"Rainfed","Department of Agricultural Research Services DARS","Public"
"Malawi",2020,"E0160","G068","L072",2,0,0,0,42.66666667,"White",NA,96.33333333,3,0,0,56.66666667,0,951.5,0,0,0,0,0,0,0,0,0,0,0,0,45.54333333,19.46666667,"12/23/2020","5/11/2021",-13.947,33.679,1086,"Rainfed","Crop Breeding Institute CBI","Public"
"Malawi",2020,"E0160","G073","L072",2,0,0,0,41.33333333,"White",NA,94,2,0,0,34.33333333,0,924.7333333,0,0,0,0,0,0,0,0,0,0,0,0,42.78333333,20.27,"12/23/2020","5/11/2021",-13.947,33.679,1086,"Rainfed","CSIRO Agriculture and Food","Public"
"Malawi",2020,"E0160","G075","L072",2,0,0,0,51,"White",NA,93,3,0,0,61.66666667,0,602.9666667,0,0,0,0,0,0,0,0,0,0,0,0,41.57333333,21.07666667,"12/23/2020","5/11/2021",-13.947,33.679,1086,"Rainfed","CSIRO Agriculture and Food","Public"
"Malawi",2020,"E0160","G092","L072",2,0,0,0,42.33333333,"Purple",NA,101,1,0,0,67,0,737.0666667,0,0,0,0,0,0,0,0,0,0,0,0,43.38,20.04,"12/23/2020","5/11/2021",-13.947,33.679,1086,"Rainfed","SeedCo","Private"
"Malawi",2020,"E0160","G098","L072",2,0,0,0,42.66666667,"Purple",NA,95,1,0,0,61,0,1842.566667,0,0,0,0,0,0,0,0,0,0,0,0,42.43333333,21.24,"12/23/2020","5/11/2021",-13.947,33.679,1086,"Rainfed","SeedCo","Private"
"Malawi",2020,"E0160","G101","L072",2,0,0,0,51,"Purple",NA,112,3,0,0,39.33333333,0,1559.733333,0,0,0,0,0,0,0,0,0,0,0,0,43.68,20.29,"12/23/2020","5/11/2021",-13.947,33.679,1086,"Rainfed","SeedCo","Private"
"Malawi",2020,"E0160","G107","L072",2,0,0,0,45.33333333,"Purple",NA,105.6666667,1,0,0,59,0,1753.5,0,0,0,0,0,0,0,0,0,0,0,0,42.14333333,20.95666667,"12/23/2020","5/11/2021",-13.947,33.679,1086,"Rainfed","SeedCo","Private"
"Malawi",2020,"E0160","G121","L072",2,0,0,0,44.66666667,"Purple",NA,109.3333333,3,0,0,74.66666667,0,2714.566667,0,0,0,0,0,0,0,0,0,0,0,0,42.32333333,20.36,"12/23/2020","5/11/2021",-13.947,33.679,1086,"Rainfed","CSIRO Agriculture and Food","Public"
"Malawi",2020,"E0160","G133","L072",2,0,0,0,55.66666667,"White",NA,110.3333333,2,0,0,73.33333333,0,1894.833333,0,0,0,0,0,0,0,0,0,0,0,0,43.14666667,20.66666667,"12/23/2020","5/11/2021",-13.947,33.679,1086,"Rainfed","SeedCo","Private"
"Malawi",2020,"E0160","G136","L072",2,0,0,0,43.33333333,"White",NA,94,2,0,0,76,0,1401.433333,0,0,0,0,0,0,0,0,0,0,0,0,42.76666667,20.69,"12/23/2020","5/11/2021",-13.947,33.679,1086,"Rainfed","Ethiopian Institute of Agricultural Research EIAR","Public"
"Malawi",2020,"E0160","G137","L072",2,0,0,0,41.33333333,"Purple",NA,94,3,0,0,59,0,1237.433333,0,0,0,0,0,0,0,0,0,0,0,0,43.47,20.72333333,"12/23/2020","5/11/2021",-13.947,33.679,1086,"Rainfed","SeedCo","Private"
"Malawi",2020,"E0160","G138","L072",2,0,0,0,44,"Purple",NA,98.66666667,1,0,0,58.33333333,0,1956.533333,0,0,0,0,0,0,0,0,0,0,0,0,42.10666667,20.99333333,"12/23/2020","5/11/2021",-13.947,33.679,1086,"Rainfed","SeedCo","Private"
"Malawi",2020,"E0160","G141","L072",2,0,0,0,51.33333333,"Purple",NA,83.66666667,2,0,0,54.66666667,0,906.4666667,0,0,0,0,0,0,0,0,0,0,0,0,43.88,20.37,"12/23/2020","5/11/2021",-13.947,33.679,1086,"Rainfed","SeedCo","Private"
"Malawi",2020,"E0160","G142","L072",2,0,0,0,52,"Purple",NA,109,2,0,0,59,0,2546.3,0,0,0,0,0,0,0,0,0,0,0,0,42.51,20.58333333,"12/23/2020","5/11/2021",-13.947,33.679,1086,"Rainfed","SeedCo","Private"
"Malawi",2020,"E0160","G143","L072",2,0,0,0,43.66666667,"White",NA,100.3333333,3,0,0,71.66666667,0,1332.233333,0,0,0,0,0,0,0,0,0,0,0,0,44.32666667,21,"12/23/2020","5/11/2021",-13.947,33.679,1086,"Rainfed","SeedCo","Private"
"Malawi",2020,"E0160","G144","L072",2,0,0,0,43.66666667,"Purple",NA,94,3,0,0,56,0,456.0666667,0,0,0,0,0,0,0,0,0,0,0,0,40.6,21.52666667,"12/23/2020","5/11/2021",-13.947,33.679,1086,"Rainfed","SeedCo","Private"
"Malawi",2020,"E0160","G145","L072",2,0,0,0,41.33333333,"Purple",NA,111.3333333,1,0,0,69.33333333,0,1423.933333,0,0,0,0,0,0,0,0,0,0,0,0,44.16333333,19.53666667,"12/23/2020","5/11/2021",-13.947,33.679,1086,"Rainfed","SeedCo","Private"
"Malawi",2020,"E0160","G146","L072",2,0,0,0,44,"Purple",NA,106,2,0,0,58.66666667,0,813.3666667,0,0,0,0,0,0,0,0,0,0,0,0,40.52,22.18,"12/23/2020","5/11/2021",-13.947,33.679,1086,"Rainfed","SeedCo","Private"
"Malawi",2020,"E0160","G188","L072",2,1,0,0,40.66666667,"Purple",NA,95,3,0,0,53.33333333,0,1188.866667,0,0,0,0,0,0,0,0,0,0,0,0,42.69333333,20.5,"12/23/2020","5/11/2021",-13.947,33.679,1086,"Rainfed","International Institute of Tropical Agriculture IITA","Public"
"Malawi",2020,"E0160","G193","L072",2,0,0,0,44,"Purple",NA,93,1,0,0,71.66666667,0,1568.366667,0,0,0,0,0,0,0,0,0,0,0,0,41.56,21.01,"12/23/2020","5/11/2021",-13.947,33.679,1086,"Rainfed","International Institute of Tropical Agriculture IITA","Public"
"Malawi",2020,"E0160","G204","L072",2,0,0,0,44.66666667,"Purple",NA,94,3,0,0,43,0,2168.866667,0,0,0,0,0,0,0,0,0,0,0,0,42.26,20.83333333,"12/23/2020","5/11/2021",-13.947,33.679,1086,"Rainfed","International Institute of Tropical Agriculture IITA","Public"
"Malawi",2020,"E0160","G214","L072",2,0,0,0,40.33333333,"Purple",NA,94,1,0,0,50,0,1956.666667,0,0,0,0,0,0,0,0,0,0,0,0,43.19333333,20.8,"12/23/2020","5/11/2021",-13.947,33.679,1086,"Rainfed","International Institute of Tropical Agriculture IITA","Public"
"Malawi",2020,"E0160","G215","L072",2,0,0,0,43.33333333,"Purple",NA,95,4,0,0,57.33333333,0,2161.366667,0,0,0,0,0,0,0,0,0,0,0,0,43.75666667,20.89,"12/23/2020","5/11/2021",-13.947,33.679,1086,"Rainfed","International Institute of Tropical Agriculture IITA","Public"
"Malawi",2020,"E0160","G233","L072",2,0,0,0,45,"White",NA,93,2,0,0,47.66666667,0,1354,0,0,0,0,0,0,0,0,0,0,0,0,44.71333333,20.48666667,"12/23/2020","5/11/2021",-13.947,33.679,1086,"Rainfed","International Institute of Tropical Agriculture IITA","Public"
"Malawi",2020,"E0160","G241","L072",2,0,0,0,43.66666667,"Purple",NA,96.33333333,1,0,0,43,0,1219.766667,0,0,0,0,0,0,0,0,0,0,0,0,41.82,19.83666667,"12/23/2020","5/11/2021",-13.947,33.679,1086,"Rainfed","International Institute of Tropical Agriculture IITA","Public"
"Malawi",2020,"E0160","G275","L072",2,0,0,0,55.33333333,"Purple",NA,111,3,0,0,75.66666667,0,206.6333333,0,0,0,0,0,0,0,0,0,0,0,0,42.12,20.90333333,"12/23/2020","5/11/2021",-13.947,33.679,1086,"Rainfed","International Institute of Tropical Agriculture IITA","Public"
"Malawi",2020,"E0160","G278","L072",2,0,0,0,54.33333333,"White",NA,109.3333333,1,0,0,67,0,727.6333333,0,0,0,0,0,0,0,0,0,0,0,0,42.19333333,21.55666667,"12/23/2020","5/11/2021",-13.947,33.679,1086,"Rainfed","International Institute of Tropical Agriculture IITA","Public"
"Malawi",2020,"E0160","G283","L072",2,0,0,0,54.66666667,"White",NA,105.3333333,1,0,0,64,0,655.6,0,0,0,0,0,0,0,0,0,0,0,0,42.79,19.98666667,"12/23/2020","5/11/2021",-13.947,33.679,1086,"Rainfed","International Institute of Tropical Agriculture IITA","Public"
"Malawi",2020,"E0160","G285","L072",2,0,0,0,55,"Purple",NA,111,3,0,0,78,0,492.3666667,0,0,0,0,0,0,0,0,0,0,0,0,43.21,20.54666667,"12/23/2020","5/11/2021",-13.947,33.679,1086,"Rainfed","International Institute of Tropical Agriculture IITA","Public"
"Malawi",2020,"E0160","G287","L072",2,0,0,0,55.33333333,"White",NA,109.3333333,1,0,0,75.66666667,0,306.1333333,0,0,0,0,0,0,0,0,0,0,0,0,43.00333333,21.03333333,"12/23/2020","5/11/2021",-13.947,33.679,1086,"Rainfed","International Institute of Tropical Agriculture IITA","Public"
"Malawi",2020,"E0160","G290","L072",2,0,0,0,55.66666667,"Purple",NA,108,4,0,0,70.66666667,0,1106.366667,0,0,0,0,0,0,0,0,0,0,0,0,42,20.97666667,"12/23/2020","5/11/2021",-13.947,33.679,1086,"Rainfed","International Institute of Tropical Agriculture IITA","Public"
"Malawi",2020,"E0160","G294","L072",2,0,0,0,52,"White",NA,106.6666667,1,0,0,69.33333333,0,664.7666667,0,0,0,0,0,0,0,0,0,0,0,0,43.41333333,20.05,"12/23/2020","5/11/2021",-13.947,33.679,1086,"Rainfed","International Institute of Tropical Agriculture IITA","Public"
"Malawi",2020,"E0160","G297","L072",2,0,0,0,44.66666667,"Purple",NA,107.3333333,3,0,0,72.33333333,0,1077.6,0,0,0,0,0,0,0,0,0,0,0,0,42.61666667,21.04666667,"12/23/2020","5/11/2021",-13.947,33.679,1086,"Rainfed","International Institute of Tropical Agriculture IITA","Public"
"Malawi",2020,"E0160","G365","L072",2,1,0,0,41.66666667,"Purple",NA,96.33333333,1,0,0,68,0,1668.566667,0,0,0,0,0,0,0,0,0,0,0,0,43.77,19.78,"12/23/2020","5/11/2021",-13.947,33.679,1086,"Rainfed","Department of Agricultural Research Services DARS","Public"
"Malawi",2020,"E0159","G006","L017",2,0,0,0,47.33333333,"Purple","Grey",111,2,0,1,70.33333333,0,2658.066667,0,3,0,0,0,0,0,0,0,2,0,0,NA,NA,"12/17/2020","4/28/2021",-13.68,32.734,1161,"Rainfed","Agricultural Research Council ARC","Public"
"Malawi",2020,"E0159","G018","L017",2,0,0,0,43,"Purple","Tawny",106,2,0,1.333333333,66,0,2365.933333,0,3,0,0,0,0,0,0,0,3,0,0,NA,NA,"12/17/2020","4/28/2021",-13.68,32.734,1161,"Rainfed","Ethiopian Institute of Agricultural Research EIAR","Public"
"Malawi",2020,"E0159","G032","L017",2,0,0,0,44,"Purple","Tawny",106,2,0,1.666666667,70.66666667,0,2369.133333,0,2,0,0,0,0,0,0,0,2,0,0,NA,NA,"12/17/2020","4/28/2021",-13.68,32.734,1161,"Rainfed","CSIRO Agriculture and Food","Public"
"Malawi",2020,"E0159","G056","L017",2,0,0,0,46,"Purple","Grey",108,2,0,1.666666667,73,0,2837.466667,0,3,0,0,0,0,0,0,0,2,0,0,NA,NA,"12/17/2020","4/28/2021",-13.68,32.734,1161,"Rainfed","ZamSeed","Private"
"Malawi",2020,"E0159","G058","L017",2,0,0,0,46.33333333,"White","Grey",108,4,0,1.333333333,73.33333333,0,2615.966667,0,3,0,0,0,0,0,0,0,2,0,0,NA,NA,"12/17/2020","4/28/2021",-13.68,32.734,1161,"Rainfed","CSIRO Agriculture and Food","Public"
"Malawi",2020,"E0159","G065","L017",2,1,0,0,45.33333333,"Purple","Grey",108,2,0,1.333333333,78.66666667,0,2247.633333,0,3,0,0,0,0,0,0,0,1,0,0,NA,NA,"12/17/2020","4/28/2021",-13.68,32.734,1161,"Rainfed","Department of Agricultural Research Services DARS","Public"
"Malawi",2020,"E0159","G068","L017",2,0,0,0,48.66666667,"Purple","Tawny",108,1,0,1.666666667,55.33333333,0,2545.6,0,3,0,0,0,0,0,0,0,4,0,0,NA,NA,"12/17/2020","4/28/2021",-13.68,32.734,1161,"Rainfed","Crop Breeding Institute CBI","Public"
"Malawi",2020,"E0159","G073","L017",2,0,0,0,51,"Purple","Grey",108,3,0,2,65.86666667,0,2728.1,0,2,0,0,0,0,0,0,0,1,0,0,NA,NA,"12/17/2020","4/28/2021",-13.68,32.734,1161,"Rainfed","CSIRO Agriculture and Food","Public"
"Malawi",2020,"E0159","G075","L017",2,0,0,0,44,"White","Grey",106,1,0,2,68,0,2079.566667,0,2,0,0,0,0,0,0,0,2,0,0,NA,NA,"12/17/2020","4/28/2021",-13.68,32.734,1161,"Rainfed","CSIRO Agriculture and Food","Public"
"Malawi",2020,"E0159","G092","L017",2,0,0,0,47.33333333,"Purple","Grey",113,2,0,1,85,0,2689.666667,0,2,0,0,0,0,0,0,0,2,0,0,NA,NA,"12/17/2020","4/28/2021",-13.68,32.734,1161,"Rainfed","SeedCo","Private"
"Malawi",2020,"E0159","G098","L017",2,0,0,0,43.66666667,"Purple","Tawny",106,2,0,1,56.6,0,3244.2,0,2,0,0,0,0,0,0,0,1,0,0,NA,NA,"12/17/2020","4/28/2021",-13.68,32.734,1161,"Rainfed","SeedCo","Private"
"Malawi",2020,"E0159","G101","L017",2,0,0,0,46,"Purple","Tawny",108,2,0,1,75,0,4282.8,0,3,0,0,0,0,0,0,0,3,0,0,NA,NA,"12/17/2020","4/28/2021",-13.68,32.734,1161,"Rainfed","SeedCo","Private"
"Malawi",2020,"E0159","G107","L017",2,0,0,0,46,"Purple","Tawny",113,1,0,1.666666667,74,0,3768.566667,0,3,0,0,0,0,0,0,0,1,0,0,NA,NA,"12/17/2020","4/28/2021",-13.68,32.734,1161,"Rainfed","SeedCo","Private"
"Malawi",2020,"E0159","G121","L017",2,0,0,0,46.33333333,"Purple","Tawny",111,2,0,1.333333333,91,0,3338.766667,0,1,0,0,0,0,0,0,0,1,0,0,NA,NA,"12/17/2020","4/28/2021",-13.68,32.734,1161,"Rainfed","CSIRO Agriculture and Food","Public"
"Malawi",2020,"E0159","G133","L017",2,0,0,0,53,"White","Tawny",116,2,0,2,79.53333333,0,2721.1,0,2,0,0,0,0,0,0,0,2,0,0,NA,NA,"12/17/2020","4/28/2021",-13.68,32.734,1161,"Rainfed","SeedCo","Private"
"Malawi",2020,"E0159","G136","L017",2,0,0,0,51.33333333,"White","Grey",108,1,0,1.666666667,92.66666667,0,1991.033333,0,2,0,0,0,0,0,0,0,1,0,0,NA,NA,"12/17/2020","4/28/2021",-13.68,32.734,1161,"Rainfed","Ethiopian Institute of Agricultural Research EIAR","Public"
"Malawi",2020,"E0159","G137","L017",2,0,0,0,46,"Purple","Grey",113,1,0,1.333333333,83.06666667,0,3188.833333,0,2,0,0,0,0,0,0,0,2,0,0,NA,NA,"12/17/2020","4/28/2021",-13.68,32.734,1161,"Rainfed","SeedCo","Private"
"Malawi",2020,"E0159","G138","L017",2,0,0,0,41.66666667,"Purple","Grey",106,2,0,1.333333333,77.66666667,0,3680.133333,0,2,0,0,0,0,0,0,0,1,0,0,NA,NA,"12/17/2020","4/28/2021",-13.68,32.734,1161,"Rainfed","SeedCo","Private"
"Malawi",2020,"E0159","G141","L017",2,0,0,0,51.66666667,"Purple","Grey",113,2,0,1.666666667,93.06666667,0,3476.6,0,3,0,0,0,0,0,0,0,4,0,0,NA,NA,"12/17/2020","4/28/2021",-13.68,32.734,1161,"Rainfed","SeedCo","Private"
"Malawi",2020,"E0159","G142","L017",2,0,0,0,49.66666667,"Purple","Grey",116,2,0,1.333333333,84.33333333,0,4507.766667,0,2,0,0,0,0,0,0,0,2,0,0,NA,NA,"12/17/2020","4/28/2021",-13.68,32.734,1161,"Rainfed","SeedCo","Private"
"Malawi",2020,"E0159","G143","L017",2,0,0,0,46.33333333,"Purple","Tawny",108,1,0,1.666666667,81.66666667,0,2918.033333,0,2,0,0,0,0,0,0,0,1,0,0,NA,NA,"12/17/2020","4/28/2021",-13.68,32.734,1161,"Rainfed","SeedCo","Private"
"Malawi",2020,"E0159","G144","L017",2,0,0,0,51.33333333,"Purple","Grey",108,1,0,1.333333333,51,0,2718.566667,0,2,0,0,0,0,0,0,0,3,0,0,NA,NA,"12/17/2020","4/28/2021",-13.68,32.734,1161,"Rainfed","SeedCo","Private"
"Malawi",2020,"E0159","G145","L017",2,0,0,0,46.33333333,"Purple","Tawny",108,2,0,1.666666667,89.7,0,2984.033333,0,3,0,0,0,0,0,0,0,2,0,0,NA,NA,"12/17/2020","4/28/2021",-13.68,32.734,1161,"Rainfed","SeedCo","Private"
"Malawi",2020,"E0159","G146","L017",2,0,0,0,49.66666667,"Purple","Grey",111,1,0,1.333333333,98.33333333,0,2791.066667,0,3,0,0,0,0,0,0,0,1,0,0,NA,NA,"12/17/2020","4/28/2021",-13.68,32.734,1161,"Rainfed","SeedCo","Private"
"Malawi",2020,"E0159","G188","L017",2,1,0,0,45.66666667,"Purple","Tawny",111,3,0,1.666666667,73,0,2898.466667,0,2,0,0,0,0,0,0,0,2,0,0,NA,NA,"12/17/2020","4/28/2021",-13.68,32.734,1161,"Rainfed","International Institute of Tropical Agriculture IITA","Public"
"Malawi",2020,"E0159","G193","L017",2,0,0,0,45,"Purple","Grey",111,3,0,1,88.66666667,0,3244.966667,0,3,0,0,0,0,0,0,0,2,0,0,NA,NA,"12/17/2020","4/28/2021",-13.68,32.734,1161,"Rainfed","International Institute of Tropical Agriculture IITA","Public"
"Malawi",2020,"E0159","G204","L017",2,0,0,0,51.33333333,"Purple","Tawny",106,3,0,1.333333333,67.66666667,0,2835.766667,0,3,0,0,0,0,0,0,0,1,0,0,NA,NA,"12/17/2020","4/28/2021",-13.68,32.734,1161,"Rainfed","International Institute of Tropical Agriculture IITA","Public"
"Malawi",2020,"E0159","G214","L017",2,0,0,0,52,"Purple","Tawny",111,1,0,1.333333333,75,0,4095.333333,0,3,0,0,0,0,0,0,0,3,0,0,NA,NA,"12/17/2020","4/28/2021",-13.68,32.734,1161,"Rainfed","International Institute of Tropical Agriculture IITA","Public"
"Malawi",2020,"E0159","G215","L017",2,0,0,0,46,"Purple","Tawny",108,2,0,1.333333333,85.33333333,0,3294.033333,0,4,0,0,0,0,0,0,0,3,0,0,NA,NA,"12/17/2020","4/28/2021",-13.68,32.734,1161,"Rainfed","International Institute of Tropical Agriculture IITA","Public"
"Malawi",2020,"E0159","G233","L017",2,0,0,0,52,"White","Tawny",111,1,0,1.666666667,86.6,0,2677.7,0,3,0,0,0,0,0,0,0,3,0,0,NA,NA,"12/17/2020","4/28/2021",-13.68,32.734,1161,"Rainfed","International Institute of Tropical Agriculture IITA","Public"
"Malawi",2020,"E0159","G241","L017",2,0,0,0,46.66666667,"Purple","Tawny",108,1,0,1.666666667,86.9,0,2369.566667,0,1,0,0,0,0,0,0,0,3,0,0,NA,NA,"12/17/2020","4/28/2021",-13.68,32.734,1161,"Rainfed","International Institute of Tropical Agriculture IITA","Public"
"Malawi",2020,"E0159","G275","L017",2,0,0,0,53,"Purple","Tawny",123,3,0,1.666666667,115.3333333,0,1333.2,0,3,0,0,0,0,0,0,0,2,0,0,NA,NA,"12/17/2020","4/28/2021",-13.68,32.734,1161,"Rainfed","International Institute of Tropical Agriculture IITA","Public"
"Malawi",2020,"E0159","G278","L017",2,0,0,0,48.66666667,"White","Tawny",116,3,0,1,94.16666667,0,1914.466667,0,1,0,0,0,0,0,0,0,1,0,0,NA,NA,"12/17/2020","4/28/2021",-13.68,32.734,1161,"Rainfed","International Institute of Tropical Agriculture IITA","Public"
"Malawi",2020,"E0159","G283","L017",2,0,0,0,53,"White","Grey",112.6666667,4,0,2,100.6666667,0,2413.5,0,2,0,0,0,0,0,0,0,1,0,0,NA,NA,"12/17/2020","4/28/2021",-13.68,32.734,1161,"Rainfed","International Institute of Tropical Agriculture IITA","Public"
"Malawi",2020,"E0159","G285","L017",2,0,0,0,46.33333333,"Purple","Tawny",120,1,0,1.333333333,131.3333333,0,1733.433333,0,2,0,0,0,0,0,0,0,3,0,0,NA,NA,"12/17/2020","4/28/2021",-13.68,32.734,1161,"Rainfed","International Institute of Tropical Agriculture IITA","Public"
"Malawi",2020,"E0159","G287","L017",2,0,0,0,46.33333333,"White","Tawny",120,1,0,1.333333333,133,0,2242.166667,0,3,0,0,0,0,0,0,0,2,0,0,NA,NA,"12/17/2020","4/28/2021",-13.68,32.734,1161,"Rainfed","International Institute of Tropical Agriculture IITA","Public"
"Malawi",2020,"E0159","G290","L017",2,0,0,0,46.33333333,"Purple","Grey",116,3,0,1.666666667,99.23333333,0,2593.833333,0,2,0,0,0,0,0,0,0,2,0,0,NA,NA,"12/17/2020","4/28/2021",-13.68,32.734,1161,"Rainfed","International Institute of Tropical Agriculture IITA","Public"
"Malawi",2020,"E0159","G294","L017",2,0,0,0,46.33333333,"White","Tawny",111,1,0,1.333333333,89.46666667,0,1906.333333,0,2,0,0,0,0,0,0,0,1,0,0,NA,NA,"12/17/2020","4/28/2021",-13.68,32.734,1161,"Rainfed","International Institute of Tropical Agriculture IITA","Public"
"Malawi",2020,"E0159","G297","L017",2,0,0,0,43.66666667,"Purple","Grey",116,2,0,2.333333333,108.6666667,0,2100.066667,0,3,0,0,0,0,0,0,0,3,0,0,NA,NA,"12/17/2020","4/28/2021",-13.68,32.734,1161,"Rainfed","International Institute of Tropical Agriculture IITA","Public"
"Malawi",2020,"E0159","G365","L017",2,1,0,0,46.66666667,"Purple","Tawny",113,2,0,2,74.66666667,0,2992.433333,0,1,0,0,0,0,0,0,0,4,0,0,NA,NA,"12/17/2020","4/28/2021",-13.68,32.734,1161,"Rainfed","Department of Agricultural Research Services DARS","Public"
"Malawi",2020,"E0157","G006","L010",2,0,0,0,39.33333333,"Purple",NA,104.3333333,1,0,0,75.88666667,0,1464.766667,0,0,0,0,0,0,0,0,0,0,1,0,40.95,21.25,"12/26/2020","4/22/2021",-13.673,34.266,599,"Rainfed","Agricultural Research Council ARC","Public"
"Malawi",2020,"E0157","G018","L010",2,0,0,0,40.66666667,"Purple",NA,107.6666667,1,0,0,49.18,0,2010.9,0,0,0,0,0,0,0,0,0,0,1,0,44.32333333,20.61333333,"12/26/2020","4/22/2021",-13.673,34.266,599,"Rainfed","Ethiopian Institute of Agricultural Research EIAR","Public"
"Malawi",2020,"E0157","G032","L010",2,0,0,0,39,"Purple",NA,104.6666667,1,0,0,59.2,0,1830.933333,0,0,0,0,0,0,0,0,0,0,1,0,42.56,20.25,"12/26/2020","4/22/2021",-13.673,34.266,599,"Rainfed","CSIRO Agriculture and Food","Public"
"Malawi",2020,"E0157","G056","L010",2,0,0,0,39,"Purple",NA,104.6666667,1,0,0,44.46666667,0,1430.8,0,0,0,0,0,0,0,0,0,0,1,0,39.13333333,21.92666667,"12/26/2020","4/22/2021",-13.673,34.266,599,"Rainfed","ZamSeed","Private"
"Malawi",2020,"E0157","G058","L010",2,0,0,0,40,"White",NA,110,1,0,0,48.86666667,0,1071.3,0,0,0,0,0,0,0,0,0,0,1,0,42.45333333,21.44,"12/26/2020","4/22/2021",-13.673,34.266,599,"Rainfed","CSIRO Agriculture and Food","Public"
"Malawi",2020,"E0157","G065","L010",2,1,0,0,39.33333333,"Purple",NA,108.6666667,1,0,0,58.2,0,1800.066667,0,0,0,0,0,0,0,0,0,0,1,0,43.11333333,19.13,"12/26/2020","4/22/2021",-13.673,34.266,599,"Rainfed","Department of Agricultural Research Services DARS","Public"
"Malawi",2020,"E0157","G068","L010",2,0,0,0,40,"White",NA,103,1,0,0,39.68,0,1653.533333,0,0,0,0,0,0,0,0,0,0,1,0,41.91333333,20.89333333,"12/26/2020","4/22/2021",-13.673,34.266,599,"Rainfed","Crop Breeding Institute CBI","Public"
"Malawi",2020,"E0157","G073","L010",2,0,0,0,41,"White",NA,107,1,0,0,45.86666667,0,2002.766667,0,0,0,0,0,0,0,0,0,0,1,0,42.44,20.36333333,"12/26/2020","4/22/2021",-13.673,34.266,599,"Rainfed","CSIRO Agriculture and Food","Public"
"Malawi",2020,"E0157","G075","L010",2,0,0,0,40,"White",NA,106,1,0,0,42.30666667,0,1940.533333,0,0,0,0,0,0,0,0,0,0,1,0,44.42,19.32333333,"12/26/2020","4/22/2021",-13.673,34.266,599,"Rainfed","CSIRO Agriculture and Food","Public"
"Malawi",2020,"E0157","G092","L010",2,0,0,0,40,"Purple",NA,108.6666667,1,0,0,74,0,2177.766667,0,0,0,0,0,0,0,0,0,0,1,0,42.68333333,20.37333333,"12/26/2020","4/22/2021",-13.673,34.266,599,"Rainfed","SeedCo","Private"
"Malawi",2020,"E0157","G098","L010",2,0,0,0,38,"Purple",NA,109,1,0,0,53.6,0,2931.3,0,0,0,0,0,0,0,0,0,0,1,0,43.79333333,21.06,"12/26/2020","4/22/2021",-13.673,34.266,599,"Rainfed","SeedCo","Private"
"Malawi",2020,"E0157","G101","L010",2,0,0,0,39.33333333,"Purple",NA,108,1,0,0,63.33333333,0,1773.1,0,0,0,0,0,0,0,0,0,0,1,0,41.91666667,20.52666667,"12/26/2020","4/22/2021",-13.673,34.266,599,"Rainfed","SeedCo","Private"
"Malawi",2020,"E0157","G107","L010",2,0,0,0,40,"Purple",NA,110.3333333,1,0,0,53.88666667,0,3098.933333,0,0,0,0,0,0,0,0,0,0,1,0,44.34333333,21.36,"12/26/2020","4/22/2021",-13.673,34.266,599,"Rainfed","SeedCo","Private"
"Malawi",2020,"E0157","G121","L010",2,0,0,0,40,"Purple",NA,110,1,0,0,90.06666667,0,2852,0,0,0,0,0,0,0,0,0,0,1,0,42.33,20.71333333,"12/26/2020","4/22/2021",-13.673,34.266,599,"Rainfed","CSIRO Agriculture and Food","Public"
"Malawi",2020,"E0157","G133","L010",2,0,0,0,42,"White",NA,109.6666667,1,0,0,62.6,0,2221.766667,0,0,0,0,0,0,0,0,0,0,1,0,43.86333333,20.27,"12/26/2020","4/22/2021",-13.673,34.266,599,"Rainfed","SeedCo","Private"
"Malawi",2020,"E0157","G136","L010",2,0,0,0,39,"White",NA,109.6666667,1,0,0,67.8,0,1909.7,0,0,0,0,0,0,0,0,0,0,1,0,45.58,20.74333333,"12/26/2020","4/22/2021",-13.673,34.266,599,"Rainfed","Ethiopian Institute of Agricultural Research EIAR","Public"
"Malawi",2020,"E0157","G137","L010",2,0,0,0,39,"Purple",NA,107.3333333,1,0,0,81.46666667,0,2054.333333,0,0,0,0,0,0,0,0,0,0,1,0,42.305,21.68,"12/26/2020","4/22/2021",-13.673,34.266,599,"Rainfed","SeedCo","Private"
"Malawi",2020,"E0157","G138","L010",2,0,0,0,39,"Purple",NA,108.6666667,1,0,0,59.53333333,0,2293.566667,0,0,0,0,0,0,0,0,0,0,1,0,41.07666667,21.97333333,"12/26/2020","4/22/2021",-13.673,34.266,599,"Rainfed","SeedCo","Private"
"Malawi",2020,"E0157","G141","L010",2,0,0,0,38,"Purple",NA,107,1,0,0,82.14,0,2107.866667,0,0,0,0,0,0,0,0,0,0,1,0,42.13,21.24,"12/26/2020","4/22/2021",-13.673,34.266,599,"Rainfed","SeedCo","Private"
"Malawi",2020,"E0157","G142","L010",2,0,0,0,40,"Purple",NA,108.6666667,1,0,0,52.46666667,0,2116.066667,0,0,0,0,0,0,0,0,0,0,1,0,42.18333333,22.76,"12/26/2020","4/22/2021",-13.673,34.266,599,"Rainfed","SeedCo","Private"
"Malawi",2020,"E0157","G143","L010",2,0,0,0,40,"White",NA,108.3333333,1,0,0,57.01333333,0,2540.3,0,0,0,0,0,0,0,0,0,0,1,0,40.13,23.2,"12/26/2020","4/22/2021",-13.673,34.266,599,"Rainfed","SeedCo","Private"
"Malawi",2020,"E0157","G144","L010",2,0,0,0,40,"Purple",NA,105,1,0,0,35,0,1374.333333,0,0,0,0,0,0,0,0,0,0,1,0,40.78333333,21.17,"12/26/2020","4/22/2021",-13.673,34.266,599,"Rainfed","SeedCo","Private"
"Malawi",2020,"E0157","G145","L010",2,0,0,0,38,"Purple",NA,108.6666667,1,0,0,77.4,0,2539.033333,0,0,0,0,0,0,0,0,0,0,1,0,40.82666667,20.17666667,"12/26/2020","4/22/2021",-13.673,34.266,599,"Rainfed","SeedCo","Private"
"Malawi",2020,"E0157","G146","L010",2,0,0,0,40,"Purple",NA,109.6666667,1,0,0,58.69333333,0,1400.533333,0,0,0,0,0,0,0,0,0,0,1,0,40.83,21.89333333,"12/26/2020","4/22/2021",-13.673,34.266,599,"Rainfed","SeedCo","Private"
"Malawi",2020,"E0157","G188","L010",2,1,0,0,41,"Purple",NA,106.6666667,1,0,0,74.95333333,0,2060.833333,0,0,0,0,0,0,0,0,0,0,1,0,41.45666667,20.01,"12/26/2020","4/22/2021",-13.673,34.266,599,"Rainfed","International Institute of Tropical Agriculture IITA","Public"
"Malawi",2020,"E0157","G193","L010",2,0,0,0,40.33333333,"Purple",NA,108.3333333,1,0,0,67.66666667,0,2889.866667,0,0,0,0,0,0,0,0,0,0,1,0,42.63333333,18.70666667,"12/26/2020","4/22/2021",-13.673,34.266,599,"Rainfed","International Institute of Tropical Agriculture IITA","Public"
"Malawi",2020,"E0157","G204","L010",2,0,0,0,40,"Purple",NA,103,1,0,0,59.67333333,0,2523.533333,0,0,0,0,0,0,0,0,0,0,1,0,42.08333333,20.41333333,"12/26/2020","4/22/2021",-13.673,34.266,599,"Rainfed","International Institute of Tropical Agriculture IITA","Public"
"Malawi",2020,"E0157","G214","L010",2,0,0,0,39,"Purple",NA,108,1,0,0,76.47333333,0,2363.833333,0,0,0,0,0,0,0,0,0,0,1,0,44.00333333,19.42,"12/26/2020","4/22/2021",-13.673,34.266,599,"Rainfed","International Institute of Tropical Agriculture IITA","Public"
"Malawi",2020,"E0157","G215","L010",2,0,0,0,39,"Purple",NA,105.3333333,1,0,0,59.15333333,0,2370.633333,0,0,0,0,0,0,0,0,0,0,1,0,44.22333333,19.97333333,"12/26/2020","4/22/2021",-13.673,34.266,599,"Rainfed","International Institute of Tropical Agriculture IITA","Public"
"Malawi",2020,"E0157","G233","L010",2,0,0,0,41,"White",NA,110,3,0,0,76.73333333,0,1896.466667,0,0,0,0,0,0,0,0,0,0,1,0,42.48666667,21.10666667,"12/26/2020","4/22/2021",-13.673,34.266,599,"Rainfed","International Institute of Tropical Agriculture IITA","Public"
"Malawi",2020,"E0157","G241","L010",2,0,0,0,39,"Purple",NA,103.6666667,1,0,0,74.34,0,2101.7,0,0,0,0,0,0,0,0,0,0,1,0,42.42333333,19.19333333,"12/26/2020","4/22/2021",-13.673,34.266,599,"Rainfed","International Institute of Tropical Agriculture IITA","Public"
"Malawi",2020,"E0157","G275","L010",2,0,0,0,38,"Purple",NA,108,5,0,0,104.7333333,0,956.9666667,0,0,0,0,0,0,0,0,0,0,1,0,47.36333333,18.83333333,"12/26/2020","4/22/2021",-13.673,34.266,599,"Rainfed","International Institute of Tropical Agriculture IITA","Public"
"Malawi",2020,"E0157","G278","L010",2,0,0,0,40,"White",NA,109,1,0,0,94.86666667,0,1971.3,0,0,0,0,0,0,0,0,0,0,1,0,43.46666667,20.58333333,"12/26/2020","4/22/2021",-13.673,34.266,599,"Rainfed","International Institute of Tropical Agriculture IITA","Public"
"Malawi",2020,"E0157","G283","L010",2,0,0,0,42,"White",NA,110,5,0,0,98.6,0,1744.866667,0,0,0,0,0,0,0,0,0,0,1,0,44.4,20.23666667,"12/26/2020","4/22/2021",-13.673,34.266,599,"Rainfed","International Institute of Tropical Agriculture IITA","Public"
"Malawi",2020,"E0157","G285","L010",2,0,0,0,38.66666667,"Purple",NA,103.3333333,3,0,0,101.6666667,0,1484.9,0,0,0,0,0,0,0,0,0,0,1,0,40.95666667,21.85333333,"12/26/2020","4/22/2021",-13.673,34.266,599,"Rainfed","International Institute of Tropical Agriculture IITA","Public"
"Malawi",2020,"E0157","G287","L010",2,0,0,0,39,"White",NA,109,1,0,0,104.2,0,1204.733333,0,0,0,0,0,0,0,0,0,0,1,0,42.62333333,20.82666667,"12/26/2020","4/22/2021",-13.673,34.266,599,"Rainfed","International Institute of Tropical Agriculture IITA","Public"
"Malawi",2020,"E0157","G290","L010",2,0,0,0,38.66666667,"Purple",NA,109,5,0,0,98.46666667,0,1746.933333,0,0,0,0,0,0,0,0,0,0,1,0,43.26333333,21.10666667,"12/26/2020","4/22/2021",-13.673,34.266,599,"Rainfed","International Institute of Tropical Agriculture IITA","Public"
"Malawi",2020,"E0157","G294","L010",2,0,0,0,40,"White",NA,105.6666667,4,0,0,99.13333333,0,1652.6,0,0,0,0,0,0,0,0,0,0,1,0,43.09,20.89,"12/26/2020","4/22/2021",-13.673,34.266,599,"Rainfed","International Institute of Tropical Agriculture IITA","Public"
"Malawi",2020,"E0157","G297","L010",2,0,0,0,39,"Purple",NA,107.3333333,5,0,0,88.06666667,0,1714.133333,0,0,0,0,0,0,0,0,0,0,1,0,44.78333333,20.19,"12/26/2020","4/22/2021",-13.673,34.266,599,"Rainfed","International Institute of Tropical Agriculture IITA","Public"
"Malawi",2020,"E0157","G365","L010",2,1,0,0,39,"Purple",NA,103.6666667,1,0,0,59.84,0,2099.866667,0,0,0,0,0,0,0,0,0,0,1,0,41.79333333,20.29666667,"12/26/2020","4/22/2021",-13.673,34.266,599,"Rainfed","Department of Agricultural Research Services DARS","Public"
"Zambia",2020,"E0172","G002","L074",2,0,0,0,46.33333333,"White",NA,71.66666667,0,0,0,0,0,3351.536667,0,0,0,0,0,0,0,0,0,0,0,0,NA,NA,"12/12/2020","5/12/2021",-13.559,28.155,1195,"Rainfed","CSIRO Agriculture and Food","Public"
"Zambia",2020,"E0172","G006","L074",2,0,0,0,47.66666667,"Purple",NA,108.3333333,0,0,0,0,0,3044.813333,0,0,0,0,0,0,0,0,0,0,0,0,NA,NA,"12/12/2020","5/12/2021",-13.559,28.155,1195,"Rainfed","Agricultural Research Council ARC","Public"
"Zambia",2020,"E0172","G018","L074",2,0,0,0,51.66666667,"Purple",NA,110.6666667,0,0,0,0,0,3162.173333,0,0,0,0,0,0,0,0,0,0,0,0,NA,NA,"12/12/2020","5/12/2021",-13.559,28.155,1195,"Rainfed","Ethiopian Institute of Agricultural Research EIAR","Public"
"Zambia",2020,"E0172","G032","L074",2,0,0,0,46.66666667,"Purple",NA,100.3333333,0,0,0,0,0,3346.293333,0,0,0,0,0,0,0,0,0,0,0,0,NA,NA,"12/12/2020","5/12/2021",-13.559,28.155,1195,"Rainfed","CSIRO Agriculture and Food","Public"
"Zambia",2020,"E0172","G033","L074",2,0,0,0,46.33333333,"Purple",NA,97,0,0,0,0,0,3373.196667,0,0,0,0,0,0,0,0,0,0,0,0,NA,NA,"12/12/2020","5/12/2021",-13.559,28.155,1195,"Rainfed","International Institute of Tropical Agriculture IITA","Public"
"Zambia",2020,"E0172","G034","L074",2,0,0,0,53,"Purple",NA,114.3333333,0,0,0,0,0,3119.623333,0,0,0,0,0,0,0,0,0,0,0,0,NA,NA,"12/12/2020","5/12/2021",-13.559,28.155,1195,"Rainfed","ZamSeed","Private"
"Zambia",2020,"E0172","G056","L074",2,0,0,0,46.33333333,"Purple",NA,109.3333333,0,0,0,0,0,3130.6,0,0,0,0,0,0,0,0,0,0,0,0,NA,NA,"12/12/2020","5/12/2021",-13.559,28.155,1195,"Rainfed","ZamSeed","Private"
"Zambia",2020,"E0172","G058","L074",2,0,0,0,50.66666667,"White",NA,111,0,0,0,0,0,2614.813333,0,0,0,0,0,0,0,0,0,0,0,0,NA,NA,"12/12/2020","5/12/2021",-13.559,28.155,1195,"Rainfed","CSIRO Agriculture and Food","Public"
"Zambia",2020,"E0172","G068","L074",2,0,0,0,45.66666667,"White",NA,107.3333333,0,0,0,0,0,3935.803333,0,0,0,0,0,0,0,0,0,0,0,0,NA,NA,"12/12/2020","5/12/2021",-13.559,28.155,1195,"Rainfed","Crop Breeding Institute CBI","Public"
"Zambia",2020,"E0172","G070","L074",2,0,0,0,60,"Purple",NA,119.3333333,0,0,0,0,0,2409.323333,0,0,0,0,0,0,0,0,0,0,0,0,NA,NA,"12/12/2020","5/12/2021",-13.559,28.155,1195,"Rainfed","MRISyngenta Synergy Agribusiness Zambia Limited","Private"
"Zambia",2020,"E0172","G073","L074",2,0,0,0,47.66666667,"White",NA,109.3333333,0,0,0,0,0,2811.65,0,0,0,0,0,0,0,0,0,0,0,0,NA,NA,"12/12/2020","5/12/2021",-13.559,28.155,1195,"Rainfed","CSIRO Agriculture and Food","Public"
"Zambia",2020,"E0172","G075","L074",2,0,0,0,49,"White",NA,108,0,0,0,0,0,1921.116667,0,0,0,0,0,0,0,0,0,0,0,0,NA,NA,"12/12/2020","5/12/2021",-13.559,28.155,1195,"Rainfed","CSIRO Agriculture and Food","Public"
"Zambia",2020,"E0172","G092","L074",2,0,0,0,54.33333333,"Purple",NA,111.6666667,0,0,0,0,0,3365.21,0,0,0,0,0,0,0,0,0,0,0,0,NA,NA,"12/12/2020","5/12/2021",-13.559,28.155,1195,"Rainfed","SeedCo","Private"
"Zambia",2020,"E0172","G098","L074",2,0,0,0,47.66666667,"Purple",NA,109.6666667,0,0,0,0,0,3161.46,0,0,0,0,0,0,0,0,0,0,0,0,NA,NA,"12/12/2020","5/12/2021",-13.559,28.155,1195,"Rainfed","SeedCo","Private"
"Zambia",2020,"E0172","G101","L074",2,0,0,0,50,"Purple",NA,112.6666667,0,0,0,0,0,3384.523333,0,0,0,0,0,0,0,0,0,0,0,0,NA,NA,"12/12/2020","5/12/2021",-13.559,28.155,1195,"Rainfed","SeedCo","Private"
"Zambia",2020,"E0172","G105","L074",2,0,0,0,48.33333333,"Purple",NA,112.3333333,0,0,0,0,0,3702.596667,0,0,0,0,0,0,0,0,0,0,0,0,NA,NA,"12/12/2020","5/12/2021",-13.559,28.155,1195,"Rainfed","SeedCo","Private"
"Zambia",2020,"E0172","G107","L074",2,0,0,0,51.66666667,"Purple",NA,113.3333333,0,0,0,0,0,3244.376667,0,0,0,0,0,0,0,0,0,0,0,0,NA,NA,"12/12/2020","5/12/2021",-13.559,28.155,1195,"Rainfed","SeedCo","Private"
"Zambia",2020,"E0172","G109","L074",2,0,0,0,48.33333333,"Purple",NA,113.3333333,0,0,0,0,0,3972.67,0,0,0,0,0,0,0,0,0,0,0,0,NA,NA,"12/12/2020","5/12/2021",-13.559,28.155,1195,"Rainfed","SeedCo","Private"
"Zambia",2020,"E0172","G111","L074",2,0,0,0,53,"White",NA,111.3333333,0,0,0,0,0,3066.976667,0,0,0,0,0,0,0,0,0,0,0,0,NA,NA,"12/12/2020","5/12/2021",-13.559,28.155,1195,"Rainfed","SeedCo","Private"
"Zambia",2020,"E0172","G113","L074",2,0,0,0,53.33333333,"Purple",NA,112.6666667,0,0,0,0,0,3601.056667,0,0,0,0,0,0,0,0,0,0,0,0,NA,NA,"12/12/2020","5/12/2021",-13.559,28.155,1195,"Rainfed","SeedCo","Private"
"Zambia",2020,"E0172","G116","L074",2,0,0,0,50.33333333,"Purple",NA,111.6666667,0,0,0,0,0,2563.703333,0,0,0,0,0,0,0,0,0,0,0,0,NA,NA,"12/12/2020","5/12/2021",-13.559,28.155,1195,"Rainfed","SeedCo","Private"
"Zambia",2020,"E0172","G133","L074",2,0,0,0,56,"White",NA,113.3333333,0,0,0,0,0,2864.193333,0,0,0,0,0,0,0,0,0,0,0,0,NA,NA,"12/12/2020","5/12/2021",-13.559,28.155,1195,"Rainfed","SeedCo","Private"
"Zambia",2020,"E0172","G136","L074",2,0,0,0,54.66666667,"White",NA,110.6666667,0,0,0,0,0,3082.296667,0,0,0,0,0,0,0,0,0,0,0,0,NA,NA,"12/12/2020","5/12/2021",-13.559,28.155,1195,"Rainfed","Ethiopian Institute of Agricultural Research EIAR","Public"
"Zambia",2020,"E0172","G137","L074",2,0,0,0,48.66666667,"Purple",NA,109.3333333,0,0,0,0,0,3016.263333,0,0,0,0,0,0,0,0,0,0,0,0,NA,NA,"12/12/2020","5/12/2021",-13.559,28.155,1195,"Rainfed","SeedCo","Private"
"Zambia",2020,"E0172","G138","L074",2,0,0,0,47.66666667,"Purple",NA,110.3333333,0,0,0,0,0,3697.753333,0,0,0,0,0,0,0,0,0,0,0,0,NA,NA,"12/12/2020","5/12/2021",-13.559,28.155,1195,"Rainfed","SeedCo","Private"
"Zambia",2020,"E0172","G141","L074",2,0,0,0,50,"Purple",NA,109.3333333,0,0,0,0,0,2712.566667,0,0,0,0,0,0,0,0,0,0,0,0,NA,NA,"12/12/2020","5/12/2021",-13.559,28.155,1195,"Rainfed","SeedCo","Private"
"Zambia",2020,"E0172","G142","L074",2,0,0,0,48.33333333,"Purple",NA,111,0,0,0,0,0,2781.973333,0,0,0,0,0,0,0,0,0,0,0,0,NA,NA,"12/12/2020","5/12/2021",-13.559,28.155,1195,"Rainfed","SeedCo","Private"
"Zambia",2020,"E0172","G143","L074",2,0,0,0,48.66666667,"White",NA,109,0,0,0,0,0,2287.816667,0,0,0,0,0,0,0,0,0,0,0,0,NA,NA,"12/12/2020","5/12/2021",-13.559,28.155,1195,"Rainfed","SeedCo","Private"
"Zambia",2020,"E0172","G144","L074",2,0,0,0,48.33333333,"Purple",NA,110,0,0,0,0,0,3205.483333,0,0,0,0,0,0,0,0,0,0,0,0,NA,NA,"12/12/2020","5/12/2021",-13.559,28.155,1195,"Rainfed","SeedCo","Private"
"Zambia",2020,"E0172","G145","L074",2,0,0,0,50.33333333,"Purple",NA,115,0,0,0,0,0,3404.256667,0,0,0,0,0,0,0,0,0,0,0,0,NA,NA,"12/12/2020","5/12/2021",-13.559,28.155,1195,"Rainfed","SeedCo","Private"
"Zambia",2020,"E0172","G146","L074",2,0,0,0,48,"Purple",NA,114,0,0,0,0,0,2716.575,0,0,0,0,0,0,0,0,0,0,0,0,NA,NA,"12/12/2020","5/12/2021",-13.559,28.155,1195,"Rainfed","SeedCo","Private"
"Zambia",2020,"E0172","G188","L074",2,0,0,0,48.33333333,"Purple",NA,103,0,0,0,0,0,3195.316667,0,0,0,0,0,0,0,0,0,0,0,0,NA,NA,"12/12/2020","5/12/2021",-13.559,28.155,1195,"Rainfed","International Institute of Tropical Agriculture IITA","Public"
"Zambia",2020,"E0172","G193","L074",2,0,0,0,55.33333333,"Purple",NA,110.6666667,0,0,0,0,0,2842.926667,0,0,0,0,0,0,0,0,0,0,0,0,NA,NA,"12/12/2020","5/12/2021",-13.559,28.155,1195,"Rainfed","International Institute of Tropical Agriculture IITA","Public"
"Zambia",2020,"E0172","G204","L074",2,0,0,0,47.66666667,"Purple",NA,101,0,0,0,0,0,3482.326667,0,0,0,0,0,0,0,0,0,0,0,0,NA,NA,"12/12/2020","5/12/2021",-13.559,28.155,1195,"Rainfed","International Institute of Tropical Agriculture IITA","Public"
"Zambia",2020,"E0172","G214","L074",2,0,0,0,52,"Purple",NA,108,0,0,0,0,0,3125.326667,0,0,0,0,0,0,0,0,0,0,0,0,NA,NA,"12/12/2020","5/12/2021",-13.559,28.155,1195,"Rainfed","International Institute of Tropical Agriculture IITA","Public"
"Zambia",2020,"E0172","G215","L074",2,0,0,0,50.33333333,"Purple",NA,109,0,0,0,0,0,2984.07,0,0,0,0,0,0,0,0,0,0,0,0,NA,NA,"12/12/2020","5/12/2021",-13.559,28.155,1195,"Rainfed","International Institute of Tropical Agriculture IITA","Public"
"Zambia",2020,"E0172","G219","L074",2,0,0,0,51.66666667,"White",NA,110,0,0,0,0,0,2241.823333,0,0,0,0,0,0,0,0,0,0,0,0,NA,NA,"12/12/2020","5/12/2021",-13.559,28.155,1195,"Rainfed","International Institute of Tropical Agriculture IITA","Public"
"Zambia",2020,"E0172","G233","L074",2,0,0,0,46.33333333,"White",NA,111,0,0,0,0,0,2871.443333,0,0,0,0,0,0,0,0,0,0,0,0,NA,NA,"12/12/2020","5/12/2021",-13.559,28.155,1195,"Rainfed","International Institute of Tropical Agriculture IITA","Public"
"Zambia",2020,"E0172","G241","L074",2,0,0,0,52.66666667,"Purple",NA,109.6666667,0,0,0,0,0,2917.26,0,0,0,0,0,0,0,0,0,0,0,0,NA,NA,"12/12/2020","5/12/2021",-13.559,28.155,1195,"Rainfed","International Institute of Tropical Agriculture IITA","Public"
"Zambia",2020,"E0172","G244","L074",2,0,0,0,50.33333333,"Purple",NA,109.3333333,0,0,0,0,0,3284.913333,0,0,0,0,0,0,0,0,0,0,0,0,NA,NA,"12/12/2020","5/12/2021",-13.559,28.155,1195,"Rainfed","International Institute of Tropical Agriculture IITA","Public"
"Malawi",2020,"E0161","G006","L016",2,0,0,0,39.33333333,"Purple","Grey",96.66666667,1,0,1,43.93333333,0,3051.1,1,2,0,0,1,0,0,1,1,4,0,1,37.61333333,21.12333333,"12/8/2020","4/21/2021",-13.407,33.621,1111,"Rainfed","Agricultural Research Council ARC","Public"
"Malawi",2020,"E0161","G018","L016",2,0,0,0,41.66666667,"Purple","Tawny",98.66666667,1,0,1,44,0,3086.633333,1,2,0,0,1,0,0,1,1,4,0,1,42.07666667,20.90666667,"12/8/2020","4/21/2021",-13.407,33.621,1111,"Rainfed","Ethiopian Institute of Agricultural Research EIAR","Public"
"Malawi",2020,"E0161","G032","L016",2,0,0,0,42.66666667,"Purple","Tawny",78.33333333,1,0,1,70.13333333,0,3802.2,1,1,0,0,1,0,0,1,1,2,0,1,38.3,21.11666667,"12/8/2020","4/21/2021",-13.407,33.621,1111,"Rainfed","CSIRO Agriculture and Food","Public"
"Malawi",2020,"E0161","G056","L016",2,0,0,0,42.33333333,"Purple","Grey",98.33333333,1,0,1,55,0,3199.833333,1,2,0,0,1,0,0,1,1,3,0,1,36.18,21.715,"12/8/2020","4/21/2021",-13.407,33.621,1111,"Rainfed","ZamSeed","Private"
"Malawi",2020,"E0161","G058","L016",2,0,0,0,45.33333333,"White","Tawny",99.33333333,1,0,1,58.26666667,0,3212.433333,1,1,0,0,1,0,0,1,1,2,0,1,39.73,20.42666667,"12/8/2020","4/21/2021",-13.407,33.621,1111,"Rainfed","CSIRO Agriculture and Food","Public"
"Malawi",2020,"E0161","G065","L016",2,1,0,0,45,"Purple","Grey",100.6666667,1,0,1,81.66666667,0,2826.5,1,1,0,0,1,0,0,1,1,3,0,1,43.44666667,18.69666667,"12/8/2020","4/21/2021",-13.407,33.621,1111,"Rainfed","Department of Agricultural Research Services DARS","Public"
"Malawi",2020,"E0161","G068","L016",2,0,0,0,37,"White","Grey",92.66666667,1,0,1,48.26666667,0,3110.466667,1,2,0,0,1,0,0,1,1,2,0,1,37.98,21.45333333,"12/8/2020","4/21/2021",-13.407,33.621,1111,"Rainfed","Crop Breeding Institute CBI","Public"
"Malawi",2020,"E0161","G073","L016",2,0,0,0,41.33333333,"White","Tawny",94,1,0,1,47.73333333,0,3787.5,1,2,0,0,1,0,0,1,1,3,0,1,38.59,20.45666667,"12/8/2020","4/21/2021",-13.407,33.621,1111,"Rainfed","CSIRO Agriculture and Food","Public"
"Malawi",2020,"E0161","G075","L016",2,0,0,0,44.33333333,"White","Tawny",89,1,0,1,58.73333333,0,2630.2,1,1,0,0,1,0,0,1,1,2,0,1,38.48333333,20.97333333,"12/8/2020","4/21/2021",-13.407,33.621,1111,"Rainfed","CSIRO Agriculture and Food","Public"
"Malawi",2020,"E0161","G092","L016",2,0,0,0,46,"Purple","Grey",92.33333333,1,0,1,78.46666667,0,2842.966667,1,1,0,0,1,0,0,1,2,3,0,1,37.53666667,21.17333333,"12/8/2020","4/21/2021",-13.407,33.621,1111,"Rainfed","SeedCo","Private"
"Malawi",2020,"E0161","G098","L016",2,0,0,0,40.66666667,"Purple","Grey",100,1,0,1,57.2,0,3801.2,1,2,0,0,1,0,0,1,1,3,0,1,38.35333333,22.5,"12/8/2020","4/21/2021",-13.407,33.621,1111,"Rainfed","SeedCo","Private"
"Malawi",2020,"E0161","G101","L016",2,0,0,0,44,"Purple","Grey",101.6666667,1,0,1,52.66666667,0,3811.966667,1,2,0,0,1,0,0,1,1,2,0,1,38.08333333,20.79666667,"12/8/2020","4/21/2021",-13.407,33.621,1111,"Rainfed","SeedCo","Private"
"Malawi",2020,"E0161","G107","L016",2,0,0,0,44.66666667,"Purple","Tawny",101,1,0,1,56.73333333,0,3761.866667,1,2,0,0,1,0,0,1,1,3,0,1,39.45333333,21.71,"12/8/2020","4/21/2021",-13.407,33.621,1111,"Rainfed","SeedCo","Private"
"Malawi",2020,"E0161","G121","L016",2,0,0,0,48,"Purple","Tawny",88.33333333,1,0,1,91.93333333,0,3028.933333,1,1,0,0,1,0,0,1,1,1,0,1,40.05666667,19.94666667,"12/8/2020","4/21/2021",-13.407,33.621,1111,"Rainfed","CSIRO Agriculture and Food","Public"
"Malawi",2020,"E0161","G133","L016",2,0,0,0,49.66666667,"White","Grey",78.33333333,1,0,1,76.53333333,0,2859.7,1,2,0,0,1,0,0,2,1,2,0,1,38.56666667,20.99666667,"12/8/2020","4/21/2021",-13.407,33.621,1111,"Rainfed","SeedCo","Private"
"Malawi",2020,"E0161","G136","L016",2,0,0,0,45,"White","Tawny",98,1,0,1,57.86666667,0,2755.266667,1,1,0,0,1,0,0,1,1,4,0,1,40.51,21.12333333,"12/8/2020","4/21/2021",-13.407,33.621,1111,"Rainfed","Ethiopian Institute of Agricultural Research EIAR","Public"
"Malawi",2020,"E0161","G137","L016",2,0,0,0,42.66666667,"Purple","Grey",100,1,0,1,74.33333333,0,3526.8,1,1,0,0,1,0,0,1,1,2,0,1,36.43,21.84,"12/8/2020","4/21/2021",-13.407,33.621,1111,"Rainfed","SeedCo","Private"
"Malawi",2020,"E0161","G138","L016",2,0,0,0,39.66666667,"Purple","Grey",97.33333333,1,0,1,62.53333333,0,2886.266667,1,1,0,0,1,0,0,1,1,2,0,1,33.96,23.70666667,"12/8/2020","4/21/2021",-13.407,33.621,1111,"Rainfed","SeedCo","Private"
"Malawi",2020,"E0161","G141","L016",2,0,0,0,42.66666667,"Purple","Grey",100.6666667,1,0,1,76.73333333,0,3257.566667,1,1,0,0,1,0,0,1,2,3,0,1,35.71,21.84666667,"12/8/2020","4/21/2021",-13.407,33.621,1111,"Rainfed","SeedCo","Private"
"Malawi",2020,"E0161","G142","L016",2,0,0,0,43,"Purple","Grey",101.6666667,1,0,1,69.86666667,0,3184.233333,1,1,0,0,1,0,0,1,1,1,0,1,36.16,22.92,"12/8/2020","4/21/2021",-13.407,33.621,1111,"Rainfed","SeedCo","Private"
"Malawi",2020,"E0161","G143","L016",2,0,0,0,41,"White","Tawny",99.66666667,1,0,1,65.33333333,0,3381.633333,1,1,0,0,1,0,0,1,1,2,0,1,36.03,22.83666667,"12/8/2020","4/21/2021",-13.407,33.621,1111,"Rainfed","SeedCo","Private"
"Malawi",2020,"E0161","G144","L016",2,0,0,0,40,"Purple","Grey",88,1,0,1,44.8,0,2885.7,1,1,0,0,1,0,0,1,3,2,0,1,35.42333333,22.06333333,"12/8/2020","4/21/2021",-13.407,33.621,1111,"Rainfed","SeedCo","Private"
"Malawi",2020,"E0161","G145","L016",2,0,0,0,44,"Purple","Grey",87.33333333,1,0,1,81.2,0,3626.833333,1,2,0,0,1,0,0,1,1,2,0,1,37.05666667,20.54333333,"12/8/2020","4/21/2021",-13.407,33.621,1111,"Rainfed","SeedCo","Private"
"Malawi",2020,"E0161","G146","L016",2,0,0,0,42.33333333,"Purple","Grey",100.6666667,1,0,1,82.13333333,0,2434.8,1,1,0,0,1,0,0,1,1,2,0,1,35.12,23.11666667,"12/8/2020","4/21/2021",-13.407,33.621,1111,"Rainfed","SeedCo","Private"
"Malawi",2020,"E0161","G188","L016",2,1,0,0,42.66666667,"Purple","Tawny",83,1,0,1,66.86666667,0,3136.966667,1,1,0,0,1,0,0,1,2,2,0,1,36.72,21.46333333,"12/8/2020","4/21/2021",-13.407,33.621,1111,"Rainfed","International Institute of Tropical Agriculture IITA","Public"
"Malawi",2020,"E0161","G193","L016",2,0,0,0,44.66666667,"Purple","Grey",99.66666667,1,0,1,79.46666667,0,3177.733333,1,1,0,0,1,0,0,1,1,2,0,1,35.43,20.835,"12/8/2020","4/21/2021",-13.407,33.621,1111,"Rainfed","International Institute of Tropical Agriculture IITA","Public"
"Malawi",2020,"E0161","G204","L016",2,0,0,0,43,"Purple","Tawny",90.33333333,1,0,1,57.6,0,3478.1,1,1,0,0,1,0,0,1,1,2,0,1,37.86333333,21.17333333,"12/8/2020","4/21/2021",-13.407,33.621,1111,"Rainfed","International Institute of Tropical Agriculture IITA","Public"
"Malawi",2020,"E0161","G214","L016",2,0,0,0,42.33333333,"Purple","Tawny",92.66666667,1,0,1,67.4,0,3331.2,1,1,0,0,1,0,0,1,1,2,0,1,39.37,20.99333333,"12/8/2020","4/21/2021",-13.407,33.621,1111,"Rainfed","International Institute of Tropical Agriculture IITA","Public"
"Malawi",2020,"E0161","G215","L016",2,0,0,0,44.66666667,"Purple","Tawny",91.33333333,1,0,1,78.06666667,0,3096.1,1,1,0,0,1,0,0,1,1,2,0,1,39.26333333,20.99,"12/8/2020","4/21/2021",-13.407,33.621,1111,"Rainfed","International Institute of Tropical Agriculture IITA","Public"
"Malawi",2020,"E0161","G233","L016",2,0,0,0,41,"White","Tawny",95,1,0,1,82.2,0,3217.633333,1,2,0,0,1,0,0,1,1,3,0,1,38.7,21.93333333,"12/8/2020","4/21/2021",-13.407,33.621,1111,"Rainfed","International Institute of Tropical Agriculture IITA","Public"
"Malawi",2020,"E0161","G241","L016",2,0,0,0,44.66666667,"Purple","Tawny",91.66666667,2,0,1.666666667,63.66666667,0,3163.066667,1,1,0,0,1,0,0,1,1,2,0,1,40.74333333,19.68,"12/8/2020","4/21/2021",-13.407,33.621,1111,"Rainfed","International Institute of Tropical Agriculture IITA","Public"
"Malawi",2020,"E0161","G275","L016",2,0,0,0,57,"Purple","Tawny",99,1,0,1,92.86666667,0,1953.566667,1,1,0,0,1,0,0,1,1,2,0,1,40.74,20.05,"12/8/2020","4/21/2021",-13.407,33.621,1111,"Rainfed","International Institute of Tropical Agriculture IITA","Public"
"Malawi",2020,"E0161","G278","L016",2,0,0,0,46.33333333,"White","Tawny",102.3333333,1,0,1,88.13333333,0,2975,1,1,0,0,1,0,0,1,1,3,0,1,38.96666667,21.37333333,"12/8/2020","4/21/2021",-13.407,33.621,1111,"Rainfed","International Institute of Tropical Agriculture IITA","Public"
"Malawi",2020,"E0161","G283","L016",2,0,0,0,54,"White","Grey",93,1,0,1,85.53333333,0,2065,1,1,0,0,1,0,0,1,1,2,0,1,39.07666667,21.36,"12/8/2020","4/21/2021",-13.407,33.621,1111,"Rainfed","International Institute of Tropical Agriculture IITA","Public"
"Malawi",2020,"E0161","G285","L016",2,0,0,0,49.33333333,"Purple","Tawny",79.33333333,1,0,1,108.2666667,0,2117.7,1,1,0,0,1,0,0,1,1,2,0,1,38.24666667,20.72666667,"12/8/2020","4/21/2021",-13.407,33.621,1111,"Rainfed","International Institute of Tropical Agriculture IITA","Public"
"Malawi",2020,"E0161","G287","L016",2,0,0,0,50,"White","Grey",98.66666667,1,0,1,115.2666667,0,1984.366667,1,1,0,0,1,0,0,2,1,2,0,1,39.73333333,19.88333333,"12/8/2020","4/21/2021",-13.407,33.621,1111,"Rainfed","International Institute of Tropical Agriculture IITA","Public"
"Malawi",2020,"E0161","G290","L016",2,0,0,0,47.66666667,"Purple","Grey",102.3333333,1,0,1,81.6,0,3396.4,1,1,0,0,1,0,0,1,1,2,0,1,40.47666667,21.18333333,"12/8/2020","4/21/2021",-13.407,33.621,1111,"Rainfed","International Institute of Tropical Agriculture IITA","Public"
"Malawi",2020,"E0161","G294","L016",2,0,0,0,42.33333333,"White","Tawny",94.66666667,1,0,1,93.66666667,0,3017.933333,1,1,0,0,1,0,0,2,1,2,0,1,39.73,21.52333333,"12/8/2020","4/21/2021",-13.407,33.621,1111,"Rainfed","International Institute of Tropical Agriculture IITA","Public"
"Malawi",2020,"E0161","G297","L016",2,0,0,0,52.66666667,"Purple","Tawny",100.3333333,1,0,1,96.8,0,2966.2,1,1,0,0,1,0,0,1,1,2,0,1,40.16,21.26,"12/8/2020","4/21/2021",-13.407,33.621,1111,"Rainfed","International Institute of Tropical Agriculture IITA","Public"
"Malawi",2020,"E0161","G365","L016",2,1,0,0,42.33333333,"Purple","Tawny",77.33333333,1,0,1,64.4,0,2980.3,1,1,0,0,1,0,0,1,1,1,0,1,35.16666667,21.85333333,"12/8/2020","4/21/2021",-13.407,33.621,1111,"Rainfed","Department of Agricultural Research Services DARS","Public"
"Malawi",2020,"E0162","G006","L015",2,0,0,0,48,"Purple","Grey",106,1,0,1,52.2,0,1400.433333,1,1,0,0,1,0,0,1,1,2,0,1,37.52333333,20.36666667,"12/22/2020","4/20/2021",-12.943,33.467,1028,"Rainfed","Agricultural Research Council ARC","Public"
"Malawi",2020,"E0162","G018","L015",2,0,0,0,49.66666667,"Purple","Tawny",109,1,0,1,58.6,0,2234.4,1,1,0,0,1,0,0,1,1,1,0,1,43.81666667,19.70333333,"12/22/2020","4/20/2021",-12.943,33.467,1028,"Rainfed","Ethiopian Institute of Agricultural Research EIAR","Public"
"Malawi",2020,"E0162","G032","L015",2,0,0,0,48.66666667,"Purple","Tawny",103,1,0,1,61.2,0,2169.166667,1,1,0,0,1,0,0,1,1,1,0,1,40.89333333,20.10333333,"12/22/2020","4/20/2021",-12.943,33.467,1028,"Rainfed","CSIRO Agriculture and Food","Public"
"Malawi",2020,"E0162","G056","L015",2,0,0,0,47.66666667,"Purple","Grey",103,1,0,1,66.46666667,0,2087.633333,1,1,0,0,1,0,0,1,1,2,0,1,38.28,20.10333333,"12/22/2020","4/20/2021",-12.943,33.467,1028,"Rainfed","ZamSeed","Private"
"Malawi",2020,"E0162","G058","L015",2,0,0,0,48.66666667,"White","Grey",109,1,0,1,69.6,0,2579.866667,1,1,0,0,1,0,0,1,2,1,0,1,41.09,20.00333333,"12/22/2020","4/20/2021",-12.943,33.467,1028,"Rainfed","CSIRO Agriculture and Food","Public"
"Malawi",2020,"E0162","G065","L015",2,1,0,0,55,"Purple","Grey",109,1,0,1,81.86666667,0,1989.833333,1,1,0,0,2,0,0,1,1,1,0,1,43.07666667,17.54333333,"12/22/2020","4/20/2021",-12.943,33.467,1028,"Rainfed","Department of Agricultural Research Services DARS","Public"
"Malawi",2020,"E0162","G068","L015",2,0,0,0,48,"White","Grey",103,1,0,1,56.6,0,1605.7,1,1,0,0,1,0,0,1,1,2,0,1,39.89,20.03,"12/22/2020","4/20/2021",-12.943,33.467,1028,"Rainfed","Crop Breeding Institute CBI","Public"
"Malawi",2020,"E0162","G073","L015",2,0,0,0,47.33333333,"White","Grey",103,1,0,1,58.53333333,0,2209.5,1,1,0,0,1,0,0,1,2,1,0,1,40.74,19.54,"12/22/2020","4/20/2021",-12.943,33.467,1028,"Rainfed","CSIRO Agriculture and Food","Public"
"Malawi",2020,"E0162","G075","L015",2,0,0,0,47.33333333,"Purple","Grey",103,1,0,1,67.33333333,0,1485.933333,1,1,0,0,1,0,0,1,1,1,0,1,43.72,17.62,"12/22/2020","4/20/2021",-12.943,33.467,1028,"Rainfed","CSIRO Agriculture and Food","Public"
"Malawi",2020,"E0162","G092","L015",2,0,0,0,54.33333333,"Purple","Grey",109,1,0,1,75.46666667,0,3001.933333,1,1,0,0,1,0,0,1,1,1,0,1,42.96666667,18.65333333,"12/22/2020","4/20/2021",-12.943,33.467,1028,"Rainfed","SeedCo","Private"
"Malawi",2020,"E0162","G098","L015",2,0,0,0,48,"Purple","Grey",106,1,0,1,55.26666667,0,2853.066667,1,1,0,0,1,0,0,1,1,1,0,1,42.71666667,20.34666667,"12/22/2020","4/20/2021",-12.943,33.467,1028,"Rainfed","SeedCo","Private"
"Malawi",2020,"E0162","G101","L015",2,0,0,0,48.33333333,"Purple","Grey",112,1,0,1,62.2,0,2381.733333,1,1,0,0,1,0,0,1,1,1,0,1,41.35333333,19.61,"12/22/2020","4/20/2021",-12.943,33.467,1028,"Rainfed","SeedCo","Private"
"Malawi",2020,"E0162","G107","L015",2,0,0,0,49.33333333,"Purple","Grey",112,1,0,1,67,0,3139.266667,1,1,0,0,1,0,0,1,1,1,0,1,43.5,19.91666667,"12/22/2020","4/20/2021",-12.943,33.467,1028,"Rainfed","SeedCo","Private"
"Malawi",2020,"E0162","G121","L015",2,0,0,0,50,"Purple","Tawny",114.3333333,1,0,1,95.8,0,3263.666667,1,1,0,0,1,0,0,1,1,1,0,1,44.72333333,18.99,"12/22/2020","4/20/2021",-12.943,33.467,1028,"Rainfed","CSIRO Agriculture and Food","Public"
"Malawi",2020,"E0162","G133","L015",2,0,0,0,54.66666667,"Purple","Grey",112,1,0,1.333333333,72.13333333,0,1756.066667,1,1,0,0,1,0,0,1,1,1,0,1,41.28333333,19.79333333,"12/22/2020","4/20/2021",-12.943,33.467,1028,"Rainfed","SeedCo","Private"
"Malawi",2020,"E0162","G136","L015",2,0,0,0,54.33333333,"White","Grey",105,1,0,1,62.8,0,1781.6,1,1,0,0,1,0,0,1,1,1,0,1,43.26333333,19.65333333,"12/22/2020","4/20/2021",-12.943,33.467,1028,"Rainfed","Ethiopian Institute of Agricultural Research EIAR","Public"
"Malawi",2020,"E0162","G137","L015",2,0,0,0,51,"Purple","Grey",109,1,0,1,75.8,0,3065.566667,1,1,0,0,1,0,0,1,1,2,0,1,41.71666667,19.27333333,"12/22/2020","4/20/2021",-12.943,33.467,1028,"Rainfed","SeedCo","Private"
"Malawi",2020,"E0162","G138","L015",2,0,0,0,48.66666667,"Purple","Grey",106,1,0,1,72.73333333,0,2971.8,1,1,0,0,1,0,0,1,1,1,0,1,40.23333333,20.12,"12/22/2020","4/20/2021",-12.943,33.467,1028,"Rainfed","SeedCo","Private"
"Malawi",2020,"E0162","G141","L015",2,0,0,0,50,"Purple","Grey",106,2,0,1,79.8,0,3641.066667,1,1,0,0,1,0,0,1,1,3,0,1,42.63,19.12,"12/22/2020","4/20/2021",-12.943,33.467,1028,"Rainfed","SeedCo","Private"
"Malawi",2020,"E0162","G142","L015",2,0,0,0,52,"Purple","Grey",109,1,0,1,73.93333333,0,2821.266667,2,1,0,0,1,0,0,1,1,2,0,1,40.08333333,20.78,"12/22/2020","4/20/2021",-12.943,33.467,1028,"Rainfed","SeedCo","Private"
"Malawi",2020,"E0162","G143","L015",2,0,0,0,56.66666667,"White","Tawny",109,2,0,1,64.86666667,0,2494.833333,2,1,0,0,1,0,0,1,1,2,0,1,40.65,20.72,"12/22/2020","4/20/2021",-12.943,33.467,1028,"Rainfed","SeedCo","Private"
"Malawi",2020,"E0162","G144","L015",2,0,0,0,47.66666667,"Purple","Grey",106,1,0,1,52.73333333,0,1874.166667,1,1,0,0,1,0,0,1,1,2,0,1,38.8,20.31333333,"12/22/2020","4/20/2021",-12.943,33.467,1028,"Rainfed","SeedCo","Private"
"Malawi",2020,"E0162","G145","L015",2,0,0,0,48.66666667,"Purple","Grey",112,1,0,1,77.06666667,0,2732.466667,1,1,0,0,1,0,0,1,1,1,0,1,39.94,18.40666667,"12/22/2020","4/20/2021",-12.943,33.467,1028,"Rainfed","SeedCo","Private"
"Malawi",2020,"E0162","G146","L015",2,0,0,0,48.66666667,"Purple","Grey",109,1,0,1,80.93333333,0,2099.6,1,1,0,0,1,0,0,1,1,1,0,1,41.7,19.72333333,"12/22/2020","4/20/2021",-12.943,33.467,1028,"Rainfed","SeedCo","Private"
"Malawi",2020,"E0162","G188","L015",2,1,0,0,48.66666667,"Purple","Tawny",113.3333333,1,0,1,66.2,0,2563.133333,1,1,0,0,1,0,0,1,2,1,0,1,41.19666667,19.96333333,"12/22/2020","4/20/2021",-12.943,33.467,1028,"Rainfed","International Institute of Tropical Agriculture IITA","Public"
"Malawi",2020,"E0162","G193","L015",2,0,0,0,51.33333333,"Purple","Grey",105,1,0,1,75.33333333,0,2210.966667,1,1,0,0,1,0,0,1,1,1,0,1,39.88666667,18.42,"12/22/2020","4/20/2021",-12.943,33.467,1028,"Rainfed","International Institute of Tropical Agriculture IITA","Public"
"Malawi",2020,"E0162","G204","L015",2,0,0,0,53.66666667,"Purple","Tawny",103,1,0,1,71,0,3633.6,1,1,0,0,1,0,0,1,1,1,0,1,42.08666667,20.17666667,"12/22/2020","4/20/2021",-12.943,33.467,1028,"Rainfed","International Institute of Tropical Agriculture IITA","Public"
"Malawi",2020,"E0162","G214","L015",2,0,0,0,55,"Purple","Tawny",106,2,0,1,70.93333333,0,3070.1,1,1,0,0,1,0,0,1,1,2,0,1,42.30333333,19.72,"12/22/2020","4/20/2021",-12.943,33.467,1028,"Rainfed","International Institute of Tropical Agriculture IITA","Public"
"Malawi",2020,"E0162","G215","L015",2,0,0,0,53,"Purple","Tawny",113.3333333,1,0,1,85.86666667,0,2355.733333,1,1,0,0,1,0,0,1,1,2,0,1,40.68,19.72666667,"12/22/2020","4/20/2021",-12.943,33.467,1028,"Rainfed","International Institute of Tropical Agriculture IITA","Public"
"Malawi",2020,"E0162","G233","L015",2,0,0,0,50,"White","Tawny",109,1,0,1,73.33333333,0,1946,1,1,0,0,1,0,0,2,1,2,0,1,41.74,19.86,"12/22/2020","4/20/2021",-12.943,33.467,1028,"Rainfed","International Institute of Tropical Agriculture IITA","Public"
"Malawi",2020,"E0162","G241","L015",2,0,0,0,55.66666667,"Purple","Grey",106,1,0,1,79,0,2456.3,1,1,0,0,1,0,0,1,1,1,0,1,41.11333333,18.63666667,"12/22/2020","4/20/2021",-12.943,33.467,1028,"Rainfed","International Institute of Tropical Agriculture IITA","Public"
"Malawi",2020,"E0162","G275","L015",2,0,0,0,52.33333333,"Purple","Tawny",112,1,0,1,96.6,0,1521.133333,1,1,0,0,1,0,0,1,1,2,0,1,46.71666667,18.75333333,"12/22/2020","4/20/2021",-12.943,33.467,1028,"Rainfed","International Institute of Tropical Agriculture IITA","Public"
"Malawi",2020,"E0162","G278","L015",2,0,0,0,54.33333333,"White","Tawny",109,2,0,1,85,0,1624.633333,1,1,0,0,1,0,0,1,1,1,0,1,42.72666667,19.15333333,"12/22/2020","4/20/2021",-12.943,33.467,1028,"Rainfed","International Institute of Tropical Agriculture IITA","Public"
"Malawi",2020,"E0162","G283","L015",2,0,0,0,53,"White","Grey",109,1,0,1,88.6,0,1681.966667,1,1,0,0,1,0,0,1,1,1,0,1,44.54666667,18.73333333,"12/22/2020","4/20/2021",-12.943,33.467,1028,"Rainfed","International Institute of Tropical Agriculture IITA","Public"
"Malawi",2020,"E0162","G285","L015",2,0,0,0,55.66666667,"Purple","Tawny",107,2,0,1,104.5333333,0,1366.9,1,1,0,0,1,0,0,1,1,1,0,1,40.82666667,19.29333333,"12/22/2020","4/20/2021",-12.943,33.467,1028,"Rainfed","International Institute of Tropical Agriculture IITA","Public"
"Malawi",2020,"E0162","G287","L015",2,0,0,0,55.66666667,"Purple","Grey",116,1,0,1.333333333,105.2,0,1734.733333,2,2,0,0,2,0,0,1,1,1,0,1,42.28,18.79,"12/22/2020","4/20/2021",-12.943,33.467,1028,"Rainfed","International Institute of Tropical Agriculture IITA","Public"
"Malawi",2020,"E0162","G290","L015",2,0,0,0,52.66666667,"Purple","Grey",112,1,0,1,88.73333333,0,2693.9,1,2,0,0,1,0,0,1,1,1,0,1,42.43666667,19.77,"12/22/2020","4/20/2021",-12.943,33.467,1028,"Rainfed","International Institute of Tropical Agriculture IITA","Public"
"Malawi",2020,"E0162","G294","L015",2,0,0,0,47.66666667,"White","Tawny",109,1,0,1,97.2,0,1597.433333,1,1,0,0,1,0,0,1,1,2,0,1,40.77333333,20.12,"12/22/2020","4/20/2021",-12.943,33.467,1028,"Rainfed","International Institute of Tropical Agriculture IITA","Public"
"Malawi",2020,"E0162","G297","L015",2,0,0,0,51.66666667,"Purple","Grey",109,2,0,1,88.86666667,0,2567.166667,1,1,0,0,1,0,0,1,1,1,0,1,42.62,19.22,"12/22/2020","4/20/2021",-12.943,33.467,1028,"Rainfed","International Institute of Tropical Agriculture IITA","Public"
"Malawi",2020,"E0162","G365","L015",2,1,0,0,49.33333333,"Purple","Tawny",100,2,0,1,69.06666667,0,2710.033333,1,1,0,0,1,0,0,1,1,1,0,1,41.78666667,19.84333333,"12/22/2020","4/20/2021",-12.943,33.467,1028,"Rainfed","Department of Agricultural Research Services DARS","Public"
"Malawi",2020,"E0155","G006","L071",2,0,0,0,47.66666667,"Purple","Grey",108.3333333,2,0,1,46.38333333,0,1542.166667,1,3,0,0,1,0,0,1,1,4,0,1,40.14666667,20.64333333,"12/15/2020","5/6/2021",-12.117,33.421,1211,"Rainfed","Agricultural Research Council ARC","Public"
"Malawi",2020,"E0155","G018","L071",2,0,0,0,48.33333333,"Purple","Tawny",110,1,0,1,59.75,0,1064.9,1,1,0,0,1,0,0,1,1,1,0,1,45.18,20.34666667,"12/15/2020","5/6/2021",-12.117,33.421,1211,"Rainfed","Ethiopian Institute of Agricultural Research EIAR","Public"
"Malawi",2020,"E0155","G032","L071",2,0,0,0,49,"Purple","Tawny",98.66666667,1,0,1,59.88333333,0,1847.666667,1,3,0,0,1,0,0,1,1,4,0,1,42.89666667,20.27666667,"12/15/2020","5/6/2021",-12.117,33.421,1211,"Rainfed","CSIRO Agriculture and Food","Public"
"Malawi",2020,"E0155","G056","L071",2,0,0,0,47.66666667,"Purple","Grey",114.6666667,1,0,1,61.08333333,0,2143.666667,1,3,0,0,1,0,0,1,1,3,0,1,40.11333333,21.14333333,"12/15/2020","5/6/2021",-12.117,33.421,1211,"Rainfed","ZamSeed","Private"
"Malawi",2020,"E0155","G058","L071",2,0,0,0,59.33333333,"White","Grey",118.6666667,1,0,1,73.05,0,2431.533333,1,3,0,0,1,0,0,1,1,3,0,1,41.92,21.83,"12/15/2020","5/6/2021",-12.117,33.421,1211,"Rainfed","CSIRO Agriculture and Food","Public"
"Malawi",2020,"E0155","G065","L071",2,1,0,0,48.66666667,"Purple","Grey",119.3333333,1,0,1,65.31666667,0,2301.8,1,2,0,0,2,0,0,1,1,3,0,1,43.41,19.3,"12/15/2020","5/6/2021",-12.117,33.421,1211,"Rainfed","Department of Agricultural Research Services DARS","Public"
"Malawi",2020,"E0155","G068","L071",2,0,0,0,47.66666667,"White","Tawny",110.3333333,1,0,1,51.51666667,0,2813.933333,1,2,0,0,1,0,0,1,1,3,0,1,42.69333333,20.69666667,"12/15/2020","5/6/2021",-12.117,33.421,1211,"Rainfed","Crop Breeding Institute CBI","Public"
"Malawi",2020,"E0155","G073","L071",2,0,0,0,32,"Purple","Grey",116.6666667,1,0,1,59.6,0,2084.866667,1,3,0,0,1,0,0,1,1,2,0,1,43.12333333,19.63666667,"12/15/2020","5/6/2021",-12.117,33.421,1211,"Rainfed","CSIRO Agriculture and Food","Public"
"Malawi",2020,"E0155","G075","L071",2,0,0,0,47,"White","Grey",107,1,0,1,66.1,0,1715.366667,1,1,0,0,1,0,0,1,1,4,0,1,45.34,18.94,"12/15/2020","5/6/2021",-12.117,33.421,1211,"Rainfed","CSIRO Agriculture and Food","Public"
"Malawi",2020,"E0155","G092","L071",2,0,0,0,53,"Purple","Grey",119.3333333,1,0,1,71.08333333,0,2156.1,1,3,0,0,1,0,0,1,1,2,0,1,42.81666667,20.29666667,"12/15/2020","5/6/2021",-12.117,33.421,1211,"Rainfed","SeedCo","Private"
"Malawi",2020,"E0155","G098","L071",2,0,0,0,49,"Purple","Tawny",122,1,0,1,42.6,0,1585.466667,1,3,0,0,1,0,0,1,1,1,0,1,43.42,21.05666667,"12/15/2020","5/6/2021",-12.117,33.421,1211,"Rainfed","SeedCo","Private"
"Malawi",2020,"E0155","G101","L071",2,0,0,0,54,"Purple","Tawny",120.6666667,1,0,1,58.55,0,1823.866667,1,3,0,0,1,0,0,1,1,2,0,1,42.97666667,19.84,"12/15/2020","5/6/2021",-12.117,33.421,1211,"Rainfed","SeedCo","Private"
"Malawi",2020,"E0155","G107","L071",2,0,0,0,54.66666667,"Purple","Tawny",118.6666667,1,0,1,52.66666667,0,2277.866667,1,3,0,0,1,0,0,1,1,1,0,1,44.52333333,20.06333333,"12/15/2020","5/6/2021",-12.117,33.421,1211,"Rainfed","SeedCo","Private"
"Malawi",2020,"E0155","G121","L071",2,0,0,0,48.33333333,"Purple","Tawny",123.6666667,3,0,0,88.95,0,3708.333333,1,3,0,0,1,0,0,1,1,1,0,1,41.94333333,20.26333333,"12/15/2020","5/6/2021",-12.117,33.421,1211,"Rainfed","CSIRO Agriculture and Food","Public"
"Malawi",2020,"E0155","G133","L071",2,0,0,0,58,"Purple","Tawny",121.6666667,1,0,1,70.88333333,0,1923.866667,1,3,0,0,1,0,0,2,1,1,0,1,42.87666667,20.06333333,"12/15/2020","5/6/2021",-12.117,33.421,1211,"Rainfed","SeedCo","Private"
"Malawi",2020,"E0155","G136","L071",2,0,0,0,54.66666667,"White","Grey",115.3333333,1,0,1,56.53333333,0,1796,1,1,0,0,1,0,0,1,1,3,0,1,46.46,18.99666667,"12/15/2020","5/6/2021",-12.117,33.421,1211,"Rainfed","Ethiopian Institute of Agricultural Research EIAR","Public"
"Malawi",2020,"E0155","G137","L071",2,0,0,0,48.66666667,"Purple","Grey",118,1,0,1,67.91666667,0,2140.633333,1,3,0,0,1,0,0,1,1,1,0,1,43.45666667,19.95333333,"12/15/2020","5/6/2021",-12.117,33.421,1211,"Rainfed","SeedCo","Private"
"Malawi",2020,"E0155","G138","L071",2,0,0,0,47,"Purple","Grey",120,1,0,1,66.3,0,2412.9,1,3,0,0,1,0,0,1,1,2,0,1,43.56,20.61666667,"12/15/2020","5/6/2021",-12.117,33.421,1211,"Rainfed","SeedCo","Private"
"Malawi",2020,"E0155","G141","L071",2,0,0,0,48.66666667,"Purple","Grey",117.3333333,1,0,1,67.63333333,0,1839.066667,1,3,0,0,1,0,0,1,1,4,0,1,41.64666667,21.01333333,"12/15/2020","5/6/2021",-12.117,33.421,1211,"Rainfed","SeedCo","Private"
"Malawi",2020,"E0155","G142","L071",2,0,0,0,49,"Purple","Grey",122,1,0,1,55.76666667,0,2172.466667,1,3,0,0,1,0,0,1,1,2,0,1,41.45,21.84333333,"12/15/2020","5/6/2021",-12.117,33.421,1211,"Rainfed","SeedCo","Private"
"Malawi",2020,"E0155","G143","L071",2,0,0,0,32.33333333,"White","Tawny",117.6666667,1,0,1,67.93333333,0,1646.033333,1,3,0,0,1,0,0,1,1,2,0,1,41.06666667,21.63,"12/15/2020","5/6/2021",-12.117,33.421,1211,"Rainfed","SeedCo","Private"
"Malawi",2020,"E0155","G144","L071",2,0,0,0,48.33333333,"Purple","Grey",115,1,0,1,57.3,0,1864.333333,1,2,0,0,1,0,0,1,1,2,0,1,41.85666667,20.32666667,"12/15/2020","5/6/2021",-12.117,33.421,1211,"Rainfed","SeedCo","Private"
"Malawi",2020,"E0155","G145","L071",2,0,0,0,52,"Purple","Tawny",120.6666667,1,0,1,71.38333333,0,1984.233333,1,3,0,0,1,0,0,1,1,1,0,1,42.78666667,19.28333333,"12/15/2020","5/6/2021",-12.117,33.421,1211,"Rainfed","SeedCo","Private"
"Malawi",2020,"E0155","G146","L071",2,0,0,0,49.33333333,"Purple","Tawny",120,1,0,1,70.41666667,0,2219.833333,0,3,0,0,1,0,0,1,1,1,0,1,42.19333333,20.39333333,"12/15/2020","5/6/2021",-12.117,33.421,1211,"Rainfed","SeedCo","Private"
"Malawi",2020,"E0155","G188","L071",2,1,0,0,49.33333333,"Purple","Tawny",100,1,0,1,58.26666667,0,1923.7,1,1,0,0,1,0,0,1,1,1,0,1,41.24333333,21.01333333,"12/15/2020","5/6/2021",-12.117,33.421,1211,"Rainfed","International Institute of Tropical Agriculture IITA","Public"
"Malawi",2020,"E0155","G193","L071",2,0,0,0,50,"Purple","Grey",112,1,0,1,72.11666667,0,1502.633333,1,3,0,0,1,0,0,1,1,1,0,1,41.79,19.00333333,"12/15/2020","5/6/2021",-12.117,33.421,1211,"Rainfed","International Institute of Tropical Agriculture IITA","Public"
"Malawi",2020,"E0155","G204","L071",2,0,0,0,48.33333333,"Purple","Tawny",109.3333333,1,0,1,53.63333333,0,2619.633333,1,1,0,0,1,0,0,1,1,1,0,1,41.91333333,20.79666667,"12/15/2020","5/6/2021",-12.117,33.421,1211,"Rainfed","International Institute of Tropical Agriculture IITA","Public"
"Malawi",2020,"E0155","G214","L071",2,0,0,0,48.66666667,"Purple","Tawny",107.3333333,1,0,1,62.68333333,0,2979.3,1,1,0,0,1,0,0,1,1,1,0,1,42.74,20.83333333,"12/15/2020","5/6/2021",-12.117,33.421,1211,"Rainfed","International Institute of Tropical Agriculture IITA","Public"
"Malawi",2020,"E0155","G215","L071",2,0,0,0,50,"Purple","Tawny",115,1,0,1,75.36666667,0,2065.1,1,3,0,0,1,0,0,1,1,1,0,1,44.02333333,20.09,"12/15/2020","5/6/2021",-12.117,33.421,1211,"Rainfed","International Institute of Tropical Agriculture IITA","Public"
"Malawi",2020,"E0155","G233","L071",2,0,0,0,48.33333333,"White","Tawny",121.3333333,1,0,1,66.5,0,2137.1,1,3,0,0,1,0,0,1,1,1,0,1,41.75666667,21.07333333,"12/15/2020","5/6/2021",-12.117,33.421,1211,"Rainfed","International Institute of Tropical Agriculture IITA","Public"
"Malawi",2020,"E0155","G241","L071",2,0,0,0,54.66666667,"Purple","Tawny",113.6666667,1,0,1,79.21666667,0,2458.466667,1,3,0,0,1,0,0,1,1,2,0,1,43.03333333,19.57,"12/15/2020","5/6/2021",-12.117,33.421,1211,"Rainfed","International Institute of Tropical Agriculture IITA","Public"
"Malawi",2020,"E0155","G275","L071",2,0,0,0,50.66666667,"Purple","Tawny",122.6666667,1,0,1,78.15,0,1449.3,1,3,0,0,1,0,0,1,1,3,0,1,47.23333333,19.14666667,"12/15/2020","5/6/2021",-12.117,33.421,1211,"Rainfed","International Institute of Tropical Agriculture IITA","Public"
"Malawi",2020,"E0155","G278","L071",2,0,0,0,48.66666667,"White","Tawny",120.6666667,1,0,1,71.03333333,0,2145.8,1,3,0,0,1,0,0,1,1,1,0,1,45.00333333,19.49666667,"12/15/2020","5/6/2021",-12.117,33.421,1211,"Rainfed","International Institute of Tropical Agriculture IITA","Public"
"Malawi",2020,"E0155","G283","L071",2,0,0,0,49,"White","Grey",113.6666667,3,0,0,104.4833333,0,2397.166667,1,3,0,0,1,0,0,1,1,2,0,1,46.77333333,19.18333333,"12/15/2020","5/6/2021",-12.117,33.421,1211,"Rainfed","International Institute of Tropical Agriculture IITA","Public"
"Malawi",2020,"E0155","G285","L071",2,0,0,0,48.66666667,"Purple","Tawny",125.3333333,1,0,1,105.4666667,0,2272.833333,1,3,0,0,1,0,0,1,1,4,0,1,46.71333333,17.12666667,"12/15/2020","5/6/2021",-12.117,33.421,1211,"Rainfed","International Institute of Tropical Agriculture IITA","Public"
"Malawi",2020,"E0155","G287","L071",2,0,0,0,57.33333333,"White","Grey",125,2,0,0.333333333,102.8333333,0,1366.2,1,4,0,0,1,0,0,1,1,3,0,1,46.18,17.46333333,"12/15/2020","5/6/2021",-12.117,33.421,1211,"Rainfed","International Institute of Tropical Agriculture IITA","Public"
"Malawi",2020,"E0155","G290","L071",2,0,0,0,55.66666667,"Purple","Grey",117.3333333,1,0,1,81.33333333,0,2028.6,1,3,0,0,1,0,0,1,1,1,0,1,43.58,20.77666667,"12/15/2020","5/6/2021",-12.117,33.421,1211,"Rainfed","International Institute of Tropical Agriculture IITA","Public"
"Malawi",2020,"E0155","G294","L071",2,0,0,0,47.66666667,"White","Tawny",117,1,0,1,76.6,0,2131.5,1,3,0,0,1,0,0,1,1,4,0,1,44.11333333,20.71666667,"12/15/2020","5/6/2021",-12.117,33.421,1211,"Rainfed","International Institute of Tropical Agriculture IITA","Public"
"Malawi",2020,"E0155","G297","L071",2,0,0,0,54,"Purple","Grey",117.6666667,2,0,1,79.55,0,2294.1,1,3,0,0,1,0,0,1,1,2,0,1,43.99666667,20.71333333,"12/15/2020","5/6/2021",-12.117,33.421,1211,"Rainfed","International Institute of Tropical Agriculture IITA","Public"
"Malawi",2020,"E0155","G365","L071",2,1,0,0,48.66666667,"Purple","Tawny",119.6666667,1,0,1,61.4,0,1873,1,3,0,0,1,0,0,1,1,1,0,1,41.19333333,21.03333333,"12/15/2020","5/6/2021",-12.117,33.421,1211,"Rainfed","Department of Agricultural Research Services DARS","Public"
"Malawi",2021,"E0199","G006","L064",1,0,0,0,54.66666667,NA,NA,130.3333333,1,0,1,38,30,1554.52,2,1,0,0,1,0,0,1,1,1,0,0,41.71666667,21.96666667,"6/30/2021","12/6/2021",-15.222,35.496,639,"Rainfed","Agricultural Research Council ARC","Public"
"Malawi",2021,"E0199","G017","L064",1,0,0,0,55.33333333,NA,NA,122.3333333,1,0,1.666666667,48.46666667,26.66666667,3515.443333,1,1,0,0,1,0,0,1,1,1,0,0,40.47333333,22.53666667,"6/30/2021","12/6/2021",-15.222,35.496,639,"Rainfed","Crop Breeding Institute CBI","Public"
"Malawi",2021,"E0199","G018","L064",1,0,0,0,47.66666667,NA,NA,122.6666667,1,0,1.666666667,54.46666667,19.33333333,3932.73,3,2,0,0,4,0,0,1,1,1,0,0,43.77666667,22.26666667,"6/30/2021","12/6/2021",-15.222,35.496,639,"Rainfed","Ethiopian Institute of Agricultural Research EIAR","Public"
"Malawi",2021,"E0199","G032","L064",1,0,0,0,55.66666667,NA,NA,111,2,0,2.333333333,65.66666667,16.33333333,2391.276667,1,1,0,0,1,0,0,1,1,1,0,0,40.48666667,22.76666667,"6/30/2021","12/6/2021",-15.222,35.496,639,"Rainfed","CSIRO Agriculture and Food","Public"
"Malawi",2021,"E0199","G056","L064",1,0,0,0,49.66666667,NA,NA,121.6666667,1,0,2,43.6,18.66666667,1885.616667,1,1,0,0,1,0,0,1,1,1,0,0,38.74666667,23.10666667,"6/30/2021","12/6/2021",-15.222,35.496,639,"Rainfed","ZamSeed","Private"
"Malawi",2021,"E0199","G057","L064",1,0,0,0,60.33333333,NA,NA,132.3333333,2,0,1,72.86666667,19.33333333,1581.786667,3,3,0,0,3,0,0,1,1,1,0,0,37.57666667,24.49666667,"6/30/2021","12/6/2021",-15.222,35.496,639,"Rainfed","Klein Karoo Seed Marketing Zimbabwe K2 Seed","Private"
"Malawi",2021,"E0199","G058","L064",1,0,0,0,78.33333333,NA,NA,0,0,0,0,0,0,NA,1,1,0,0,1,0,0,1,1,1,0,0,41.415,21.315,"6/30/2021","12/6/2021",-15.222,35.496,639,"Rainfed","CSIRO Agriculture and Food","Public"
"Malawi",2021,"E0199","G065","L064",1,1,0,0,53.66666667,NA,NA,122.6666667,2,0,1,80.2,19.33333333,2890.743333,3,1,0,0,1,0,0,1,1,1,0,0,42.73666667,20.16,"6/30/2021","12/6/2021",-15.222,35.496,639,"Rainfed","Department of Agricultural Research Services DARS","Public"
"Malawi",2021,"E0199","G068","L064",1,0,0,0,50.66666667,NA,NA,121.3333333,1,0,1,50.2,21.66666667,3388.95,2,1,0,0,1,0,0,1,1,1,0,0,42.42666667,21.42666667,"6/30/2021","12/6/2021",-15.222,35.496,639,"Rainfed","Crop Breeding Institute CBI","Public"
"Malawi",2021,"E0199","G072","L064",1,0,0,0,55.66666667,NA,NA,126.3333333,1,0,1,61.06666667,21,2461.81,3,2,0,0,4,0,0,1,1,1,0,0,38.93666667,23.19,"6/30/2021","12/6/2021",-15.222,35.496,639,"Rainfed","Klein Karoo Seed Marketing Zimbabwe K2 Seed","Private"
"Malawi",2021,"E0199","G073","L064",1,0,0,0,61,NA,NA,129.3333333,1,0,1,54.06666667,22.66666667,2925.963333,3,3,0,0,1,0,0,1,1,1,0,0,41.62666667,21.63666667,"6/30/2021","12/6/2021",-15.222,35.496,639,"Rainfed","CSIRO Agriculture and Food","Public"
"Malawi",2021,"E0199","G075","L064",1,0,0,0,60.66666667,NA,NA,120.6666667,1,0,2.666666667,39.26666667,8.666666667,1164.873333,2,2,0,0,1,0,0,1,1,1,0,0,43.28,21.1,"6/30/2021","12/6/2021",-15.222,35.496,639,"Rainfed","CSIRO Agriculture and Food","Public"
"Malawi",2021,"E0199","G076","L064",1,0,0,0,39.33333333,NA,NA,87.66666667,1,0,0.666666667,14.66666667,18.33333333,63.22,1,2,0,0,1,0,0,1,1,1,0,0,41.73666667,21.79666667,"6/30/2021","12/6/2021",-15.222,35.496,639,"Rainfed","Klein Karoo Seed Marketing Zimbabwe K2 Seed","Private"
"Malawi",2021,"E0199","G077","L064",1,0,0,0,56.66666667,NA,NA,123.3333333,1,0,1,48,21.66666667,2229.25,2,2,0,0,1,0,0,1,1,1,0,0,38.91333333,25.13666667,"6/30/2021","12/6/2021",-15.222,35.496,639,"Rainfed","CORTEVAPannar","Private"
"Malawi",2021,"E0199","G092","L064",1,0,0,0,57.66666667,NA,NA,137.3333333,3,0,1.333333333,83.53333333,22.66666667,1587.27,1,1,0,0,1,0,0,1,1,1,0,0,43.95333333,20.88333333,"6/30/2021","12/6/2021",-15.222,35.496,639,"Rainfed","SeedCo","Private"
"Malawi",2021,"E0199","G098","L064",1,0,0,0,48,NA,NA,119,1,0,3,42.06666667,25,2359.026667,1,1,0,0,1,0,0,1,1,1,0,0,42.47666667,21.88333333,"6/30/2021","12/6/2021",-15.222,35.496,639,"Rainfed","SeedCo","Private"
"Malawi",2021,"E0199","G101","L064",1,0,0,0,61.66666667,NA,NA,135,1,0,1,34.8,19.33333333,1187.27,2,1,0,0,3,0,0,1,1,1,0,0,43.78333333,20.93,"6/30/2021","12/6/2021",-15.222,35.496,639,"Rainfed","SeedCo","Private"
"Malawi",2021,"E0199","G107","L064",1,0,0,0,66,NA,NA,134.6666667,1,0,1,62.93333333,19,2081.61,1,1,0,0,1,0,0,1,1,1,0,0,44.56333333,22.38,"6/30/2021","12/6/2021",-15.222,35.496,639,"Rainfed","SeedCo","Private"
"Malawi",2021,"E0199","G111","L064",1,0,0,0,61,NA,NA,123.3333333,1,0,1,55.06666667,19.33333333,1681.066667,1,1,0,0,1,0,0,1,1,1,0,0,39.21333333,23.58666667,"6/30/2021","12/6/2021",-15.222,35.496,639,"Rainfed","SeedCo","Private"
"Malawi",2021,"E0199","G121","L064",1,0,0,0,55.66666667,NA,NA,132.6666667,2,0,1.666666667,86.53333333,19.66666667,1167.686667,2,1,0,0,1,0,0,1,1,1,0,0,41.59666667,22.41,"6/30/2021","12/6/2021",-15.222,35.496,639,"Rainfed","CSIRO Agriculture and Food","Public"
"Malawi",2021,"E0199","G130","L064",1,0,0,0,0,NA,NA,0,0,0,0,0,0,NA,0,0,0,0,0,0,0,0,0,1,0,0,42.80333333,21.58,"6/30/2021","12/6/2021",-15.222,35.496,639,"Rainfed","Klein Karoo Seed Marketing Zimbabwe K2 Seed","Private"
"Malawi",2021,"E0199","G131","L064",1,0,0,0,40.66666667,NA,NA,88.66666667,1,0,0.666666667,24.08333333,13,195.945,1,2,0,0,1,0,0,1,1,1,0,0,44.06,21.4,"6/30/2021","12/6/2021",-15.222,35.496,639,"Rainfed","Klein Karoo Seed Marketing Zimbabwe K2 Seed","Private"
"Malawi",2021,"E0199","G133","L064",1,0,0,0,71,NA,NA,140.6666667,1,0,1,95.2,23,2860.106667,1,1,0,0,1,0,0,1,1,1,0,0,45.33333333,21.77,"6/30/2021","12/6/2021",-15.222,35.496,639,"Rainfed","SeedCo","Private"
"Malawi",2021,"E0199","G136","L064",1,0,0,0,56,NA,NA,117.3333333,1,0,1.333333333,65.26666667,19.33333333,4356.996667,2,1,0,0,1,0,0,1,1,1,0,0,37.92,24.63333333,"6/30/2021","12/6/2021",-15.222,35.496,639,"Rainfed","Ethiopian Institute of Agricultural Research EIAR","Public"
"Malawi",2021,"E0199","G137","L064",1,0,0,0,58.66666667,NA,NA,125.6666667,2,0,1,65.8,19.33333333,1199.28,2,1,0,0,1,0,0,1,1,1,0,0,41.12,22.93,"6/30/2021","12/6/2021",-15.222,35.496,639,"Rainfed","SeedCo","Private"
"Malawi",2021,"E0199","G138","L064",1,0,0,0,51.33333333,NA,NA,126.3333333,1,0,1,72.66666667,24,2236.246667,2,1,0,0,1,0,0,1,1,1,0,0,41.17,22.09,"6/30/2021","12/6/2021",-15.222,35.496,639,"Rainfed","SeedCo","Private"
"Malawi",2021,"E0199","G141","L064",1,0,0,0,60.33333333,NA,NA,130,2,0,1,60.06666667,23,1531.546667,2,1,0,0,1,0,0,1,1,1,0,0,40.09333333,23.38,"6/30/2021","12/6/2021",-15.222,35.496,639,"Rainfed","SeedCo","Private"
"Malawi",2021,"E0199","G142","L064",1,0,0,0,60,NA,NA,137,1,0,1,55.86666667,25,1147.806667,3,2,0,0,1,0,0,1,1,1,0,0,41.85,23.11333333,"6/30/2021","12/6/2021",-15.222,35.496,639,"Rainfed","SeedCo","Private"
"Malawi",2021,"E0199","G143","L064",1,0,0,0,56.33333333,NA,NA,128,1,0,1,69.13333333,22.66666667,3534.346667,3,1,0,0,1,0,0,1,1,1,0,0,38.81333333,24.21666667,"6/30/2021","12/6/2021",-15.222,35.496,639,"Rainfed","SeedCo","Private"
"Malawi",2021,"E0199","G144","L064",1,0,0,0,57,NA,NA,127.3333333,1,0,1,36.46666667,25.33333333,1321.163333,2,1,0,0,1,0,0,1,1,1,0,0,39.63,23.01666667,"6/30/2021","12/6/2021",-15.222,35.496,639,"Rainfed","SeedCo","Private"
"Malawi",2021,"E0199","G145","L064",1,0,0,0,53.33333333,NA,NA,136,1,0,1,77.06666667,18.66666667,1462.053333,3,3,0,0,4,0,0,1,1,1,0,0,40.71333333,21.99,"6/30/2021","12/6/2021",-15.222,35.496,639,"Rainfed","SeedCo","Private"
"Malawi",2021,"E0199","G146","L064",1,0,0,0,54.66666667,NA,NA,135,1,0,1,69.06666667,20.33333333,951.6933333,1,1,0,0,1,0,0,1,1,1,0,0,41.18,22.61,"6/30/2021","12/6/2021",-15.222,35.496,639,"Rainfed","SeedCo","Private"
"Malawi",2021,"E0199","G188","L064",1,1,0,0,56.66666667,NA,NA,130.3333333,2,0,2.666666667,71.06666667,14.66666667,1433.22,1,1,0,0,1,0,0,1,1,1,0,0,42.21333333,22.35,"6/30/2021","12/6/2021",-15.222,35.496,639,"Rainfed","International Institute of Tropical Agriculture IITA","Public"
"Malawi",2021,"E0199","G193","L064",1,0,0,0,66,NA,NA,111.3333333,4,0,1,81.73333333,18.33333333,2315.563333,1,3,0,0,1,0,0,1,1,1,0,0,40.13666667,21.08333333,"6/30/2021","12/6/2021",-15.222,35.496,639,"Rainfed","International Institute of Tropical Agriculture IITA","Public"
"Malawi",2021,"E0199","G204","L064",1,0,0,0,58,NA,NA,133.3333333,2,0,1,64.93333333,21.66666667,1075.416667,2,1,0,0,1,0,0,1,1,1,0,0,42.16333333,22,"6/30/2021","12/6/2021",-15.222,35.496,639,"Rainfed","International Institute of Tropical Agriculture IITA","Public"
"Malawi",2021,"E0199","G214","L064",1,0,0,0,61.66666667,NA,NA,125,3,0,1,76.26666667,14.33333333,2852.343333,1,1,0,0,1,0,0,1,1,1,0,0,41.54,22.02,"6/30/2021","12/6/2021",-15.222,35.496,639,"Rainfed","International Institute of Tropical Agriculture IITA","Public"
"Malawi",2021,"E0199","G215","L064",1,0,0,0,64.33333333,NA,NA,120.3333333,4,0,1,97.13333333,19.66666667,3126.633333,1,1,0,0,1,0,0,1,1,1,0,0,43.42666667,20.78,"6/30/2021","12/6/2021",-15.222,35.496,639,"Rainfed","International Institute of Tropical Agriculture IITA","Public"
"Malawi",2021,"E0199","G233","L064",1,0,0,0,48.33333333,NA,NA,125.3333333,1,0,1.333333333,56.2,15.33333333,1750.423333,2,2,0,0,1,0,0,1,1,1,0,0,37.71666667,24.5,"6/30/2021","12/6/2021",-15.222,35.496,639,"Rainfed","International Institute of Tropical Agriculture IITA","Public"
"Malawi",2021,"E0199","G241","L064",1,0,0,0,65.33333333,NA,NA,132.3333333,4,0,1,81.46666667,15.33333333,1300.79,2,2,0,0,2,0,0,1,1,1,0,0,42.98,20.42333333,"6/30/2021","12/6/2021",-15.222,35.496,639,"Rainfed","International Institute of Tropical Agriculture IITA","Public"
"Malawi",2021,"E0199","G365","L064",1,1,0,0,56.66666667,NA,NA,114.3333333,2,0,1.666666667,70.93333333,14,2343.403333,1,1,0,0,1,0,0,1,1,1,0,0,40.95,21.59,"6/30/2021","12/6/2021",-15.222,35.496,639,"Rainfed","Department of Agricultural Research Services DARS","Public"
"Malawi",2021,"E0198","G006","L0104",1,0,0,0,54.66666667,NA,NA,116,1,0,1.333333333,46.17333333,29.33333333,2891.716667,1,1,0,0,3,0,0,1,1,1,0,0,42.08666667,21.34,"6/24/2021","12/13/2021",-14.272,34.559,517,"Rainfed","Agricultural Research Council ARC","Public"
"Malawi",2021,"E0198","G017","L0104",1,0,0,0,54.66666667,NA,NA,111.6666667,1,0,1,45.42,17.66666667,2770.613333,1,1,0,0,3,0,0,1,1,1,0,0,41.99,21.75333333,"6/24/2021","12/13/2021",-14.272,34.559,517,"Rainfed","Crop Breeding Institute CBI","Public"
"Malawi",2021,"E0198","G018","L0104",1,0,0,0,55.33333333,NA,NA,117.6666667,1,0,1.333333333,48.89333333,21,3400.253333,1,1,0,0,3,0,0,1,1,1,0,0,45.17333333,22.03,"6/24/2021","12/13/2021",-14.272,34.559,517,"Rainfed","Ethiopian Institute of Agricultural Research EIAR","Public"
"Malawi",2021,"E0198","G032","L0104",1,0,0,0,54,NA,NA,104.6666667,4,0,2.333333333,77.68,15,3600.66,1,1,0,0,3,0,0,1,1,1,0,0,41.28666667,21.4,"6/24/2021","12/13/2021",-14.272,34.559,517,"Rainfed","CSIRO Agriculture and Food","Public"
"Malawi",2021,"E0198","G056","L0104",1,0,0,0,53.33333333,NA,NA,120,1,0,1,51.7,21.66666667,2751.266667,1,1,0,0,3,0,0,1,1,1,0,0,39.88,22.96,"6/24/2021","12/13/2021",-14.272,34.559,517,"Rainfed","ZamSeed","Private"
"Malawi",2021,"E0198","G057","L0104",1,0,0,0,56.66666667,NA,NA,121,1,0,1.666666667,82.97333333,21.66666667,3424.896667,1,1,0,0,2,0,0,1,1,1,0,0,38.93,24.14,"6/24/2021","12/13/2021",-14.272,34.559,517,"Rainfed","Klein Karoo Seed Marketing Zimbabwe K2 Seed","Private"
"Malawi",2021,"E0198","G058","L0104",1,0,0,0,78.66666667,NA,NA,170.6666667,1,0,1.333333333,72.2,18,2060.783333,1,1,0,0,1,0,0,1,1,1,0,0,39.61,23.56,"6/24/2021","12/13/2021",-14.272,34.559,517,"Rainfed","CSIRO Agriculture and Food","Public"
"Malawi",2021,"E0198","G065","L0104",1,1,0,0,54.33333333,NA,NA,114.6666667,3,0,1.333333333,68.93333333,21.66666667,3236.553333,1,1,0,0,3,0,0,1,1,1,0,0,43.92333333,19.19333333,"6/24/2021","12/13/2021",-14.272,34.559,517,"Rainfed","Department of Agricultural Research Services DARS","Public"
"Malawi",2021,"E0198","G068","L0104",1,0,0,0,54.33333333,NA,NA,117.6666667,1,0,1,48.49333333,21.33333333,2932.903333,1,1,0,0,4,0,0,1,1,1,0,0,41.94,22.52666667,"6/24/2021","12/13/2021",-14.272,34.559,517,"Rainfed","Crop Breeding Institute CBI","Public"
"Malawi",2021,"E0198","G072","L0104",1,0,0,0,56,NA,NA,115.3333333,1,0,1.333333333,48.98,21.33333333,3395.693333,1,1,0,0,5,0,0,1,1,1,0,0,41.54333333,21.96666667,"6/24/2021","12/13/2021",-14.272,34.559,517,"Rainfed","Klein Karoo Seed Marketing Zimbabwe K2 Seed","Private"
"Malawi",2021,"E0198","G073","L0104",1,0,0,0,60.33333333,NA,NA,123.3333333,1,0,1.666666667,58.05333333,18.66666667,3304.693333,1,1,0,0,2,0,0,1,1,1,0,0,40.99666667,21.73,"6/24/2021","12/13/2021",-14.272,34.559,517,"Rainfed","CSIRO Agriculture and Food","Public"
"Malawi",2021,"E0198","G075","L0104",1,0,0,0,59.66666667,NA,NA,114.6666667,2,0,1.666666667,51.06666667,11,2705.18,1,1,0,0,3,0,0,1,1,1,0,0,42.99,22.30333333,"6/24/2021","12/13/2021",-14.272,34.559,517,"Rainfed","CSIRO Agriculture and Food","Public"
"Malawi",2021,"E0198","G076","L0104",1,0,0,0,56.66666667,NA,NA,122,1,0,1,32.70666667,24,1541.69,1,1,0,0,3,0,0,1,1,1,0,0,41.01666667,22.41333333,"6/24/2021","12/13/2021",-14.272,34.559,517,"Rainfed","Klein Karoo Seed Marketing Zimbabwe K2 Seed","Private"
"Malawi",2021,"E0198","G077","L0104",1,0,0,0,53.33333333,NA,NA,118,2,0,1.666666667,74.51333333,23,3059.94,1,1,0,0,4,0,0,1,1,1,0,0,41.03,24.06,"6/24/2021","12/13/2021",-14.272,34.559,517,"Rainfed","CORTEVAPannar","Private"
"Malawi",2021,"E0198","G092","L0104",1,0,0,0,60.66666667,NA,NA,129.3333333,1,0,1.666666667,73.66,20.66666667,1575.62,1,1,0,0,3,0,0,1,1,1,0,0,41.95333333,22.50333333,"6/24/2021","12/13/2021",-14.272,34.559,517,"Rainfed","SeedCo","Private"
"Malawi",2021,"E0198","G098","L0104",1,0,0,0,53.33333333,NA,NA,111,1,0,1.666666667,41.72,22.33333333,2405.126667,1,1,0,0,4,0,0,1,1,1,0,0,44.22333333,21.32,"6/24/2021","12/13/2021",-14.272,34.559,517,"Rainfed","SeedCo","Private"
"Malawi",2021,"E0198","G101","L0104",1,0,0,0,57.66666667,NA,NA,123.3333333,1,0,1.333333333,47.88666667,20.33333333,2246.14,1,1,0,0,4,0,0,1,1,1,0,0,43.73333333,20.80333333,"6/24/2021","12/13/2021",-14.272,34.559,517,"Rainfed","SeedCo","Private"
"Malawi",2021,"E0198","G107","L0104",1,0,0,0,57.66666667,NA,NA,120.6666667,1,0,1,76.62,19.33333333,2902.383333,1,1,0,0,5,0,0,1,1,1,0,0,45.75333333,21.47333333,"6/24/2021","12/13/2021",-14.272,34.559,517,"Rainfed","SeedCo","Private"
"Malawi",2021,"E0198","G111","L0104",1,0,0,0,53,NA,NA,117,3,0,1.666666667,59.96666667,21.66666667,3175.42,1,1,0,0,3,0,0,1,1,1,0,0,43.79666667,21.93,"6/24/2021","12/13/2021",-14.272,34.559,517,"Rainfed","SeedCo","Private"
"Malawi",2021,"E0198","G121","L0104",1,0,0,0,55.33333333,NA,NA,121.6666667,3,0,2.666666667,93.14,20,2262.506667,1,1,0,0,3,0,0,1,1,1,0,0,44.34333333,20.77333333,"6/24/2021","12/13/2021",-14.272,34.559,517,"Rainfed","CSIRO Agriculture and Food","Public"
"Malawi",2021,"E0198","G130","L0104",1,0,0,0,55,NA,NA,121.6666667,1,0,1,24.40666667,21.33333333,2832.83,1,1,0,0,5,0,0,1,1,1,0,0,39.2,23.89666667,"6/24/2021","12/13/2021",-14.272,34.559,517,"Rainfed","Klein Karoo Seed Marketing Zimbabwe K2 Seed","Private"
"Malawi",2021,"E0198","G131","L0104",1,0,0,0,57,NA,NA,125.3333333,1,0,1.333333333,32.33666667,26,421.4533333,1,1,0,0,4,0,0,1,1,1,0,0,41.5,21.86666667,"6/24/2021","12/13/2021",-14.272,34.559,517,"Rainfed","Klein Karoo Seed Marketing Zimbabwe K2 Seed","Private"
"Malawi",2021,"E0198","G133","L0104",1,0,0,0,62.66666667,NA,NA,126.6666667,1,0,1,72.61333333,19.33333333,2435.563333,1,1,0,0,5,0,0,1,1,1,0,0,42.81,21.13333333,"6/24/2021","12/13/2021",-14.272,34.559,517,"Rainfed","SeedCo","Private"
"Malawi",2021,"E0198","G136","L0104",1,0,0,0,57.66666667,NA,NA,118.3333333,3,0,1.333333333,81.01333333,18.66666667,3591.263333,1,1,0,0,2,0,0,1,1,1,0,0,39.94,23.70666667,"6/24/2021","12/13/2021",-14.272,34.559,517,"Rainfed","Ethiopian Institute of Agricultural Research EIAR","Public"
"Malawi",2021,"E0198","G137","L0104",1,0,0,0,55.33333333,NA,NA,116,1,0,2,69.50666667,19.33333333,2556.776667,1,1,0,0,3,0,0,1,1,1,0,0,41.3,22.93,"6/24/2021","12/13/2021",-14.272,34.559,517,"Rainfed","SeedCo","Private"
"Malawi",2021,"E0198","G138","L0104",1,0,0,0,52.33333333,NA,NA,111.6666667,3,0,1,68.30666667,20.66666667,3175.74,1,1,0,0,3,0,0,1,1,1,0,0,40.01666667,23.42666667,"6/24/2021","12/13/2021",-14.272,34.559,517,"Rainfed","SeedCo","Private"
"Malawi",2021,"E0198","G141","L0104",1,0,0,0,56,NA,NA,113.6666667,2,0,1,71.54666667,19.66666667,2797.996667,1,1,0,0,3,0,0,1,1,1,0,0,41.41666667,23.19666667,"6/24/2021","12/13/2021",-14.272,34.559,517,"Rainfed","SeedCo","Private"
"Malawi",2021,"E0198","G142","L0104",1,0,0,0,56.66666667,NA,NA,116.6666667,2,0,1.333333333,65.76666667,24,2832.12,1,1,0,0,3,0,0,1,1,1,0,0,41.29333333,23.28666667,"6/24/2021","12/13/2021",-14.272,34.559,517,"Rainfed","SeedCo","Private"
"Malawi",2021,"E0198","G143","L0104",1,0,0,0,54.66666667,NA,NA,119,2,0,1.666666667,63.49333333,22.66666667,2846.226667,1,1,0,0,4,0,0,1,1,1,0,0,39.63333333,23.86666667,"6/24/2021","12/13/2021",-14.272,34.559,517,"Rainfed","SeedCo","Private"
"Malawi",2021,"E0198","G144","L0104",1,0,0,0,55,NA,NA,122,1,0,1.333333333,59.55333333,28,2930.986667,1,1,0,0,4,0,0,1,1,1,0,0,40.02,22.04666667,"6/24/2021","12/13/2021",-14.272,34.559,517,"Rainfed","SeedCo","Private"
"Malawi",2021,"E0198","G145","L0104",1,0,0,0,56,NA,NA,127.3333333,2,0,1.333333333,87,19,2494.19,1,1,0,0,3,0,0,1,1,1,0,0,42.08333333,21.63,"6/24/2021","12/13/2021",-14.272,34.559,517,"Rainfed","SeedCo","Private"
"Malawi",2021,"E0198","G146","L0104",1,0,0,0,56,NA,NA,120.6666667,1,0,1.666666667,92.75333333,18.66666667,2256.136667,1,1,0,0,4,0,0,1,1,1,0,0,42.56333333,22.03,"6/24/2021","12/13/2021",-14.272,34.559,517,"Rainfed","SeedCo","Private"
"Malawi",2021,"E0198","G188","L0104",1,1,0,0,55.33333333,NA,NA,114,4,0,2.333333333,81.32666667,14.66666667,2996.403333,1,1,0,0,3,0,0,1,1,1,0,0,42.09333333,21.05333333,"6/24/2021","12/13/2021",-14.272,34.559,517,"Rainfed","International Institute of Tropical Agriculture IITA","Public"
"Malawi",2021,"E0198","G193","L0104",1,0,0,0,58.66666667,NA,NA,113,3,0,1,66.28,17.66666667,2772.733333,1,1,0,0,3,0,0,1,1,1,0,0,42.04333333,20.82333333,"6/24/2021","12/13/2021",-14.272,34.559,517,"Rainfed","International Institute of Tropical Agriculture IITA","Public"
"Malawi",2021,"E0198","G204","L0104",1,0,0,0,57.66666667,NA,NA,114.3333333,2,0,1.666666667,110.34,26,2725.523333,1,1,0,0,3,0,0,1,1,1,0,0,42.44,22.60333333,"6/24/2021","12/13/2021",-14.272,34.559,517,"Rainfed","International Institute of Tropical Agriculture IITA","Public"
"Malawi",2021,"E0198","G214","L0104",1,0,0,0,56.66666667,NA,NA,112.6666667,2,0,1,74.52666667,15,3736.923333,1,1,0,0,3,0,0,1,1,1,0,0,42.10666667,21.31333333,"6/24/2021","12/13/2021",-14.272,34.559,517,"Rainfed","International Institute of Tropical Agriculture IITA","Public"
"Malawi",2021,"E0198","G215","L0104",1,0,0,0,57.66666667,NA,NA,110.6666667,5,0,1.666666667,73.48666667,18.66666667,3049.723333,1,1,0,0,4,0,0,1,1,1,0,0,44.09,20.15333333,"6/24/2021","12/13/2021",-14.272,34.559,517,"Rainfed","International Institute of Tropical Agriculture IITA","Public"
"Malawi",2021,"E0198","G233","L0104",1,0,0,0,54,NA,NA,115.6666667,3,0,1,70.27333333,16.66666667,1881.793333,1,1,0,0,3,0,0,1,1,1,0,0,41.37666667,22.16666667,"6/24/2021","12/13/2021",-14.272,34.559,517,"Rainfed","International Institute of Tropical Agriculture IITA","Public"
"Malawi",2021,"E0198","G241","L0104",1,0,0,0,57.66666667,NA,NA,117.3333333,3,0,1.666666667,102.6733333,16.66666667,3013.94,1,1,0,0,3,0,0,1,1,1,0,0,43.07666667,20.28333333,"6/24/2021","12/13/2021",-14.272,34.559,517,"Rainfed","International Institute of Tropical Agriculture IITA","Public"
"Malawi",2021,"E0198","G365","L0104",1,1,0,0,55,NA,NA,105.3333333,3,0,2.333333333,75.39333333,14.33333333,2540.576667,1,1,0,0,3,0,0,1,1,1,0,0,42.44,21.11666667,"6/24/2021","12/13/2021",-14.272,34.559,517,"Rainfed","Department of Agricultural Research Services DARS","Public"
"Malawi",2021,"E0200","G006","L0105",1,0,0,0,77.33333333,NA,NA,131.3333333,1,0,1,55.2,24,3720.703333,1,1,0,0,2,0,0,1,1,1,0,0,39.63,22.20333333,"6/18/2021","1/29/2022",-13.403,33.629,1105,"Rainfed","Agricultural Research Council ARC","Public"
"Malawi",2021,"E0200","G017","L0105",1,0,0,0,76.33333333,NA,NA,132.3333333,1,0,1,59.6,25,4278.96,1,1,0,0,2,0,0,1,1,1,0,0,39.84333333,21.80666667,"6/18/2021","1/29/2022",-13.403,33.629,1105,"Rainfed","Crop Breeding Institute CBI","Public"
"Malawi",2021,"E0200","G018","L0105",1,0,0,0,78,NA,NA,128,1,0,1,50.66666667,16.33333333,2495.276667,1,1,0,0,1,0,0,1,1,1,0,0,41.51666667,21.78,"6/18/2021","1/29/2022",-13.403,33.629,1105,"Rainfed","Ethiopian Institute of Agricultural Research EIAR","Public"
"Malawi",2021,"E0200","G032","L0105",1,0,0,0,68.66666667,NA,NA,115,1,0,2,45.73333333,14.66666667,2753.686667,1,1,0,0,1,0,0,1,1,1,0,0,43.98333333,19.56,"6/18/2021","1/29/2022",-13.403,33.629,1105,"Rainfed","CSIRO Agriculture and Food","Public"
"Malawi",2021,"E0200","G056","L0105",1,0,0,0,78.66666667,NA,NA,132,1,0,1,57.6,17.66666667,3029.423333,1,1,0,0,2,0,0,1,1,1,0,0,37.5,22.03,"6/18/2021","1/29/2022",-13.403,33.629,1105,"Rainfed","ZamSeed","Private"
"Malawi",2021,"E0200","G057","L0105",1,0,0,0,84.33333333,NA,NA,128,1,0,1.333333333,65,18.66666667,3301.86,1,1,0,0,1,0,0,1,1,1,0,0,39.42333333,21.87666667,"6/18/2021","1/29/2022",-13.403,33.629,1105,"Rainfed","Klein Karoo Seed Marketing Zimbabwe K2 Seed","Private"
"Malawi",2021,"E0200","G058","L0105",1,0,0,0,109.6666667,NA,NA,180,1,0,1,69.93333333,16,1656.303333,1,1,0,0,3,0,0,1,1,1,0,0,NA,NA,"6/18/2021","1/29/2022",-13.403,33.629,1105,"Rainfed","CSIRO Agriculture and Food","Public"
"Malawi",2021,"E0200","G065","L0105",1,1,0,0,80.33333333,NA,NA,131.6666667,1,0,1,61.13333333,17.66666667,2137.406667,1,1,0,0,1,0,0,1,1,1,0,0,41.86,19.81333333,"6/18/2021","1/29/2022",-13.403,33.629,1105,"Rainfed","Department of Agricultural Research Services DARS","Public"
"Malawi",2021,"E0200","G068","L0105",1,0,0,0,79,NA,NA,133,1,0,1,57.53333333,18.66666667,3836.883333,1,1,0,0,1,0,0,1,1,1,0,0,41.38333333,21.43333333,"6/18/2021","1/29/2022",-13.403,33.629,1105,"Rainfed","Crop Breeding Institute CBI","Public"
"Malawi",2021,"E0200","G072","L0105",1,0,0,0,81.33333333,NA,NA,133,1,0,1.333333333,64.53333333,18.66666667,3171.663333,1,1,0,0,3,0,0,1,1,1,0,0,40.53666667,21.31,"6/18/2021","1/29/2022",-13.403,33.629,1105,"Rainfed","Klein Karoo Seed Marketing Zimbabwe K2 Seed","Private"
"Malawi",2021,"E0200","G073","L0105",1,0,0,0,79.33333333,NA,NA,129,1,0,2,54.53333333,18,2946.65,1,1,0,0,3,0,0,1,1,1,0,0,42.33,20.59666667,"6/18/2021","1/29/2022",-13.403,33.629,1105,"Rainfed","CSIRO Agriculture and Food","Public"
"Malawi",2021,"E0200","G075","L0105",1,0,0,0,80,NA,NA,122,1,0,2,45.6,8,2409.036667,1,1,0,0,1,0,0,1,1,1,0,0,40.77666667,20.76333333,"6/18/2021","1/29/2022",-13.403,33.629,1105,"Rainfed","CSIRO Agriculture and Food","Public"
"Malawi",2021,"E0200","G076","L0105",1,0,0,0,80.66666667,NA,NA,141,1,0,1,41,21.66666667,2341.946667,1,1,0,0,2,0,0,1,1,1,0,0,38.53333333,22.1,"6/18/2021","1/29/2022",-13.403,33.629,1105,"Rainfed","Klein Karoo Seed Marketing Zimbabwe K2 Seed","Private"
"Malawi",2021,"E0200","G077","L0105",1,0,0,0,88,NA,NA,131,1,0,1,53.33333333,20.33333333,3804.74,1,1,0,0,2,0,0,1,1,1,0,0,39.99,23.07666667,"6/18/2021","1/29/2022",-13.403,33.629,1105,"Rainfed","CORTEVAPannar","Private"
"Malawi",2021,"E0200","G092","L0105",1,0,0,0,83.33333333,NA,NA,131.3333333,1,0,1,64.86666667,17.33333333,2949.476667,1,1,0,0,2,0,0,1,1,1,0,0,40.06333333,21.46666667,"6/18/2021","1/29/2022",-13.403,33.629,1105,"Rainfed","SeedCo","Private"
"Malawi",2021,"E0200","G098","L0105",1,0,0,0,75.66666667,NA,NA,131.6666667,1,0,1,52.86666667,19,3747.746667,1,1,0,0,2,0,0,1,1,1,0,0,40.41333333,21.96,"6/18/2021","1/29/2022",-13.403,33.629,1105,"Rainfed","SeedCo","Private"
"Malawi",2021,"E0200","G101","L0105",1,0,0,0,83.33333333,NA,NA,135.6666667,1,0,1,53.73333333,16.33333333,3108.87,1,1,0,0,1,0,0,1,1,1,0,0,38.78666667,20.66666667,"6/18/2021","1/29/2022",-13.403,33.629,1105,"Rainfed","SeedCo","Private"
"Malawi",2021,"E0200","G107","L0105",1,0,0,0,82.66666667,NA,NA,133.3333333,1,0,1.333333333,58.93333333,16.33333333,2719.983333,1,1,0,0,1,0,0,1,1,1,0,0,41.57666667,21.54,"6/18/2021","1/29/2022",-13.403,33.629,1105,"Rainfed","SeedCo","Private"
"Malawi",2021,"E0200","G111","L0105",1,0,0,0,83.33333333,NA,NA,133,1,0,1,59.53333333,15.33333333,2639.543333,1,1,0,0,1,0,0,1,1,1,0,0,40.02,22.05666667,"6/18/2021","1/29/2022",-13.403,33.629,1105,"Rainfed","SeedCo","Private"
"Malawi",2021,"E0200","G121","L0105",1,0,0,0,78,NA,NA,136,1,0,1,84,17.33333333,2108.926667,1,1,0,0,1,0,0,1,1,1,0,0,42.97666667,20.27333333,"6/18/2021","1/29/2022",-13.403,33.629,1105,"Rainfed","CSIRO Agriculture and Food","Public"
"Malawi",2021,"E0200","G130","L0105",1,0,0,0,77.66666667,NA,NA,137.3333333,1,0,1,42.86666667,23.33333333,1282.07,1,1,0,0,3,0,0,1,1,1,0,0,39.26333333,21.99,"6/18/2021","1/29/2022",-13.403,33.629,1105,"Rainfed","Klein Karoo Seed Marketing Zimbabwe K2 Seed","Private"
"Malawi",2021,"E0200","G131","L0105",1,0,0,0,84.33333333,NA,NA,131,1,0,1.333333333,47.13333333,23.66666667,1231.123333,1,1,0,0,2,0,0,1,1,1,0,0,38.08,21.655,"6/18/2021","1/29/2022",-13.403,33.629,1105,"Rainfed","Klein Karoo Seed Marketing Zimbabwe K2 Seed","Private"
"Malawi",2021,"E0200","G133","L0105",1,0,0,0,92.66666667,NA,NA,140.3333333,1,0,1,59.26666667,15.33333333,1779.056667,1,1,0,0,1,0,0,1,1,1,0,0,43.32,20.79,"6/18/2021","1/29/2022",-13.403,33.629,1105,"Rainfed","SeedCo","Private"
"Malawi",2021,"E0200","G136","L0105",1,0,0,0,84,NA,NA,133,1,0,1.333333333,51.4,18,3397.546667,1,1,0,0,1,0,0,1,1,1,0,0,41.77333333,21.61666667,"6/18/2021","1/29/2022",-13.403,33.629,1105,"Rainfed","Ethiopian Institute of Agricultural Research EIAR","Public"
"Malawi",2021,"E0200","G137","L0105",1,0,0,0,78.66666667,NA,NA,132.6666667,1,0,2,71.33333333,19,3529.913333,1,1,0,0,1,0,0,1,1,1,0,0,39.96333333,21.53,"6/18/2021","1/29/2022",-13.403,33.629,1105,"Rainfed","SeedCo","Private"
"Malawi",2021,"E0200","G138","L0105",1,0,0,0,76,NA,NA,131.3333333,1,0,1.333333333,56,21.33333333,3086.993333,1,1,0,0,2,0,0,1,1,1,0,0,39.42333333,21.27333333,"6/18/2021","1/29/2022",-13.403,33.629,1105,"Rainfed","SeedCo","Private"
"Malawi",2021,"E0200","G141","L0105",1,0,0,0,78.66666667,NA,NA,131.3333333,1,0,1,70.2,18.33333333,3095.633333,1,1,0,0,1,0,0,1,1,1,0,0,39.78,22,"6/18/2021","1/29/2022",-13.403,33.629,1105,"Rainfed","SeedCo","Private"
"Malawi",2021,"E0200","G142","L0105",1,0,0,0,79,NA,NA,132.6666667,1,0,1,63.13333333,21,3463.83,1,1,0,0,1,0,0,1,1,1,0,0,40.08666667,21.23666667,"6/18/2021","1/29/2022",-13.403,33.629,1105,"Rainfed","SeedCo","Private"
"Malawi",2021,"E0200","G143","L0105",1,0,0,0,79.66666667,NA,NA,132,1,0,1.333333333,56.46666667,22.66666667,2738.02,1,1,0,0,2,0,0,1,1,1,0,0,41.24666667,21.51333333,"6/18/2021","1/29/2022",-13.403,33.629,1105,"Rainfed","SeedCo","Private"
"Malawi",2021,"E0200","G144","L0105",1,0,0,0,78.66666667,NA,NA,134.3333333,1,0,1,47.13333333,19.66666667,3066.016667,1,1,0,0,2,0,0,1,1,1,0,0,38.68666667,22.04,"6/18/2021","1/29/2022",-13.403,33.629,1105,"Rainfed","SeedCo","Private"
"Malawi",2021,"E0200","G145","L0105",1,0,0,0,79.33333333,NA,NA,137.6666667,1,0,1,75.06666667,16.66666667,3096.336667,1,1,0,0,3,0,0,1,1,1,0,0,40.38333333,20.53333333,"6/18/2021","1/29/2022",-13.403,33.629,1105,"Rainfed","SeedCo","Private"
"Malawi",2021,"E0200","G146","L0105",1,0,0,0,78,NA,NA,134.3333333,1,0,1,63.4,17.33333333,2923.066667,1,1,0,0,1,0,0,1,1,1,0,0,38.22666667,22.27333333,"6/18/2021","1/29/2022",-13.403,33.629,1105,"Rainfed","SeedCo","Private"
"Malawi",2021,"E0200","G188","L0105",1,1,0,0,70,NA,NA,115,1,0,1.666666667,53.66666667,13.66666667,3011.136667,1,1,0,0,1,0,0,1,1,1,0,0,44.96333333,19.24333333,"6/18/2021","1/29/2022",-13.403,33.629,1105,"Rainfed","International Institute of Tropical Agriculture IITA","Public"
"Malawi",2021,"E0200","G193","L0105",1,0,0,0,84,NA,NA,131.3333333,1,0,1,71.93333333,17.33333333,2854.49,1,1,0,0,1,0,0,1,1,1,0,0,42.69666667,19.48333333,"6/18/2021","1/29/2022",-13.403,33.629,1105,"Rainfed","International Institute of Tropical Agriculture IITA","Public"
"Malawi",2021,"E0200","G204","L0105",1,0,0,0,72.33333333,NA,NA,124.3333333,1,0,1,52.33333333,17.66666667,3104.323333,1,1,0,0,1,0,0,1,1,1,0,0,39.30666667,21.72666667,"6/18/2021","1/29/2022",-13.403,33.629,1105,"Rainfed","International Institute of Tropical Agriculture IITA","Public"
"Malawi",2021,"E0200","G214","L0105",1,0,0,0,77,NA,NA,124.3333333,2,0,1.333333333,60.73333333,16.66666667,2427.126667,1,1,0,0,1,0,0,1,1,1,0,0,42.65,20.24666667,"6/18/2021","1/29/2022",-13.403,33.629,1105,"Rainfed","International Institute of Tropical Agriculture IITA","Public"
"Malawi",2021,"E0200","G215","L0105",1,0,0,0,80.66666667,NA,NA,131.6666667,1,0,1,70.33333333,16.33333333,2332.646667,1,1,0,0,1,0,0,1,1,1,0,0,43.01,20.14333333,"6/18/2021","1/29/2022",-13.403,33.629,1105,"Rainfed","International Institute of Tropical Agriculture IITA","Public"
"Malawi",2021,"E0200","G233","L0105",1,0,0,0,68.33333333,NA,NA,122,2,0,1.666666667,52.6,16.66666667,3204.48,1,1,0,0,3,0,0,1,1,1,0,0,41.11333333,21.91,"6/18/2021","1/29/2022",-13.403,33.629,1105,"Rainfed","International Institute of Tropical Agriculture IITA","Public"
"Malawi",2021,"E0200","G241","L0105",1,0,0,0,73.66666667,NA,NA,128,1,0,1,74.46666667,16,2636.566667,1,1,0,0,1,0,0,1,1,1,0,0,43.88,19.47,"6/18/2021","1/29/2022",-13.403,33.629,1105,"Rainfed","International Institute of Tropical Agriculture IITA","Public"
"Malawi",2021,"E0200","G365","L0105",1,1,0,0,69,NA,NA,115,2,0,1.666666667,46.73333333,15,2970.846667,1,1,0,0,1,0,0,1,1,1,0,0,43.81333333,19.68,"6/18/2021","1/29/2022",-13.403,33.629,1105,"Rainfed","Department of Agricultural Research Services DARS","Public"
"Malawi",2021,"E0201","G006","L0106",1,0,0,0,82,NA,NA,146,1,0,1,81.33333333,22.33333333,3974.143333,1,1,0,0,1,0,0,1,1,1,0,0,40.39333333,21.81,"6/18/2021","12/28/2021",-12.936,33.458,1006,"Rainfed","Agricultural Research Council ARC","Public"
"Malawi",2021,"E0201","G017","L0106",1,0,0,0,81,NA,NA,146,2,0,1,83.8,20.33333333,3652.246667,1,1,0,0,1,0,0,1,1,1,0,0,39.39,22.00333333,"6/18/2021","12/28/2021",-12.936,33.458,1006,"Rainfed","Crop Breeding Institute CBI","Public"
"Malawi",2021,"E0201","G018","L0106",1,0,0,0,82,NA,NA,143,2,0,1,71.26666667,12.33333333,2615.526667,1,1,0,0,1,0,0,2,1,1,0,0,44.19333333,21.59333333,"6/18/2021","12/28/2021",-12.936,33.458,1006,"Rainfed","Ethiopian Institute of Agricultural Research EIAR","Public"
"Malawi",2021,"E0201","G032","L0106",1,0,0,0,63,NA,NA,129,2,0,1,65.73333333,14.33333333,3558.896667,1,1,0,0,1,0,0,2,1,1,0,0,42.01666667,20.15666667,"6/18/2021","12/28/2021",-12.936,33.458,1006,"Rainfed","CSIRO Agriculture and Food","Public"
"Malawi",2021,"E0201","G056","L0106",1,0,0,0,81,NA,NA,146,1,0,1,83.8,14.33333333,3603.803333,1,1,0,0,1,0,0,2,1,1,0,0,38.55333333,22.24,"6/18/2021","12/28/2021",-12.936,33.458,1006,"Rainfed","ZamSeed","Private"
"Malawi",2021,"E0201","G057","L0106",1,0,0,0,91,NA,NA,150,1,0,1.333333333,84.6,11.33333333,1486.58,1,1,0,0,1,0,0,2,1,1,0,0,37.71666667,22.82666667,"6/18/2021","12/28/2021",-12.936,33.458,1006,"Rainfed","Klein Karoo Seed Marketing Zimbabwe K2 Seed","Private"
"Malawi",2021,"E0201","G058","L0106",1,0,0,0,107,NA,NA,163,1,0,1,78.46666667,13.33333333,1038.293333,1,1,0,0,1,0,0,2,1,1,0,0,39.99,19.79,"6/18/2021","12/28/2021",-12.936,33.458,1006,"Rainfed","CSIRO Agriculture and Food","Public"
"Malawi",2021,"E0201","G065","L0106",1,1,0,0,82,NA,NA,146,3,0,1,74.73333333,16,3638.563333,1,1,0,0,1,0,0,1,1,1,0,0,38.83,22.17333333,"6/18/2021","12/28/2021",-12.936,33.458,1006,"Rainfed","Department of Agricultural Research Services DARS","Public"
"Malawi",2021,"E0201","G068","L0106",1,0,0,0,82,NA,NA,146,1,0,1,79.6,16.66666667,3987.813333,1,1,0,0,1,0,0,1,1,1,0,0,41.79333333,21.36333333,"6/18/2021","12/28/2021",-12.936,33.458,1006,"Rainfed","Crop Breeding Institute CBI","Public"
"Malawi",2021,"E0201","G072","L0106",1,0,0,0,84,NA,NA,146,1,0,1,84.93333333,14.66666667,2715.726667,1,1,0,0,1,0,0,1,1,1,0,0,36.96333333,23.07333333,"6/18/2021","12/28/2021",-12.936,33.458,1006,"Rainfed","Klein Karoo Seed Marketing Zimbabwe K2 Seed","Private"
"Malawi",2021,"E0201","G073","L0106",1,0,0,0,79,NA,NA,136.3333333,3,0,1,67.53333333,18.33333333,3894.553333,1,1,0,0,1,0,0,1,1,1,0,0,42.05333333,20.88333333,"6/18/2021","12/28/2021",-12.936,33.458,1006,"Rainfed","CSIRO Agriculture and Food","Public"
"Malawi",2021,"E0201","G075","L0106",1,0,0,0,84,NA,NA,136,3,0,1,63.86666667,9.333333333,3156.183333,1,1,0,0,1,0,0,1,1,1,0,0,43.7,20.36666667,"6/18/2021","12/28/2021",-12.936,33.458,1006,"Rainfed","CSIRO Agriculture and Food","Public"
"Malawi",2021,"E0201","G076","L0106",1,0,0,0,88,NA,NA,146,1,0,1.333333333,70.86666667,16.33333333,2826.856667,1,1,0,0,1,0,0,2,1,1,0,0,38.4,22.71666667,"6/18/2021","12/28/2021",-12.936,33.458,1006,"Rainfed","Klein Karoo Seed Marketing Zimbabwe K2 Seed","Private"
"Malawi",2021,"E0201","G077","L0106",1,0,0,0,82,NA,NA,147,1,0,1,83.93333333,20,4469.616667,1,1,0,0,1,0,0,2,1,1,0,0,41.55,22.93,"6/18/2021","12/28/2021",-12.936,33.458,1006,"Rainfed","CORTEVAPannar","Private"
"Malawi",2021,"E0201","G092","L0106",1,0,0,0,88,NA,NA,150,1,0,1,70.93333333,14.33333333,2303.123333,1,1,0,0,1,0,0,2,1,1,0,0,39.83333333,21.92666667,"6/18/2021","12/28/2021",-12.936,33.458,1006,"Rainfed","SeedCo","Private"
"Malawi",2021,"E0201","G098","L0106",1,0,0,0,79,NA,NA,146,1,0,1,81.46666667,18.33333333,4580.193333,1,1,0,0,1,0,0,2,1,1,0,0,41.51666667,21.94333333,"6/18/2021","12/28/2021",-12.936,33.458,1006,"Rainfed","SeedCo","Private"
"Malawi",2021,"E0201","G101","L0106",1,0,0,0,88,NA,NA,146,1,0,1,87,11,2475.986667,1,1,0,0,1,0,0,1,1,1,0,0,40.58666667,20.59666667,"6/18/2021","12/28/2021",-12.936,33.458,1006,"Rainfed","SeedCo","Private"
"Malawi",2021,"E0201","G107","L0106",1,0,0,0,84,NA,NA,146,1,0,1.333333333,93.93333333,11.66666667,2315.26,1,1,0,0,1,0,0,2,1,1,0,0,41.87,21.12,"6/18/2021","12/28/2021",-12.936,33.458,1006,"Rainfed","SeedCo","Private"
"Malawi",2021,"E0201","G111","L0106",1,0,0,0,88,NA,NA,146,3,0,1,81.6,11.66666667,2615.563333,1,1,0,0,1,0,0,1,1,1,0,0,38.91333333,22.43333333,"6/18/2021","12/28/2021",-12.936,33.458,1006,"Rainfed","SeedCo","Private"
"Malawi",2021,"E0201","G121","L0106",1,0,0,0,84,NA,NA,150,3,0,1,79.26666667,13,1677.29,1,1,0,0,1,0,0,2,1,1,0,0,43.28,19.89333333,"6/18/2021","12/28/2021",-12.936,33.458,1006,"Rainfed","CSIRO Agriculture and Food","Public"
"Malawi",2021,"E0201","G130","L0106",1,0,0,0,81,NA,NA,143,1,0,1,53.06666667,17.33333333,1076.946667,1,1,0,0,1,0,0,2,1,1,0,0,38.89,22.42666667,"6/18/2021","12/28/2021",-12.936,33.458,1006,"Rainfed","Klein Karoo Seed Marketing Zimbabwe K2 Seed","Private"
"Malawi",2021,"E0201","G131","L0106",1,0,0,0,84,NA,NA,143,1,0,1,59.13333333,13,630.21,1,1,0,0,1,0,0,1,1,1,0,0,33.39,22.22666667,"6/18/2021","12/28/2021",-12.936,33.458,1006,"Rainfed","Klein Karoo Seed Marketing Zimbabwe K2 Seed","Private"
"Malawi",2021,"E0201","G133","L0106",1,0,0,0,98,NA,NA,150,1,0,1,101.1333333,13.66666667,585.6166667,1,1,0,0,1,0,0,1,1,1,0,0,44.09,19.86,"6/18/2021","12/28/2021",-12.936,33.458,1006,"Rainfed","SeedCo","Private"
"Malawi",2021,"E0201","G136","L0106",1,0,0,0,91,NA,NA,146,1,0,1,77.73333333,14,3171.683333,1,1,0,0,1,0,0,1,1,1,0,0,40.92,21.58333333,"6/18/2021","12/28/2021",-12.936,33.458,1006,"Rainfed","Ethiopian Institute of Agricultural Research EIAR","Public"
"Malawi",2021,"E0201","G137","L0106",1,0,0,0,88,NA,NA,143,1,0,1,85.26666667,14.66666667,3089.16,1,1,0,0,1,0,0,1,1,1,0,0,41.3,21.48666667,"6/18/2021","12/28/2021",-12.936,33.458,1006,"Rainfed","SeedCo","Private"
"Malawi",2021,"E0201","G138","L0106",1,0,0,0,81,NA,NA,146,1,0,1,77.26666667,21,4742.053333,1,1,0,0,1,0,0,1,1,1,0,0,41.98333333,21.03666667,"6/18/2021","12/28/2021",-12.936,33.458,1006,"Rainfed","SeedCo","Private"
"Malawi",2021,"E0201","G141","L0106",1,0,0,0,88,NA,NA,146,1,0,1,87,15.66666667,3664.143333,1,1,0,0,1,0,0,1,1,1,0,0,40.72666667,21.79666667,"6/18/2021","12/28/2021",-12.936,33.458,1006,"Rainfed","SeedCo","Private"
"Malawi",2021,"E0201","G142","L0106",1,0,0,0,88,NA,NA,143,2,0,1,85,15,2335.713333,1,1,0,0,1,0,0,1,1,1,0,0,39.92,21.48666667,"6/18/2021","12/28/2021",-12.936,33.458,1006,"Rainfed","SeedCo","Private"
"Malawi",2021,"E0201","G143","L0106",1,0,0,0,82,NA,NA,150,1,0,1,83.46666667,20.33333333,3309.376667,1,1,0,0,1,0,0,1,1,1,0,0,41.23666667,21.87666667,"6/18/2021","12/28/2021",-12.936,33.458,1006,"Rainfed","SeedCo","Private"
"Malawi",2021,"E0201","G144","L0106",1,0,0,0,84,NA,NA,150,1,0,1,83.2,15.33333333,3343.036667,1,1,0,0,1,0,0,2,1,1,0,0,39.92333333,21.92666667,"6/18/2021","12/28/2021",-12.936,33.458,1006,"Rainfed","SeedCo","Private"
"Malawi",2021,"E0201","G145","L0106",1,0,0,0,91,NA,NA,150,3,0,1,86.73333333,11.66666667,1663.53,1,1,0,0,1,0,0,2,1,1,0,0,40.06,19.81666667,"6/18/2021","12/28/2021",-12.936,33.458,1006,"Rainfed","SeedCo","Private"
"Malawi",2021,"E0201","G146","L0106",1,0,0,0,82,NA,NA,150,1,0,1,98.06666667,14.33333333,3457.236667,1,1,0,0,1,0,0,2,1,1,0,0,40.15,21.65,"6/18/2021","12/28/2021",-12.936,33.458,1006,"Rainfed","SeedCo","Private"
"Malawi",2021,"E0201","G188","L0106",1,1,0,0,63,NA,NA,129,1,0,1,72.86666667,13.66666667,3088.453333,1,1,0,0,1,0,0,1,1,1,0,0,41.16333333,20.51666667,"6/18/2021","12/28/2021",-12.936,33.458,1006,"Rainfed","International Institute of Tropical Agriculture IITA","Public"
"Malawi",2021,"E0201","G193","L0106",1,0,0,0,88,NA,NA,143,3,0,1,71.8,14.66666667,3783.606667,1,1,0,0,1,0,0,1,1,1,0,0,40.41666667,20.62,"6/18/2021","12/28/2021",-12.936,33.458,1006,"Rainfed","International Institute of Tropical Agriculture IITA","Public"
"Malawi",2021,"E0201","G204","L0106",1,0,0,0,71,NA,NA,136,2,0,1,70.4,16.66666667,2639.57,1,1,0,0,1,0,0,1,1,1,0,0,39.56,21.70666667,"6/18/2021","12/28/2021",-12.936,33.458,1006,"Rainfed","International Institute of Tropical Agriculture IITA","Public"
"Malawi",2021,"E0201","G214","L0106",1,0,0,0,82,NA,NA,138.6666667,4,0,1,73.93333333,12.33333333,2736.52,1,1,0,0,1,0,0,1,1,1,0,0,41.54,20.29,"6/18/2021","12/28/2021",-12.936,33.458,1006,"Rainfed","International Institute of Tropical Agriculture IITA","Public"
"Malawi",2021,"E0201","G215","L0106",1,0,0,0,88,NA,NA,146,2,0,1.333333333,75.86666667,14.66666667,2832.303333,1,1,0,0,1,0,0,1,1,1,0,0,41.97666667,20.35333333,"6/18/2021","12/28/2021",-12.936,33.458,1006,"Rainfed","International Institute of Tropical Agriculture IITA","Public"
"Malawi",2021,"E0201","G233","L0106",1,0,0,0,77,NA,NA,146,1,0,1,75.4,16,3895.1,1,1,0,0,1,0,0,1,1,1,0,0,39.72,21.84,"6/18/2021","12/28/2021",-12.936,33.458,1006,"Rainfed","International Institute of Tropical Agriculture IITA","Public"
"Malawi",2021,"E0201","G241","L0106",1,0,0,0,84,NA,NA,150,3,0,1,67,12.33333333,1436.803333,1,1,0,0,1,0,0,1,1,1,0,0,41.03333333,19.87333333,"6/18/2021","12/28/2021",-12.936,33.458,1006,"Rainfed","International Institute of Tropical Agriculture IITA","Public"
"Malawi",2021,"E0201","G365","L0106",1,1,0,0,71,NA,NA,129,1,0,1,71.4,14,3073.823333,1,1,0,0,1,0,0,1,1,1,0,0,41.28,20.17,"6/18/2021","12/28/2021",-12.936,33.458,1006,"Rainfed","Department of Agricultural Research Services DARS","Public"
"Zambia",2021,"E0226","G002","L099",2,0,0,0,49,"White","Grey",114.3333333,1,0,2,55.33333333,16.66666667,2713.4,5,0,0,0,0,0,0,0,5,0,0,0,NA,NA,"12/30/2021","6/2/2022",-15.403,28.082,1300,"Irrigation","CSIRO Agriculture and Food","Public"
"Zambia",2021,"E0226","G006","L099",2,0,0,0,49.66666667,"Purple","Grey",110.6666667,1,0,1,41.66666667,20,1165.1,6,0,0,0,0,0,0,0,5,0,0,0,NA,NA,"12/30/2021","6/2/2022",-15.403,28.082,1300,"Irrigation","Agricultural Research Council ARC","Public"
"Zambia",2021,"E0226","G033","L099",2,0,0,0,54,"Purple","Tawny",106,1,0,1,58,16,2482.6,3,0,0,0,0,0,0,0,6,0,0,0,NA,NA,"12/30/2021","6/2/2022",-15.403,28.082,1300,"Irrigation","International Institute of Tropical Agriculture IITA","Public"
"Zambia",2021,"E0226","G056","L099",2,1,0,0,53,"Purple","Grey",117,1,0,1,59.33333333,16.33333333,2876.7,3,0,0,0,0,0,0,0,2,0,0,0,NA,NA,"12/30/2021","6/2/2022",-15.403,28.082,1300,"Irrigation","ZamSeed","Private"
"Zambia",2021,"E0226","G057","L099",2,0,0,0,57.33333333,"Purple","Grey",115.6666667,1,0,1,60.33333333,13.33333333,2023.433333,3,0,0,0,0,0,0,0,5,0,0,0,NA,NA,"12/30/2021","6/2/2022",-15.403,28.082,1300,"Irrigation","Klein Karoo Seed Marketing Zimbabwe K2 Seed","Private"
"Zambia",2021,"E0226","G068","L099",2,0,0,0,46.33333333,"White","Grey",114.6666667,1,0,1,43.33333333,17.33333333,2412.166667,2,0,0,0,0,0,0,0,3,0,0,0,NA,NA,"12/30/2021","6/2/2022",-15.403,28.082,1300,"Irrigation","Crop Breeding Institute CBI","Public"
"Zambia",2021,"E0226","G072","L099",2,0,0,0,56,"Purple","Grey",115,1,0,1,54.66666667,15.66666667,2561.6,4,0,0,0,0,0,0,0,6,0,0,0,NA,NA,"12/30/2021","6/2/2022",-15.403,28.082,1300,"Irrigation","Klein Karoo Seed Marketing Zimbabwe K2 Seed","Private"
"Zambia",2021,"E0226","G073","L099",2,0,0,0,51.66666667,"White","Grey",112.6666667,1,0,1.666666667,48,19.33333333,2560.3,2,0,0,0,0,0,0,0,2,0,0,0,NA,NA,"12/30/2021","6/2/2022",-15.403,28.082,1300,"Irrigation","CSIRO Agriculture and Food","Public"
"Zambia",2021,"E0226","G091","L099",2,0,0,0,59.33333333,"Purple","Grey",119.3333333,1,0,1.333333333,64.33333333,15,1715.266667,2,0,0,0,0,0,0,0,2,0,0,0,NA,NA,"12/30/2021","6/2/2022",-15.403,28.082,1300,"Irrigation","SeedCo","Private"
"Zambia",2021,"E0226","G092","L099",2,0,0,0,60,"Purple","Grey",127,1,0,1,73.66666667,16.33333333,2647.166667,2,0,0,0,0,0,0,0,2,0,0,0,NA,NA,"12/30/2021","6/2/2022",-15.403,28.082,1300,"Irrigation","SeedCo","Private"
"Zambia",2021,"E0226","G095","L099",2,0,0,0,57.33333333,"Purple","Tawny",117,1,0,1,45.33333333,15,1240.766667,4,0,0,0,0,0,0,0,5,0,0,0,NA,NA,"12/30/2021","6/2/2022",-15.403,28.082,1300,"Irrigation","SeedCo","Private"
"Zambia",2021,"E0226","G098","L099",2,0,0,0,52.33333333,"Purple","Tawny",115,1,0,2,44.66666667,17,1635.066667,3,0,0,0,0,0,0,0,7,0,0,0,NA,NA,"12/30/2021","6/2/2022",-15.403,28.082,1300,"Irrigation","SeedCo","Private"
"Zambia",2021,"E0226","G101","L099",2,0,0,0,57.66666667,"Purple","Grey",120.3333333,1,0,1,42.33333333,15,2793.733333,5,0,0,0,0,0,0,0,6,0,0,0,NA,NA,"12/30/2021","6/2/2022",-15.403,28.082,1300,"Irrigation","SeedCo","Private"
"Zambia",2021,"E0226","G103","L099",2,0,0,0,58.66666667,"Purple","Grey",119.6666667,1,0,1,35.66666667,15.33333333,1085.8,3,0,0,0,0,0,0,0,5,0,0,0,NA,NA,"12/30/2021","6/2/2022",-15.403,28.082,1300,"Irrigation","SeedCo","Private"
"Zambia",2021,"E0226","G105","L099",2,0,0,0,49.66666667,"White","Grey",120,1,0,1,53.33333333,16,2029.366667,2,0,0,0,0,0,0,0,2,0,0,0,NA,NA,"12/30/2021","6/2/2022",-15.403,28.082,1300,"Irrigation","SeedCo","Private"
"Zambia",2021,"E0226","G107","L099",2,0,0,0,59.33333333,"Purple","Tawny",120.3333333,1,0,1,56,15.33333333,2491.6,2,0,0,0,0,0,0,0,5,0,0,0,NA,NA,"12/30/2021","6/2/2022",-15.403,28.082,1300,"Irrigation","SeedCo","Private"
"Zambia",2021,"E0226","G109","L099",2,0,0,0,58.66666667,"Purple","Grey",121,1,0,1,53,15,2556.4,2,0,0,0,0,0,0,0,2,0,0,0,NA,NA,"12/30/2021","6/2/2022",-15.403,28.082,1300,"Irrigation","SeedCo","Private"
"Zambia",2021,"E0226","G111","L099",2,0,0,0,59.66666667,"White","Tawny",127.6666667,1,0,1.666666667,61.33333333,15,2955.3,2,0,0,0,0,0,0,0,2,0,0,0,NA,NA,"12/30/2021","6/2/2022",-15.403,28.082,1300,"Irrigation","SeedCo","Private"
"Zambia",2021,"E0226","G113","L099",2,0,0,0,68.33333333,"mixed","Tawny",120.3333333,1,0,1,53.33333333,17.33333333,2103.433333,2,0,0,0,0,0,0,0,2,0,0,0,NA,NA,"12/30/2021","6/2/2022",-15.403,28.082,1300,"Irrigation","SeedCo","Private"
"Zambia",2021,"E0226","G116","L099",2,0,0,0,56.66666667,"Purple","Tawny",118.6666667,1,0,1.333333333,51,14.66666667,1711.966667,5,0,0,0,0,0,0,0,6,0,0,0,NA,NA,"12/30/2021","6/2/2022",-15.403,28.082,1300,"Irrigation","SeedCo","Private"
"Zambia",2021,"E0226","G137","L099",2,1,0,0,55.66666667,"Purple","Grey",113,1,0,1,63.33333333,16.33333333,2185.133333,4,0,0,0,0,0,0,0,3,0,0,0,NA,NA,"12/30/2021","6/2/2022",-15.403,28.082,1300,"Irrigation","SeedCo","Private"
"Zambia",2021,"E0226","G143","L099",2,0,0,0,54,"White","Tawny",117.3333333,1,0,1,48.66666667,17.33333333,1630.566667,3,0,0,0,0,0,0,0,6,0,0,0,NA,NA,"12/30/2021","6/2/2022",-15.403,28.082,1300,"Irrigation","SeedCo","Private"
"Zambia",2021,"E0226","G146","L099",2,1,0,0,66,"Purple","Grey",114.3333333,1,0,1,68.66666667,16.33333333,2564.466667,3,0,0,0,0,0,0,0,4,0,0,0,NA,NA,"12/30/2021","6/2/2022",-15.403,28.082,1300,"Irrigation","SeedCo","Private"
"Zambia",2021,"E0226","G160","L099",2,0,0,0,49.33333333,"White","Grey",117.3333333,1,0,1.333333333,41.66666667,19.33333333,2022.2,2,0,0,0,0,0,0,0,4,0,0,0,NA,NA,"12/30/2021","6/2/2022",-15.403,28.082,1300,"Irrigation","CSIRO Agriculture and Food","Public"
"Zambia",2021,"E0226","G193","L099",2,0,0,0,60.66666667,"Purple","Grey",111.3333333,1,0,1.333333333,68,16.66666667,2641.5,2,0,0,0,0,0,0,0,4,0,0,0,NA,NA,"12/30/2021","6/2/2022",-15.403,28.082,1300,"Irrigation","International Institute of Tropical Agriculture IITA","Public"
"Zambia",2021,"E0226","G204","L099",2,0,0,0,57.33333333,"Purple","Grey",112.6666667,1,0,1,59.33333333,17.33333333,2800.633333,3,0,0,0,0,0,0,0,2,0,0,0,NA,NA,"12/30/2021","6/2/2022",-15.403,28.082,1300,"Irrigation","International Institute of Tropical Agriculture IITA","Public"
"Zambia",2021,"E0226","G214","L099",2,0,0,0,55.66666667,"Purple","Tawny",99,1,0,1,77.33333333,13.66666667,2874.633333,4,0,0,0,0,0,0,0,4,0,0,0,NA,NA,"12/30/2021","6/2/2022",-15.403,28.082,1300,"Irrigation","International Institute of Tropical Agriculture IITA","Public"
"Zambia",2021,"E0226","G233","L099",2,0,0,0,45.33333333,"White","Tawny",116.3333333,1,0,1,65,17,2954.6,4,0,0,0,0,0,0,0,5,0,0,0,NA,NA,"12/30/2021","6/2/2022",-15.403,28.082,1300,"Irrigation","International Institute of Tropical Agriculture IITA","Public"
"Zambia",2021,"E0226","G241","L099",2,0,0,0,59.33333333,"Purple","Grey",116.3333333,1,0,1,71.33333333,15,2570.133333,2,0,0,0,0,0,0,0,2,0,0,0,NA,NA,"12/30/2021","6/2/2022",-15.403,28.082,1300,"Irrigation","International Institute of Tropical Agriculture IITA","Public"
"Zambia",2021,"E0226","G244","L099",2,0,0,0,56.33333333,"Purple","Grey",112.3333333,1,0,1.333333333,62.33333333,16,2493.333333,3,0,0,0,0,0,0,0,4,0,0,0,NA,NA,"12/30/2021","6/2/2022",-15.403,28.082,1300,"Irrigation","International Institute of Tropical Agriculture IITA","Public"
"Zambia",2021,"E0226","G253","L099",2,0,0,0,59,"Purple","Tawny",114.6666667,2,0,1,72.33333333,16.66666667,2885.033333,3,0,0,0,0,0,0,0,4,0,0,0,NA,NA,"12/30/2021","6/2/2022",-15.403,28.082,1300,"Irrigation","International Institute of Tropical Agriculture IITA","Public"
"Zambia",2021,"E0226","G255","L099",2,0,0,0,55.33333333,"Purple","Tawny",113,1,0,1,57,17,3118.7,2,0,0,0,0,0,0,0,4,0,0,0,NA,NA,"12/30/2021","6/2/2022",-15.403,28.082,1300,"Irrigation","International Institute of Tropical Agriculture IITA","Public"
"Zambia",2021,"E0226","G307","L099",2,0,0,0,60.33333333,"Purple","Tawny",122.6666667,1,0,1,71.33333333,14.33333333,2725.766667,2,0,0,0,0,0,0,0,2,0,0,0,NA,NA,"12/30/2021","6/2/2022",-15.403,28.082,1300,"Irrigation","International Institute of Tropical Agriculture IITA","Public"
"Zambia",2021,"E0226","G310","L099",2,0,0,0,60,"Purple","Tawny",119.3333333,1,0,1,77.33333333,17.66666667,2886.933333,2,0,0,0,0,0,0,0,2,0,0,0,NA,NA,"12/30/2021","6/2/2022",-15.403,28.082,1300,"Irrigation","International Institute of Tropical Agriculture IITA","Public"
"Zambia",2021,"E0226","G312","L099",2,0,0,0,58.66666667,"Purple","Tawny",117,1,0,1,50.66666667,15.33333333,2179.333333,3,0,0,0,0,0,0,0,2,0,0,0,NA,NA,"12/30/2021","6/2/2022",-15.403,28.082,1300,"Irrigation","International Institute of Tropical Agriculture IITA","Public"
"Zambia",2021,"E0226","G314","L099",2,0,0,0,60.66666667,"Purple","Tawny",117.6666667,1,0,1.333333333,62.66666667,14.66666667,2872.766667,2,0,0,0,0,0,0,0,2,0,0,0,NA,NA,"12/30/2021","6/2/2022",-15.403,28.082,1300,"Irrigation","International Institute of Tropical Agriculture IITA","Public"
"Zambia",2021,"E0226","G320","L099",2,0,0,0,61,"Purple","Grey",121,1,0,1,70,16,1940.166667,2,0,0,0,0,0,0,0,2,0,0,0,NA,NA,"12/30/2021","6/2/2022",-15.403,28.082,1300,"Irrigation","International Institute of Tropical Agriculture IITA","Public"
"Zambia",2021,"E0226","G341","L099",2,0,0,0,58.33333333,"Purple","Grey",116.6666667,1,0,1,70.33333333,18,3027.833333,2,0,0,0,0,0,0,0,3,0,0,0,NA,NA,"12/30/2021","6/2/2022",-15.403,28.082,1300,"Irrigation","International Institute of Tropical Agriculture IITA","Public"
"Zambia",2021,"E0226","G342","L099",2,0,0,0,58.66666667,"Purple","Grey",115.3333333,1,0,1,71.33333333,18,3350.966667,2,0,0,0,0,0,0,0,2,0,0,0,NA,NA,"12/30/2021","6/2/2022",-15.403,28.082,1300,"Irrigation","International Institute of Tropical Agriculture IITA","Public"
"Zambia",2021,"E0226","G359","L099",2,0,0,0,59.33333333,"White","Grey",115,1,0,1,70.33333333,15.33333333,2877.166667,2,0,0,0,0,0,0,0,4,0,0,0,NA,NA,"12/30/2021","6/2/2022",-15.403,28.082,1300,"Irrigation","International Institute of Tropical Agriculture IITA","Public"
"Zambia",2021,"E0228","G002","L0118",2,0,122.3333333,40.66666667,51.66666667,"White","Grey",119.3333333,2,0,5,41,14,3105.333333,2,1,1,1,1,1,1,1,3,1,0,0,NA,NA,"12/28/2021","5/26/2022",-15.338,28.522,1135,"Irrigation","CSIRO Agriculture and Food","Public"
"Zambia",2021,"E0228","G006","L0118",2,0,98.33333333,32.66666667,52.33333333,"Purple","Grey",119.6666667,1,0,2.333333333,45.33333333,24,3086,2,1,1,1,1,1,1,1,4,1,0,0,NA,NA,"12/28/2021","5/26/2022",-15.338,28.522,1135,"Irrigation","Agricultural Research Council ARC","Public"
"Zambia",2021,"E0228","G033","L0118",2,0,90.33333333,30,57,"Purple","Tawny",113,2,0,2,62,15.33333333,2871,1,1,1,1,1,1,1,1,2,1,0,0,NA,NA,"12/28/2021","5/26/2022",-15.338,28.522,1135,"Irrigation","International Institute of Tropical Agriculture IITA","Public"
"Zambia",2021,"E0228","G056","L0118",2,1,93,30.66666667,55.66666667,"Purple","Grey",122,1,0,3,56.66666667,21,4034.333333,2,1,1,1,1,1,1,1,2,1,0,0,NA,NA,"12/28/2021","5/26/2022",-15.338,28.522,1135,"Irrigation","ZamSeed","Private"
"Zambia",2021,"E0228","G057","L0118",2,0,99.33333333,33,59.33333333,"Purple","Grey",128.3333333,1,0,1,67.66666667,21,3473.666667,1,1,1,1,1,1,1,1,2,1,0,0,NA,NA,"12/28/2021","5/26/2022",-15.338,28.522,1135,"Irrigation","Klein Karoo Seed Marketing Zimbabwe K2 Seed","Private"
"Zambia",2021,"E0228","G068","L0118",2,0,52,17,51.33333333,"White","Tawny",119,2,0,2,42.33333333,21.66666667,1651.666667,1,1,1,1,1,1,1,1,3,1,0,0,NA,NA,"12/28/2021","5/26/2022",-15.338,28.522,1135,"Irrigation","Crop Breeding Institute CBI","Public"
"Zambia",2021,"E0228","G072","L0118",2,0,126,42,57.66666667,"Purple","Tawny",126,1,0,2,51,22,3602.666667,2,1,1,1,1,1,1,1,3,1,0,0,NA,NA,"12/28/2021","5/26/2022",-15.338,28.522,1135,"Irrigation","Klein Karoo Seed Marketing Zimbabwe K2 Seed","Private"
"Zambia",2021,"E0228","G073","L0118",2,0,59.66666667,19.66666667,55,"White","Grey",119,3,0,5,39.66666667,18.66666667,2561.333333,2,1,1,1,1,1,1,1,3,1,0,0,NA,NA,"12/28/2021","5/26/2022",-15.338,28.522,1135,"Irrigation","CSIRO Agriculture and Food","Public"
"Zambia",2021,"E0228","G091","L0118",2,0,43.66666667,14.66666667,57.66666667,"Purple","Grey",132,2,0,1.333333333,72.66666667,24.66666667,2995.333333,2,1,1,1,1,1,1,1,2,1,0,0,NA,NA,"12/28/2021","5/26/2022",-15.338,28.522,1135,"Irrigation","SeedCo","Private"
"Zambia",2021,"E0228","G092","L0118",2,0,80,26.66666667,61,"Purple","Grey",127,3,0,1.333333333,68.33333333,22.33333333,3910.666667,1,1,1,1,1,1,1,1,3,1,0,0,NA,NA,"12/28/2021","5/26/2022",-15.338,28.522,1135,"Irrigation","SeedCo","Private"
"Zambia",2021,"E0228","G095","L0118",2,0,37.66666667,12.66666667,66.33333333,"Purple","Tawny",126.6666667,1,0,1.666666667,43,19.66666667,2676,2,1,1,1,1,1,1,1,2,1,0,0,NA,NA,"12/28/2021","5/26/2022",-15.338,28.522,1135,"Irrigation","SeedCo","Private"
"Zambia",2021,"E0228","G098","L0118",2,0,50,16.66666667,55,"Purple","Tawny",126,2,0,4,39,20.66666667,2335.333333,2,1,1,1,1,1,1,1,3,1,0,0,NA,NA,"12/28/2021","5/26/2022",-15.338,28.522,1135,"Irrigation","SeedCo","Private"
"Zambia",2021,"E0228","G101","L0118",2,0,38.33333333,13,57.66666667,"Purple","Tawny",132,1,0,1.333333333,37.33333333,20.66666667,2290,1,1,1,1,1,1,1,1,2,1,0,0,NA,NA,"12/28/2021","5/26/2022",-15.338,28.522,1135,"Irrigation","SeedCo","Private"
"Zambia",2021,"E0228","G103","L0118",2,0,5.666666667,2,58.33333333,"Purple","Tawny",126.3333333,3,0,1.666666667,34,19.66666667,318,1,1,1,1,1,1,1,1,3,1,0,0,NA,NA,"12/28/2021","5/26/2022",-15.338,28.522,1135,"Irrigation","SeedCo","Private"
"Zambia",2021,"E0228","G105","L0118",2,0,67,22.33333333,53,"White","Grey",132,2,0,3,49.33333333,23.33333333,2751.666667,2,1,1,1,1,1,1,1,2,1,0,0,NA,NA,"12/28/2021","5/26/2022",-15.338,28.522,1135,"Irrigation","SeedCo","Private"
"Zambia",2021,"E0228","G107","L0118",2,0,109,36.33333333,59,"Purple","Tawny",128.6666667,1,0,1,48.33333333,20,3469,2,1,1,1,1,1,1,1,2,1,0,0,NA,NA,"12/28/2021","5/26/2022",-15.338,28.522,1135,"Irrigation","SeedCo","Private"
"Zambia",2021,"E0228","G109","L0118",2,0,72.33333333,24,57.66666667,"Purple","Tawny",130.3333333,2,0,2.333333333,52,21,3582.333333,1,1,1,1,1,1,1,1,2,1,0,0,NA,NA,"12/28/2021","5/26/2022",-15.338,28.522,1135,"Irrigation","SeedCo","Private"
"Zambia",2021,"E0228","G111","L0118",2,0,121.3333333,40.66666667,57.66666667,"White","Tawny",126.6666667,1,0,2.333333333,55.66666667,21.33333333,3151.333333,1,1,1,1,1,1,1,1,1,1,0,0,NA,NA,"12/28/2021","5/26/2022",-15.338,28.522,1135,"Irrigation","SeedCo","Private"
"Zambia",2021,"E0228","G113","L0118",2,0,95.66666667,31.66666667,60,"Mixed","Tawny",132,2,0,1.666666667,65.33333333,21.66666667,3499.666667,2,1,1,1,1,1,1,1,1,1,0,0,NA,NA,"12/28/2021","5/26/2022",-15.338,28.522,1135,"Irrigation","SeedCo","Private"
"Zambia",2021,"E0228","G116","L0118",2,0,80.66666667,27,56.33333333,"Purple","Tawny",132,1,0,1.333333333,50,20,3785,2,1,1,1,1,1,1,1,2,1,0,0,NA,NA,"12/28/2021","5/26/2022",-15.338,28.522,1135,"Irrigation","SeedCo","Private"
"Zambia",2021,"E0228","G137","L0118",2,1,98,32.33333333,57.66666667,"Purple","Grey",126,2,0,1.333333333,70.66666667,21.66666667,3268.333333,2,1,1,1,1,1,1,1,2,1,0,0,NA,NA,"12/28/2021","5/26/2022",-15.338,28.522,1135,"Irrigation","SeedCo","Private"
"Zambia",2021,"E0228","G143","L0118",2,0,57.66666667,19.33333333,56.33333333,"White","Tawny",128.6666667,2,0,1,52.33333333,26.33333333,2732,1,1,1,1,1,1,1,1,2,1,0,0,NA,NA,"12/28/2021","5/26/2022",-15.338,28.522,1135,"Irrigation","SeedCo","Private"
"Zambia",2021,"E0228","G146","L0118",2,1,144.3333333,48,57,"Purple","Grey",126.6666667,1,0,2,67,20.33333333,3205.666667,2,1,1,1,1,1,1,1,2,1,0,0,NA,NA,"12/28/2021","5/26/2022",-15.338,28.522,1135,"Irrigation","SeedCo","Private"
"Zambia",2021,"E0228","G160","L0118",2,0,37.33333333,12.66666667,52,"White","Grey",126,2,0,5,39.33333333,19,1993,2,1,1,1,1,1,1,1,3,1,0,0,NA,NA,"12/28/2021","5/26/2022",-15.338,28.522,1135,"Irrigation","CSIRO Agriculture and Food","Public"
"Zambia",2021,"E0228","G193","L0118",2,0,99,32.66666667,62,"Purple","Grey",122,1,0,2,63.33333333,21,2617.333333,2,1,1,1,1,1,1,1,2,1,0,0,NA,NA,"12/28/2021","5/26/2022",-15.338,28.522,1135,"Irrigation","International Institute of Tropical Agriculture IITA","Public"
"Zambia",2021,"E0228","G204","L0118",2,0,134,44.66666667,61.66666667,"Purple","Grey",119.3333333,1,0,2.666666667,58.66666667,19.66666667,2728.666667,1,1,1,1,1,1,1,1,2,1,0,0,NA,NA,"12/28/2021","5/26/2022",-15.338,28.522,1135,"Irrigation","International Institute of Tropical Agriculture IITA","Public"
"Zambia",2021,"E0228","G214","L0118",2,0,43.33333333,14.33333333,62.66666667,"Purple","Tawny",122,1,0,1.333333333,53.66666667,16,3085.333333,1,1,1,1,1,1,1,1,2,1,0,0,NA,NA,"12/28/2021","5/26/2022",-15.338,28.522,1135,"Irrigation","International Institute of Tropical Agriculture IITA","Public"
"Zambia",2021,"E0228","G233","L0118",2,0,103.3333333,34.33333333,52,"White","Tawny",122,3,0,2,61.66666667,19.66666667,2907.333333,2,1,1,1,1,1,1,1,2,1,0,0,NA,NA,"12/28/2021","5/26/2022",-15.338,28.522,1135,"Irrigation","International Institute of Tropical Agriculture IITA","Public"
"Zambia",2021,"E0228","G241","L0118",2,0,103.3333333,34.33333333,58.66666667,"Purple","Tawny",126,2,0,2.666666667,70.66666667,20,2887.666667,1,1,1,1,1,1,1,1,1,1,0,0,NA,NA,"12/28/2021","5/26/2022",-15.338,28.522,1135,"Irrigation","International Institute of Tropical Agriculture IITA","Public"
"Zambia",2021,"E0228","G244","L0118",2,0,105,35,57,"Purple","Grey",119.3333333,2,0,1.333333333,69,19,3268.666667,2,1,1,1,1,1,1,1,2,1,0,0,NA,NA,"12/28/2021","5/26/2022",-15.338,28.522,1135,"Irrigation","International Institute of Tropical Agriculture IITA","Public"
"Zambia",2021,"E0228","G253","L0118",2,0,105.6666667,35,60.33333333,"Purple","Tawny",119,4,0,1.666666667,66.33333333,18.66666667,2902,2,1,1,1,1,1,1,1,2,1,0,0,NA,NA,"12/28/2021","5/26/2022",-15.338,28.522,1135,"Irrigation","International Institute of Tropical Agriculture IITA","Public"
"Zambia",2021,"E0228","G255","L0118",2,0,114.3333333,38.33333333,55.33333333,"Purple","Mixed",119.3333333,1,0,1,57.33333333,21,3420.333333,1,1,1,1,1,1,1,1,2,1,0,0,NA,NA,"12/28/2021","5/26/2022",-15.338,28.522,1135,"Irrigation","International Institute of Tropical Agriculture IITA","Public"
"Zambia",2021,"E0228","G307","L0118",2,0,106.3333333,35.33333333,62.66666667,"Purple","Tawny",126,3,0,1.333333333,65.66666667,21.66666667,3431.666667,1,1,1,1,1,1,1,1,2,1,0,0,NA,NA,"12/28/2021","5/26/2022",-15.338,28.522,1135,"Irrigation","International Institute of Tropical Agriculture IITA","Public"
"Zambia",2021,"E0228","G310","L0118",2,0,110.6666667,36.66666667,61,"Purple","Tawny",126.3333333,2,0,1,72.33333333,19,3201,2,1,1,1,1,1,1,1,1,1,0,0,NA,NA,"12/28/2021","5/26/2022",-15.338,28.522,1135,"Irrigation","International Institute of Tropical Agriculture IITA","Public"
"Zambia",2021,"E0228","G312","L0118",2,0,52.33333333,17.33333333,61,"Purple","Tawny",126.6666667,2,0,2,47.33333333,21.33333333,3423.333333,2,1,1,1,1,1,1,1,2,1,0,0,NA,NA,"12/28/2021","5/26/2022",-15.338,28.522,1135,"Irrigation","International Institute of Tropical Agriculture IITA","Public"
"Zambia",2021,"E0228","G314","L0118",2,0,61.66666667,20.66666667,61,"Purple","Tawny",126.6666667,2,0,2,57,21.33333333,3214,2,1,1,1,1,1,1,1,2,1,0,0,NA,NA,"12/28/2021","5/26/2022",-15.338,28.522,1135,"Irrigation","International Institute of Tropical Agriculture IITA","Public"
"Zambia",2021,"E0228","G320","L0118",2,0,121.6666667,40.33333333,62,"Purple","Tawny",126,2,0,1,78,21,3372.666667,1,1,1,1,1,1,1,1,1,1,0,0,NA,NA,"12/28/2021","5/26/2022",-15.338,28.522,1135,"Irrigation","International Institute of Tropical Agriculture IITA","Public"
"Zambia",2021,"E0228","G341","L0118",2,0,216.3333333,72.33333333,62.66666667,"Purple","Mixed",122,4,0,2,68.33333333,21.66666667,3519,2,1,1,1,1,1,1,1,2,1,0,0,NA,NA,"12/28/2021","5/26/2022",-15.338,28.522,1135,"Irrigation","International Institute of Tropical Agriculture IITA","Public"
"Zambia",2021,"E0228","G342","L0118",2,0,129.3333333,43,62,"Purple","Grey",122,4,0,1.333333333,61,20.66666667,3358.666667,1,1,1,1,1,1,1,1,2,1,0,0,NA,NA,"12/28/2021","5/26/2022",-15.338,28.522,1135,"Irrigation","International Institute of Tropical Agriculture IITA","Public"
"Zambia",2021,"E0228","G359","L0118",2,0,115.3333333,38.66666667,59.33333333,"White","Grey",126,3,0,2.666666667,71,20,3127,2,1,1,1,1,1,1,1,2,1,0,0,NA,NA,"12/28/2021","5/26/2022",-15.338,28.522,1135,"Irrigation","International Institute of Tropical Agriculture IITA","Public"
"Zambia",2021,"E0224","G002","L0117",2,0,147.6666667,49.33333333,50.66666667,"White","Grey",111,1,0,1,67,15.33333333,2762.123333,3,1,1,2,2,1,1,1,1,1,1,0,NA,NA,"1/5/2022","5/26/2022",-15.335,28.391,1167,"Supplementary","CSIRO Agriculture and Food","Public"
"Zambia",2021,"E0224","G006","L0117",2,0,89.66666667,29.66666667,49,"Purple","Grey",111,1,0,1,54.33333333,24,3453.08,4,1,2,3,3,1,1,1,2,1,1,0,NA,NA,"1/5/2022","5/26/2022",-15.335,28.391,1167,"Supplementary","Agricultural Research Council ARC","Public"
"Zambia",2021,"E0224","G033","L0117",2,0,158,52.66666667,52.33333333,"Purple","Tawny",112.3333333,1,0,1,68,13.33333333,2836.273333,4,1,1,1,2,1,1,1,1,1,1,0,NA,NA,"1/5/2022","5/26/2022",-15.335,28.391,1167,"Supplementary","International Institute of Tropical Agriculture IITA","Public"
"Zambia",2021,"E0224","G056","L0117",2,1,140,46.66666667,48,"Purple","Grey",111,1,0,1,70.66666667,17.33333333,4176.676667,4,1,4,1,3,1,1,1,2,4,3,0,NA,NA,"1/5/2022","5/26/2022",-15.335,28.391,1167,"Supplementary","ZamSeed","Private"
"Zambia",2021,"E0224","G057","L0117",2,0,194,64.33333333,52,"Purple","Grey",113.6666667,1,0,1,87.66666667,17,3918.71,5,1,1,2,3,4,1,1,1,1,1,0,NA,NA,"1/5/2022","5/26/2022",-15.335,28.391,1167,"Supplementary","Klein Karoo Seed Marketing Zimbabwe K2 Seed","Private"
"Zambia",2021,"E0224","G068","L0117",2,0,72.33333333,24,48.66666667,"White","Tawny",113.6666667,1,0,1,51.33333333,19,3942.33,3,1,1,1,2,2,1,1,1,1,1,0,NA,NA,"1/5/2022","5/26/2022",-15.335,28.391,1167,"Supplementary","Crop Breeding Institute CBI","Public"
"Zambia",2021,"E0224","G072","L0117",2,0,140.6666667,46.66666667,49.66666667,"Purple","Grey",111,1,0,1,68.33333333,18.33333333,3714.326667,4,1,1,2,3,2,1,1,1,1,1,0,NA,NA,"1/5/2022","5/26/2022",-15.335,28.391,1167,"Supplementary","Klein Karoo Seed Marketing Zimbabwe K2 Seed","Private"
"Zambia",2021,"E0224","G073","L0117",2,0,96,32.33333333,48.33333333,"White","Grey",111,1,0,1,65.33333333,19.33333333,2820.02,4,1,1,1,1,1,1,1,1,1,1,0,NA,NA,"1/5/2022","5/26/2022",-15.335,28.391,1167,"Supplementary","CSIRO Agriculture and Food","Public"
"Zambia",2021,"E0224","G091","L0117",2,0,46.66666667,15.66666667,52,"Purple","Grey",115,1,0,1,78.33333333,20,3837.91,2,1,1,1,1,1,1,1,1,1,1,0,NA,NA,"1/5/2022","5/26/2022",-15.335,28.391,1167,"Supplementary","SeedCo","Private"
"Zambia",2021,"E0224","G092","L0117",2,0,94,31.33333333,52.33333333,"Purple","Grey",115,1,0,1,91.66666667,20,3908.72,3,1,1,1,1,1,1,1,1,1,1,0,NA,NA,"1/5/2022","5/26/2022",-15.335,28.391,1167,"Supplementary","SeedCo","Private"
"Zambia",2021,"E0224","G095","L0117",2,0,55,18.33333333,50.33333333,"Purple","Tawny",116,1,0,1,52,20.33333333,3888.1,4,1,1,4,1,2,1,1,1,1,1,0,NA,NA,"1/5/2022","5/26/2022",-15.335,28.391,1167,"Supplementary","SeedCo","Private"
"Zambia",2021,"E0224","G098","L0117",2,0,96.33333333,32,49,"Purple","Tawny",116,1,0,1,53.66666667,22.66666667,3832.893333,5,1,1,1,1,3,1,1,1,1,1,0,NA,NA,"1/5/2022","5/26/2022",-15.335,28.391,1167,"Supplementary","SeedCo","Private"
"Zambia",2021,"E0224","G101","L0117",2,0,83.66666667,28,51.33333333,"Purple","Tawny",115,1,0,1,59.66666667,17.33333333,3134.813333,4,1,1,1,3,3,1,1,1,1,1,0,NA,NA,"1/5/2022","5/26/2022",-15.335,28.391,1167,"Supplementary","SeedCo","Private"
"Zambia",2021,"E0224","G103","L0117",2,0,28,9,52.33333333,"Purple","Tawny",117,1,0,1,45.33333333,22.33333333,2968.35,1,1,1,1,2,1,1,1,1,1,1,0,NA,NA,"1/5/2022","5/26/2022",-15.335,28.391,1167,"Supplementary","SeedCo","Private"
"Zambia",2021,"E0224","G105","L0117",2,0,50.33333333,17,48.66666667,"White","Grey",117,1,0,1,58.66666667,23,3888.99,4,1,1,1,1,1,1,1,1,1,1,0,NA,NA,"1/5/2022","5/26/2022",-15.335,28.391,1167,"Supplementary","SeedCo","Private"
"Zambia",2021,"E0224","G107","L0117",2,0,183.6666667,61.33333333,52,"Purple","Tawny",117,1,0,1,67.33333333,16.66666667,3235.043333,5,1,1,1,3,1,1,1,1,1,1,0,NA,NA,"1/5/2022","5/26/2022",-15.335,28.391,1167,"Supplementary","SeedCo","Private"
"Zambia",2021,"E0224","G109","L0117",2,0,112.6666667,37.66666667,50,"Purple","Tawny",117,1,0,1,63.33333333,17.33333333,2710.376667,4,1,1,2,3,2,1,1,1,1,1,0,NA,NA,"1/5/2022","5/26/2022",-15.335,28.391,1167,"Supplementary","SeedCo","Private"
"Zambia",2021,"E0224","G111","L0117",2,0,158,52.66666667,51.66666667,"White","Tawny",115.6666667,1,0,1,69.33333333,15.66666667,2784.24,4,1,1,2,1,1,1,1,2,1,1,0,NA,NA,"1/5/2022","5/26/2022",-15.335,28.391,1167,"Supplementary","SeedCo","Private"
"Zambia",2021,"E0224","G113","L0117",2,0,161.3333333,54,56.66666667,"Purple","Tawny",117,1,0,1,70.66666667,19,3048.813333,5,1,1,1,1,1,1,1,1,1,1,0,NA,NA,"1/5/2022","5/26/2022",-15.335,28.391,1167,"Supplementary","SeedCo","Private"
"Zambia",2021,"E0224","G116","L0117",2,0,146.3333333,48.66666667,50,"Purple","Tawny",116,1,0,1,80.66666667,18.33333333,3675.95,4,1,1,1,2,1,1,1,1,1,1,0,NA,NA,"1/5/2022","5/26/2022",-15.335,28.391,1167,"Supplementary","SeedCo","Private"
"Zambia",2021,"E0224","G137","L0117",2,1,174.6666667,58.33333333,52,"Purple","Grey",114.6666667,1,0,1,85,19,3658.686667,4,1,1,2,3,2,1,1,1,1,1,0,NA,NA,"1/5/2022","5/26/2022",-15.335,28.391,1167,"Supplementary","SeedCo","Private"
"Zambia",2021,"E0224","G143","L0117",2,0,26,8.666666667,52.66666667,"White","Tawny",117,1,0,1,62.66666667,24.66666667,3374.033333,3,1,1,1,1,1,1,1,1,1,1,0,NA,NA,"1/5/2022","5/26/2022",-15.335,28.391,1167,"Supplementary","SeedCo","Private"
"Zambia",2021,"E0224","G146","L0117",2,1,169.3333333,56.33333333,50.66666667,"Purple","Grey",113.3333333,1,0,1,81.33333333,18,3433.68,4,1,1,1,3,1,1,1,1,1,1,0,NA,NA,"1/5/2022","5/26/2022",-15.335,28.391,1167,"Supplementary","SeedCo","Private"
"Zambia",2021,"E0224","G160","L0117",2,0,41,13.66666667,48.66666667,"White","Grey",113.6666667,1,0,1,51.33333333,18.66666667,3694.09,4,1,4,4,3,2,1,1,2,1,1,0,NA,NA,"1/5/2022","5/26/2022",-15.335,28.391,1167,"Supplementary","CSIRO Agriculture and Food","Public"
"Zambia",2021,"E0224","G193","L0117",2,0,58.66666667,19.66666667,47.33333333,"Purple","Grey",111,2,0,1,79.66666667,16.66666667,3666.086667,2,1,1,1,2,2,1,1,1,1,1,0,NA,NA,"1/5/2022","5/26/2022",-15.335,28.391,1167,"Supplementary","International Institute of Tropical Agriculture IITA","Public"
"Zambia",2021,"E0224","G204","L0117",2,0,181.6666667,60.33333333,52,"Purple","Grey",111,3,0,1,90.33333333,18.66666667,3487.333333,1,1,1,1,1,1,1,1,1,1,1,0,NA,NA,"1/5/2022","5/26/2022",-15.335,28.391,1167,"Supplementary","International Institute of Tropical Agriculture IITA","Public"
"Zambia",2021,"E0224","G214","L0117",2,0,67.33333333,22.66666667,51.33333333,"Purple","Tawny",111,1,0,1,63,12.66666667,3607.216667,1,1,1,1,1,1,1,1,1,1,1,0,NA,NA,"1/5/2022","5/26/2022",-15.335,28.391,1167,"Supplementary","International Institute of Tropical Agriculture IITA","Public"
"Zambia",2021,"E0224","G233","L0117",2,0,189.3333333,63.33333333,50,"White","Tawny",111,3,0,1,93.66666667,20,2645.91,4,1,1,2,2,2,1,1,1,2,2,0,NA,NA,"1/5/2022","5/26/2022",-15.335,28.391,1167,"Supplementary","International Institute of Tropical Agriculture IITA","Public"
"Zambia",2021,"E0224","G241","L0117",2,0,33.66666667,11.33333333,53.33333333,"Purple","Tawny",115.3333333,4,0,1,88,17,3979.783333,2,1,1,1,1,2,1,1,1,1,1,0,NA,NA,"1/5/2022","5/26/2022",-15.335,28.391,1167,"Supplementary","International Institute of Tropical Agriculture IITA","Public"
"Zambia",2021,"E0224","G244","L0117",2,0,144,48,51.33333333,"Purple","Grey",111,2,0,1,94,17,3739.34,4,1,1,2,3,1,1,1,1,1,1,0,NA,NA,"1/5/2022","5/26/2022",-15.335,28.391,1167,"Supplementary","International Institute of Tropical Agriculture IITA","Public"
"Zambia",2021,"E0224","G253","L0117",2,0,205.3333333,68.33333333,57.33333333,"Purple","Tawny",111,4,0,1,95,17,3351.93,3,1,1,1,2,2,1,1,1,1,1,0,NA,NA,"1/5/2022","5/26/2022",-15.335,28.391,1167,"Supplementary","International Institute of Tropical Agriculture IITA","Public"
"Zambia",2021,"E0224","G255","L0117",2,0,174,58,50,"Purple","Tawny",116,1,0,1,73,16.33333333,2799.653333,4,1,1,1,2,1,1,1,1,1,1,0,NA,NA,"1/5/2022","5/26/2022",-15.335,28.391,1167,"Supplementary","International Institute of Tropical Agriculture IITA","Public"
"Zambia",2021,"E0224","G307","L0117",2,0,85.33333333,28.33333333,53.33333333,"Purple","Tawny",117,2,0,1,76.66666667,15.66666667,3152.826667,4,1,1,1,1,1,1,1,1,1,1,0,NA,NA,"1/5/2022","5/26/2022",-15.335,28.391,1167,"Supplementary","International Institute of Tropical Agriculture IITA","Public"
"Zambia",2021,"E0224","G310","L0117",2,0,145,48.33333333,53,"Purple","Tawny",120,1,0,1,88.66666667,17,3073.653333,4,1,1,1,1,1,1,1,1,1,1,0,NA,NA,"1/5/2022","5/26/2022",-15.335,28.391,1167,"Supplementary","International Institute of Tropical Agriculture IITA","Public"
"Zambia",2021,"E0224","G312","L0117",2,0,37.33333333,12.33333333,57,"Purple","Tawny",116,1,0,1,66.66666667,18.66666667,3530.83,4,1,1,1,2,1,1,1,1,1,1,0,NA,NA,"1/5/2022","5/26/2022",-15.335,28.391,1167,"Supplementary","International Institute of Tropical Agriculture IITA","Public"
"Zambia",2021,"E0224","G314","L0117",2,0,55.66666667,18.33333333,45.66666667,"Purple","Tawny",117,1,0,1,65.66666667,18,3737.743333,3,1,1,1,1,2,1,1,1,1,1,0,NA,NA,"1/5/2022","5/26/2022",-15.335,28.391,1167,"Supplementary","International Institute of Tropical Agriculture IITA","Public"
"Zambia",2021,"E0224","G320","L0117",2,0,95,31.66666667,55,"Purple","Tawny",117,1,0,1,84.66666667,17.33333333,3191.99,1,1,1,1,1,1,1,1,1,1,1,0,NA,NA,"1/5/2022","5/26/2022",-15.335,28.391,1167,"Supplementary","International Institute of Tropical Agriculture IITA","Public"
"Zambia",2021,"E0224","G341","L0117",2,0,202.6666667,67.66666667,53,"Purple","Grey",113.3333333,2,0,1,90,18.66666667,3392.733333,5,1,1,1,2,1,1,1,1,1,1,0,NA,NA,"1/5/2022","5/26/2022",-15.335,28.391,1167,"Supplementary","International Institute of Tropical Agriculture IITA","Public"
"Zambia",2021,"E0224","G342","L0117",2,0,210,70,55,"Purple","Grey",116.6666667,3,0,1,91.66666667,19.66666667,3136.923333,3,1,1,1,1,2,1,1,1,1,1,0,NA,NA,"1/5/2022","5/26/2022",-15.335,28.391,1167,"Supplementary","International Institute of Tropical Agriculture IITA","Public"
"Zambia",2021,"E0224","G359","L0117",2,0,210.6666667,70.33333333,53,"White","Grey",116.6666667,3,0,1,87.66666667,17.33333333,3084.01,3,1,1,3,1,1,1,1,1,1,1,0,NA,NA,"1/5/2022","5/26/2022",-15.335,28.391,1167,"Supplementary","International Institute of Tropical Agriculture IITA","Public"
"Zambia",2021,"E0225","G002","L098",2,0,91.33333333,30.33333333,50,"White","Grey",111.3333333,0,0,0,0,13.33333333,764.2133333,0,0,0,0,0,0,0,0,0,0,0,0,NA,NA,"11/26/2021","5/26/2022",-15.302,28.305,1190,"Irrigation","CSIRO Agriculture and Food","Public"
"Zambia",2021,"E0225","G006","L098",2,0,137.3333333,46,52.33333333,"Purple","Grey",113,0,0,0,0,20,1519.566667,0,0,0,0,0,0,0,0,0,0,0,0,NA,NA,"11/26/2021","5/26/2022",-15.302,28.305,1190,"Irrigation","Agricultural Research Council ARC","Public"
"Zambia",2021,"E0225","G033","L098",2,0,110,36.66666667,54.33333333,"Purple","Tawny",111,0,0,0,0,13.33333333,1472.273333,0,0,0,0,0,0,0,0,0,0,0,0,NA,NA,"11/26/2021","5/26/2022",-15.302,28.305,1190,"Irrigation","International Institute of Tropical Agriculture IITA","Public"
"Zambia",2021,"E0225","G056","L098",2,1,172.6666667,57.33333333,53.33333333,"Purple","Grey",112,0,0,0,0,15.33333333,1178.853333,0,0,0,0,0,0,0,0,0,0,0,0,NA,NA,"11/26/2021","5/26/2022",-15.302,28.305,1190,"Irrigation","ZamSeed","Private"
"Zambia",2021,"E0225","G057","L098",2,0,52,17.33333333,54,"Purple","Grey",120,0,0,0,0,16,2132.843333,0,0,0,0,0,0,0,0,0,0,0,0,NA,NA,"11/26/2021","5/26/2022",-15.302,28.305,1190,"Irrigation","Klein Karoo Seed Marketing Zimbabwe K2 Seed","Private"
"Zambia",2021,"E0225","G068","L098",2,0,120.3333333,40,49.33333333,"White","Tawny",111.3333333,0,0,0,0,13.66666667,1236.066667,0,0,0,0,0,0,0,0,0,0,0,0,NA,NA,"11/26/2021","5/26/2022",-15.302,28.305,1190,"Irrigation","Crop Breeding Institute CBI","Public"
"Zambia",2021,"E0225","G072","L098",2,0,121,40.33333333,52.33333333,"Purple","Tawny",114,0,0,0,0,12.66666667,1331.663333,0,0,0,0,0,0,0,0,0,0,0,0,NA,NA,"11/26/2021","5/26/2022",-15.302,28.305,1190,"Irrigation","Klein Karoo Seed Marketing Zimbabwe K2 Seed","Private"
"Zambia",2021,"E0225","G073","L098",2,0,200.3333333,66.66666667,53,"White","Grey",111,0,0,0,0,14.66666667,1269.31,0,0,0,0,0,0,0,0,0,0,0,0,NA,NA,"11/26/2021","5/26/2022",-15.302,28.305,1190,"Irrigation","CSIRO Agriculture and Food","Public"
"Zambia",2021,"E0225","G091","L098",2,0,50,16.66666667,55.33333333,"Purple","Grey",122.3333333,0,0,0,0,10,2282.61,0,0,0,0,0,0,0,0,0,0,0,0,NA,NA,"11/26/2021","5/26/2022",-15.302,28.305,1190,"Irrigation","SeedCo","Private"
"Zambia",2021,"E0225","G092","L098",2,0,107.3333333,35.66666667,54,"Purple","Grey",124,0,0,0,0,10.66666667,2368.715,0,0,0,0,0,0,0,0,0,0,0,0,NA,NA,"11/26/2021","5/26/2022",-15.302,28.305,1190,"Irrigation","SeedCo","Private"
"Zambia",2021,"E0225","G095","L098",2,0,37.66666667,12.66666667,54.66666667,"Purple","Tawny",114,0,0,0,0,13.33333333,1391.633333,0,0,0,0,0,0,0,0,0,0,0,0,NA,NA,"11/26/2021","5/26/2022",-15.302,28.305,1190,"Irrigation","SeedCo","Private"
"Zambia",2021,"E0225","G098","L098",2,0,60.66666667,20,49,"Purple","Tawny",115.3333333,0,0,0,0,15.33333333,858.9,0,0,0,0,0,0,0,0,0,0,0,0,NA,NA,"11/26/2021","5/26/2022",-15.302,28.305,1190,"Irrigation","SeedCo","Private"
"Zambia",2021,"E0225","G101","L098",2,0,78.33333333,26.33333333,55,"Purple","Tawny",122.6666667,0,0,0,0,15.66666667,1626.09,0,0,0,0,0,0,0,0,0,0,0,0,NA,NA,"11/26/2021","5/26/2022",-15.302,28.305,1190,"Irrigation","SeedCo","Private"
"Zambia",2021,"E0225","G103","L098",2,0,28.33333333,9.333333333,52.33333333,"Purple","Tawny",114.6666667,0,0,0,0,14.66666667,516.8633333,0,0,0,0,0,0,0,0,0,0,0,0,NA,NA,"11/26/2021","5/26/2022",-15.302,28.305,1190,"Irrigation","SeedCo","Private"
"Zambia",2021,"E0225","G105","L098",2,0,84,28,52,"White","Grey",116,0,0,0,0,16.66666667,1599.84,0,0,0,0,0,0,0,0,0,0,0,0,NA,NA,"11/26/2021","5/26/2022",-15.302,28.305,1190,"Irrigation","SeedCo","Private"
"Zambia",2021,"E0225","G107","L098",2,0,281.6666667,94,55,"Purple","Tawny",117,0,0,0,0,14.66666667,1657.64,0,0,0,0,0,0,0,0,0,0,0,0,NA,NA,"11/26/2021","5/26/2022",-15.302,28.305,1190,"Irrigation","SeedCo","Private"
"Zambia",2021,"E0225","G109","L098",2,0,175.3333333,58.33333333,52.66666667,"Purple","Tawny",122,0,0,0,0,13.66666667,1846.693333,0,0,0,0,0,0,0,0,0,0,0,0,NA,NA,"11/26/2021","5/26/2022",-15.302,28.305,1190,"Irrigation","SeedCo","Private"
"Zambia",2021,"E0225","G111","L098",2,0,156.3333333,52.33333333,54.66666667,"White","Tawny",122,0,0,0,0,11.66666667,1905.596667,0,0,0,0,0,0,0,0,0,0,0,0,NA,NA,"11/26/2021","5/26/2022",-15.302,28.305,1190,"Irrigation","SeedCo","Private"
"Zambia",2021,"E0225","G113","L098",2,0,152.6666667,50.66666667,53.66666667,"Purple","Tawny",82.66666667,0,0,0,0,16,2490.486667,0,0,0,0,0,0,0,0,0,0,0,0,NA,NA,"11/26/2021","5/26/2022",-15.302,28.305,1190,"Irrigation","SeedCo","Private"
"Zambia",2021,"E0225","G116","L098",2,0,119.3333333,40,54,"Purple","Tawny",118,0,0,0,0,13.66666667,2069.793333,0,0,0,0,0,0,0,0,0,0,0,0,NA,NA,"11/26/2021","5/26/2022",-15.302,28.305,1190,"Irrigation","SeedCo","Private"
"Zambia",2021,"E0225","G137","L098",2,1,117.6666667,39.33333333,52.33333333,"Purple","Grey",116,0,0,0,0,17.66666667,1927.51,0,0,0,0,0,0,0,0,0,0,0,0,NA,NA,"11/26/2021","5/26/2022",-15.302,28.305,1190,"Irrigation","SeedCo","Private"
"Zambia",2021,"E0225","G143","L098",2,0,290,96.66666667,54,"White","Tawny",116.6666667,0,0,0,0,19.66666667,1448.306667,0,0,0,0,0,0,0,0,0,0,0,0,NA,NA,"11/26/2021","5/26/2022",-15.302,28.305,1190,"Irrigation","SeedCo","Private"
"Zambia",2021,"E0225","G146","L098",2,1,298,99.33333333,53,"Purple","Grey",115.6666667,0,0,0,0,16.33333333,2632.606667,0,0,0,0,0,0,0,0,0,0,0,0,NA,NA,"11/26/2021","5/26/2022",-15.302,28.305,1190,"Irrigation","SeedCo","Private"
"Zambia",2021,"E0225","G160","L098",2,0,11.66666667,4,52.66666667,"White","Grey",111.6666667,0,0,0,0,10.33333333,779.345,0,0,0,0,0,0,0,0,0,0,0,0,NA,NA,"11/26/2021","5/26/2022",-15.302,28.305,1190,"Irrigation","CSIRO Agriculture and Food","Public"
"Zambia",2021,"E0225","G193","L098",2,0,143.3333333,47.66666667,57.66666667,"Purple","Grey",117,0,0,0,0,14.33333333,1898.293333,0,0,0,0,0,0,0,0,0,0,0,0,NA,NA,"11/26/2021","5/26/2022",-15.302,28.305,1190,"Irrigation","International Institute of Tropical Agriculture IITA","Public"
"Zambia",2021,"E0225","G204","L098",2,0,200.6666667,66.66666667,55.33333333,"Purple","Grey",118,0,0,0,0,13.66666667,1714.696667,0,0,0,0,0,0,0,0,0,0,0,0,NA,NA,"11/26/2021","5/26/2022",-15.302,28.305,1190,"Irrigation","International Institute of Tropical Agriculture IITA","Public"
"Zambia",2021,"E0225","G214","L098",2,0,277,92.33333333,53,"Purple","Tawny",111.6666667,0,0,0,0,13.66666667,2737.113333,0,0,0,0,0,0,0,0,0,0,0,0,NA,NA,"11/26/2021","5/26/2022",-15.302,28.305,1190,"Irrigation","International Institute of Tropical Agriculture IITA","Public"
"Zambia",2021,"E0225","G233","L098",2,0,197.6666667,65.66666667,52.33333333,"White","Tawny",122,0,0,0,0,18.66666667,2151.626667,0,0,0,0,0,0,0,0,0,0,0,0,NA,NA,"11/26/2021","5/26/2022",-15.302,28.305,1190,"Irrigation","International Institute of Tropical Agriculture IITA","Public"
"Zambia",2021,"E0225","G241","L098",2,0,110.6666667,36.66666667,54.33333333,"Purple","Tawny",116,0,0,0,0,14.66666667,2255.943333,0,0,0,0,0,0,0,0,0,0,0,0,NA,NA,"11/26/2021","5/26/2022",-15.302,28.305,1190,"Irrigation","International Institute of Tropical Agriculture IITA","Public"
"Zambia",2021,"E0225","G244","L098",2,0,120.6666667,40.33333333,51.66666667,"Purple","Grey",184.6666667,0,0,0,0,17.33333333,2611.476667,0,0,0,0,0,0,0,0,0,0,0,0,NA,NA,"11/26/2021","5/26/2022",-15.302,28.305,1190,"Irrigation","International Institute of Tropical Agriculture IITA","Public"
"Zambia",2021,"E0225","G253","L098",2,0,171.6666667,57.33333333,55.66666667,"Purple","Tawny",111.3333333,0,0,0,0,14.33333333,2417.463333,0,0,0,0,0,0,0,0,0,0,0,0,NA,NA,"11/26/2021","5/26/2022",-15.302,28.305,1190,"Irrigation","International Institute of Tropical Agriculture IITA","Public"
"Zambia",2021,"E0225","G255","L098",2,0,199.6666667,66.66666667,54.33333333,"Purple","Tawny",122,0,0,0,0,13,2110.716667,0,0,0,0,0,0,0,0,0,0,0,0,NA,NA,"11/26/2021","5/26/2022",-15.302,28.305,1190,"Irrigation","International Institute of Tropical Agriculture IITA","Public"
"Zambia",2021,"E0225","G307","L098",2,0,186,62,55.33333333,"Purple","Tawny",121.3333333,0,0,0,0,16,2115.78,0,0,0,0,0,0,0,0,0,0,0,0,NA,NA,"11/26/2021","5/26/2022",-15.302,28.305,1190,"Irrigation","International Institute of Tropical Agriculture IITA","Public"
"Zambia",2021,"E0225","G310","L098",2,0,222,74,56,"Purple","Tawny",120,0,0,0,0,17.33333333,2634.113333,0,0,0,0,0,0,0,0,0,0,0,0,NA,NA,"11/26/2021","5/26/2022",-15.302,28.305,1190,"Irrigation","International Institute of Tropical Agriculture IITA","Public"
"Zambia",2021,"E0225","G312","L098",2,0,47.33333333,15.66666667,55.33333333,"Purple","Tawny",118.3333333,0,0,0,0,13.33333333,1003.976667,0,0,0,0,0,0,0,0,0,0,0,0,NA,NA,"11/26/2021","5/26/2022",-15.302,28.305,1190,"Irrigation","International Institute of Tropical Agriculture IITA","Public"
"Zambia",2021,"E0225","G314","L098",2,0,228.3333333,76,55.33333333,"Purple","Tawny",120.3333333,0,0,0,0,16,2073.196667,0,0,0,0,0,0,0,0,0,0,0,0,NA,NA,"11/26/2021","5/26/2022",-15.302,28.305,1190,"Irrigation","International Institute of Tropical Agriculture IITA","Public"
"Zambia",2021,"E0225","G320","L098",2,0,129.6666667,43,54,"Purple",NA,123.6666667,0,0,0,0,18,2552.116667,0,0,0,0,0,0,0,0,0,0,0,0,NA,NA,"11/26/2021","5/26/2022",-15.302,28.305,1190,"Irrigation","International Institute of Tropical Agriculture IITA","Public"
"Zambia",2021,"E0225","G341","L098",2,0,274,91.33333333,55,"Purple","Grey",115,0,0,0,0,17.66666667,2608.35,0,0,0,0,0,0,0,0,0,0,0,0,NA,NA,"11/26/2021","5/26/2022",-15.302,28.305,1190,"Irrigation","International Institute of Tropical Agriculture IITA","Public"
"Zambia",2021,"E0225","G342","L098",2,0,172.3333333,57.33333333,56,"Purple","Tawny",122,0,0,0,0,16,1798.29,0,0,0,0,0,0,0,0,0,0,0,0,NA,NA,"11/26/2021","5/26/2022",-15.302,28.305,1190,"Irrigation","International Institute of Tropical Agriculture IITA","Public"
"Zambia",2021,"E0225","G359","L098",2,0,138.6666667,46.33333333,54,"White","Tawny",118,0,0,0,0,16,1739.336667,0,0,0,0,0,0,0,0,0,0,0,0,NA,NA,"11/26/2021","5/26/2022",-15.302,28.305,1190,"Irrigation","International Institute of Tropical Agriculture IITA","Public"
"Zambia",2021,"E0229","G002","L0119",2,0,0,0,46,"White","Grey",109,2,0,2.333333333,41.66666667,16.33333333,3667.493333,3,2,1,2,1,1,1,2,1,0,0,0,NA,NA,"12/19/2021","6/6/2022",-15.289,28.296,1190,"Supplementary","CSIRO Agriculture and Food","Public"
"Zambia",2021,"E0229","G006","L0119",2,0,0,0,49,"Purple","Mixed",115,1,0,1,40,23.66666667,1680.586667,2,2,1,2,1,1,1,1,0,1,0,0,NA,NA,"12/19/2021","6/6/2022",-15.289,28.296,1190,"Supplementary","Agricultural Research Council ARC","Public"
"Zambia",2021,"E0229","G033","L0119",2,0,0,0,50.66666667,"Purple","Tawny",107,2,0,1,71.66666667,15.33333333,2766.803333,1,1,1,1,1,1,1,1,1,1,0,0,NA,NA,"12/19/2021","6/6/2022",-15.289,28.296,1190,"Supplementary","International Institute of Tropical Agriculture IITA","Public"
"Zambia",2021,"E0229","G056","L0119",2,1,0,0,49.33333333,"Purple","Grey",109,1,0,1.333333333,56.66666667,17.66666667,3443.32,2,2,1,1,1,1,1,1,1,1,0,0,NA,NA,"12/19/2021","6/6/2022",-15.289,28.296,1190,"Supplementary","ZamSeed","Private"
"Zambia",2021,"E0229","G057","L0119",2,0,0,0,50,"Purple","Grey",78,1,0,1,83.33333333,15.66666667,4251.4,1,1,1,1,1,1,1,1,1,1,0,0,NA,NA,"12/19/2021","6/6/2022",-15.289,28.296,1190,"Supplementary","Klein Karoo Seed Marketing Zimbabwe K2 Seed","Private"
"Zambia",2021,"E0229","G068","L0119",2,0,0,0,46,"White","Mixed",121.6666667,1,0,1,46.66666667,20.33333333,1339.31,3,2,1,1,1,1,1,2,1,1,0,0,NA,NA,"12/19/2021","6/6/2022",-15.289,28.296,1190,"Supplementary","Crop Breeding Institute CBI","Public"
"Zambia",2021,"E0229","G072","L0119",2,0,0,0,51.66666667,"Purple","Mixed",112.3333333,1,0,1,61.66666667,17,3914.223333,3,3,1,2,1,1,1,1,1,3,0,0,NA,NA,"12/19/2021","6/6/2022",-15.289,28.296,1190,"Supplementary","Klein Karoo Seed Marketing Zimbabwe K2 Seed","Private"
"Zambia",2021,"E0229","G073","L0119",2,0,0,0,47,"White","Grey",113,1,0,2.666666667,45,20.66666667,1860.273333,2,1,1,1,1,1,1,1,1,1,0,0,NA,NA,"12/19/2021","6/6/2022",-15.289,28.296,1190,"Supplementary","CSIRO Agriculture and Food","Public"
"Zambia",2021,"E0229","G091","L0119",2,0,0,0,49.66666667,"Purple","Grey",43.66666667,2,0,1,53.33333333,18.66666667,1458.966667,1,1,1,1,1,1,1,1,1,1,0,0,NA,NA,"12/19/2021","6/6/2022",-15.289,28.296,1190,"Supplementary","SeedCo","Private"
"Zambia",2021,"E0229","G092","L0119",2,0,0,0,49,"Purple","Grey",40,2,0,0.666666667,56.66666667,12.33333333,3755.075,1,1,1,1,1,1,1,1,1,1,0,0,NA,NA,"12/19/2021","6/6/2022",-15.289,28.296,1190,"Supplementary","SeedCo","Private"
"Zambia",2021,"E0229","G095","L0119",2,0,0,0,50.66666667,"Purple","Tawny",119,1,0,1.666666667,43.33333333,19.33333333,1287.056667,2,1,1,1,1,1,0,2,0,2,0,0,NA,NA,"12/19/2021","6/6/2022",-15.289,28.296,1190,"Supplementary","SeedCo","Private"
"Zambia",2021,"E0229","G098","L0119",2,0,0,0,46.66666667,"Purple","Tawny",120,1,0,2,36.66666667,20,614.42,1,1,1,1,1,1,1,1,1,1,0,0,NA,NA,"12/19/2021","6/6/2022",-15.289,28.296,1190,"Supplementary","SeedCo","Private"
"Zambia",2021,"E0229","G101","L0119",2,0,0,0,49,"Purple","Tawny",40,0,0,0.333333333,50,19,897.4766667,2,2,5,2,1,1,0,2,1,0,0,0,NA,NA,"12/19/2021","6/6/2022",-15.289,28.296,1190,"Supplementary","SeedCo","Private"
"Zambia",2021,"E0229","G103","L0119",2,0,0,0,49,"Purple","Mixed",40,0,0,0,46.66666667,20,85.08333333,0,0,0,0,0,0,0,0,0,0,0,0,NA,NA,"12/19/2021","6/6/2022",-15.289,28.296,1190,"Supplementary","SeedCo","Private"
"Zambia",2021,"E0229","G105","L0119",2,0,0,0,46.33333333,"White","Mixed",120,1,0,1.333333333,63.33333333,19.66666667,2050.863333,1,1,1,1,1,1,1,1,1,1,0,0,NA,NA,"12/19/2021","6/6/2022",-15.289,28.296,1190,"Supplementary","SeedCo","Private"
"Zambia",2021,"E0229","G107","L0119",2,0,0,0,50.33333333,"Purple","Tawny",40,1,0,1,66.66666667,15,4239.623333,1,1,0,1,1,1,1,2,1,1,0,0,NA,NA,"12/19/2021","6/6/2022",-15.289,28.296,1190,"Supplementary","SeedCo","Private"
"Zambia",2021,"E0229","G109","L0119",2,0,0,0,49,"Purple","Tawny",120,1,0,1.333333333,61.66666667,17.33333333,3993.163333,1,1,1,1,1,1,1,1,0,1,0,0,NA,NA,"12/19/2021","6/6/2022",-15.289,28.296,1190,"Supplementary","SeedCo","Private"
"Zambia",2021,"E0229","G111","L0119",2,0,0,0,47.66666667,"White","Tawny",120,1,0,1.333333333,63.33333333,19.66666667,4000.436667,1,1,1,1,1,1,1,1,1,0,0,0,NA,NA,"12/19/2021","6/6/2022",-15.289,28.296,1190,"Supplementary","SeedCo","Private"
"Zambia",2021,"E0229","G113","L0119",2,0,0,0,50,"Purple","Tawny",40,1,0,1,66.66666667,19.66666667,3946.02,1,1,1,1,1,1,1,2,1,1,0,0,NA,NA,"12/19/2021","6/6/2022",-15.289,28.296,1190,"Supplementary","SeedCo","Private"
"Zambia",2021,"E0229","G116","L0119",2,0,0,0,49.66666667,"Purple","Tawny",120,1,0,1,70,18.66666667,3706.223333,1,1,0,1,1,1,1,1,1,1,0,0,NA,NA,"12/19/2021","6/6/2022",-15.289,28.296,1190,"Supplementary","SeedCo","Private"
"Zambia",2021,"E0229","G137","L0119",2,1,0,0,48.66666667,"Purple","Mixed",117.3333333,1,0,1,86.66666667,17.33333333,4905.193333,1,1,0,1,1,1,1,1,1,1,0,0,NA,NA,"12/19/2021","6/6/2022",-15.289,28.296,1190,"Supplementary","SeedCo","Private"
"Zambia",2021,"E0229","G143","L0119",2,0,0,0,32.66666667,"White","Tawny",40,0,0,0,48.33333333,20.66666667,361.4433333,1,1,1,0,1,1,0,1,1,0,0,0,NA,NA,"12/19/2021","6/6/2022",-15.289,28.296,1190,"Supplementary","SeedCo","Private"
"Zambia",2021,"E0229","G146","L0119",2,1,0,0,49.66666667,"Purple","Mixed",119,1,0,1,86.66666667,19,4156.543333,1,1,0,1,1,1,1,1,1,1,0,0,NA,NA,"12/19/2021","6/6/2022",-15.289,28.296,1190,"Supplementary","SeedCo","Private"
"Zambia",2021,"E0229","G160","L0119",2,0,0,0,48.33333333,"White","Mixed",39,0,0,1,13.33333333,20.66666667,219.7133333,0,0,0,0,0,0,0,0,0,0,0,0,NA,NA,"12/19/2021","6/6/2022",-15.289,28.296,1190,"Supplementary","CSIRO Agriculture and Food","Public"
"Zambia",2021,"E0229","G193","L0119",2,0,0,0,51.66666667,"Purple","Grey",111.3333333,3,0,1,83.33333333,12.66666667,4767.21,1,1,0,1,1,2,0,1,1,1,0,0,NA,NA,"12/19/2021","6/6/2022",-15.289,28.296,1190,"Supplementary","International Institute of Tropical Agriculture IITA","Public"
"Zambia",2021,"E0229","G204","L0119",2,0,0,0,50.33333333,"Purple","Grey",105.6666667,2,0,1,71.66666667,10.33333333,4293.983333,2,1,1,1,1,1,1,1,1,1,0,0,NA,NA,"12/19/2021","6/6/2022",-15.289,28.296,1190,"Supplementary","International Institute of Tropical Agriculture IITA","Public"
"Zambia",2021,"E0229","G214","L0119",2,0,0,0,49.66666667,"Purple","Tawny",110,2,0,1,63.33333333,15.66666667,4459.613333,1,1,1,1,1,1,1,1,1,1,0,0,NA,NA,"12/19/2021","6/6/2022",-15.289,28.296,1190,"Supplementary","International Institute of Tropical Agriculture IITA","Public"
"Zambia",2021,"E0229","G233","L0119",2,0,0,0,48,"White","Mixed",113,3,0,1,80,16.33333333,4906.656667,1,1,1,1,1,1,1,1,1,1,0,0,NA,NA,"12/19/2021","6/6/2022",-15.289,28.296,1190,"Supplementary","International Institute of Tropical Agriculture IITA","Public"
"Zambia",2021,"E0229","G241","L0119",2,0,0,0,48.66666667,"Purple","Mixed",117.3333333,3,0,1.333333333,80,15,2501.56,1,1,1,1,1,1,1,1,1,1,0,0,NA,NA,"12/19/2021","6/6/2022",-15.289,28.296,1190,"Supplementary","International Institute of Tropical Agriculture IITA","Public"
"Zambia",2021,"E0229","G244","L0119",2,0,0,0,49,"Purple","Grey",110.6666667,2,0,1,90,16,4647.61,3,2,1,2,1,1,1,1,1,3,0,0,NA,NA,"12/19/2021","6/6/2022",-15.289,28.296,1190,"Supplementary","International Institute of Tropical Agriculture IITA","Public"
"Zambia",2021,"E0229","G253","L0119",2,0,0,0,49.33333333,"Purple","Tawny",112.6666667,3,0,1,83.33333333,18,4790.896667,2,1,1,1,1,1,1,1,1,1,0,0,NA,NA,"12/19/2021","6/6/2022",-15.289,28.296,1190,"Supplementary","International Institute of Tropical Agriculture IITA","Public"
"Zambia",2021,"E0229","G255","L0119",2,0,0,0,50.66666667,"Purple","Mixed",118,1,0,1,80,14.66666667,5440.016667,1,1,1,1,1,1,1,1,1,1,0,0,NA,NA,"12/19/2021","6/6/2022",-15.289,28.296,1190,"Supplementary","International Institute of Tropical Agriculture IITA","Public"
"Zambia",2021,"E0229","G307","L0119",2,0,0,0,47.66666667,"Purple","Tawny",118.3333333,3,0,1,86.66666667,16,5223.366667,1,1,1,1,1,1,1,1,1,1,0,0,NA,NA,"12/19/2021","6/6/2022",-15.289,28.296,1190,"Supplementary","International Institute of Tropical Agriculture IITA","Public"
"Zambia",2021,"E0229","G310","L0119",2,0,0,0,49,"Purple","Mixed",120,2,0,1,93.33333333,17,4681.853333,1,1,1,1,1,1,1,1,1,1,0,0,NA,NA,"12/19/2021","6/6/2022",-15.289,28.296,1190,"Supplementary","International Institute of Tropical Agriculture IITA","Public"
"Zambia",2021,"E0229","G312","L0119",2,0,0,0,50.66666667,"Purple","Mixed",79,1,0,1,73.33333333,17.33333333,3444.58,1,1,1,1,1,1,1,1,1,2,0,0,NA,NA,"12/19/2021","6/6/2022",-15.289,28.296,1190,"Supplementary","International Institute of Tropical Agriculture IITA","Public"
"Zambia",2021,"E0229","G314","L0119",2,0,0,0,51,"Purple","Mixed",119,2,0,1,71.66666667,16.66666667,4285.243333,1,1,1,1,1,1,1,1,1,1,0,0,NA,NA,"12/19/2021","6/6/2022",-15.289,28.296,1190,"Supplementary","International Institute of Tropical Agriculture IITA","Public"
"Zambia",2021,"E0229","G320","L0119",2,0,0,0,50.66666667,"Purple","Tawny",120,3,0,1,91.66666667,17.33333333,4625.416667,1,1,1,1,1,1,1,1,1,1,0,0,NA,NA,"12/19/2021","6/6/2022",-15.289,28.296,1190,"Supplementary","International Institute of Tropical Agriculture IITA","Public"
"Zambia",2021,"E0229","G341","L0119",2,0,0,0,50,"Purple","Mixed",78,3,0,1.333333333,79,16.66666667,5488.326667,1,1,1,1,1,1,1,1,1,1,0,0,NA,NA,"12/19/2021","6/6/2022",-15.289,28.296,1190,"Supplementary","International Institute of Tropical Agriculture IITA","Public"
"Zambia",2021,"E0229","G342","L0119",2,0,0,0,52.33333333,"Purple","Mixed",118.3333333,2,0,1,73.33333333,19.33333333,4917.1,1,1,1,1,1,1,1,1,1,1,0,0,NA,NA,"12/19/2021","6/6/2022",-15.289,28.296,1190,"Supplementary","International Institute of Tropical Agriculture IITA","Public"
"Zambia",2021,"E0229","G359","L0119",2,0,0,0,49.66666667,"White","Grey",80,2,0,1,81,16,4668.6,1,1,1,1,1,1,1,1,1,1,0,0,NA,NA,"12/19/2021","6/6/2022",-15.289,28.296,1190,"Supplementary","International Institute of Tropical Agriculture IITA","Public"
"Zambia",2021,"E0230","G002","L078",2,0,143.3333333,48,50,"White","Grey",0,3,0,2,49.2,9.333333333,747.6666667,0,0,0,0,4,0,2,0,0,3,0,0,NA,NA,"12/30/2021","4/18/2022",-14.394,28.495,1121,"Irrigation","CSIRO Agriculture and Food","Public"
"Zambia",2021,"E0230","G006","L078",2,0,61.33333333,20.33333333,52,"Purple","Grey",0,2,0,1.666666667,42.83333333,13.66666667,882.3333333,0,0,0,0,5,0,0,0,0,2,0,0,NA,NA,"12/30/2021","4/18/2022",-14.394,28.495,1121,"Irrigation","Agricultural Research Council ARC","Public"
"Zambia",2021,"E0230","G033","L078",2,0,102,34,51.66666667,"Purple","Tawny",0,3,0,2,61.1,10.66666667,759.6666667,0,0,0,0,0,0,0,0,0,4,0,0,NA,NA,"12/30/2021","4/18/2022",-14.394,28.495,1121,"Irrigation","International Institute of Tropical Agriculture IITA","Public"
"Zambia",2021,"E0230","G056","L078",2,1,120.3333333,40,52,"Purple","Grey",0,4,0,1.666666667,55.16666667,9.333333333,519.3333333,0,0,0,0,0,0,0,0,0,4,0,0,NA,NA,"12/30/2021","4/18/2022",-14.394,28.495,1121,"Irrigation","ZamSeed","Private"
"Zambia",2021,"E0230","G057","L078",2,0,148,49.33333333,50.33333333,"Purple","Grey",0,2,0,1.333333333,54.03333333,11.66666667,449.3333333,0,0,0,0,0,0,4,0,0,0,0,0,NA,NA,"12/30/2021","4/18/2022",-14.394,28.495,1121,"Irrigation","Klein Karoo Seed Marketing Zimbabwe K2 Seed","Private"
"Zambia",2021,"E0230","G068","L078",2,0,38.33333333,12.66666667,47.33333333,"White","Grey",0,2,0,1.333333333,37.66666667,12.33333333,271.6666667,2,2,0,0,0,0,0,0,0,5,0,0,NA,NA,"12/30/2021","4/18/2022",-14.394,28.495,1121,"Irrigation","Crop Breeding Institute CBI","Public"
"Zambia",2021,"E0230","G072","L078",2,0,112,37.66666667,50.33333333,"Purple","Tawny",0,3,0,2,60.9,12.33333333,547,0,0,0,0,3,0,3,0,0,4,0,0,NA,NA,"12/30/2021","4/18/2022",-14.394,28.495,1121,"Irrigation","Klein Karoo Seed Marketing Zimbabwe K2 Seed","Private"
"Zambia",2021,"E0230","G073","L078",2,0,61.66666667,20.33333333,51,"White","Grey",0,2,0,2,59.43333333,13,415,0,0,0,0,2,0,2,0,0,3,0,0,NA,NA,"12/30/2021","4/18/2022",-14.394,28.495,1121,"Irrigation","CSIRO Agriculture and Food","Public"
"Zambia",2021,"E0230","G091","L078",2,0,35.66666667,12,53.33333333,"Purple","Grey",0,2,0,1.666666667,66.66666667,16,916.3333333,0,0,0,0,0,0,0,0,0,0,0,0,NA,NA,"12/30/2021","4/18/2022",-14.394,28.495,1121,"Irrigation","SeedCo","Private"
"Zambia",2021,"E0230","G092","L078",2,0,82,27.33333333,52.66666667,"Purple","Grey",0,3,0,1.333333333,57.23333333,10.66666667,489,0,0,0,0,0,0,0,0,0,4,0,0,NA,NA,"12/30/2021","4/18/2022",-14.394,28.495,1121,"Irrigation","SeedCo","Private"
"Zambia",2021,"E0230","G095","L078",2,0,45.33333333,15,52.33333333,"Purple","Tawny",0,2,0,1.666666667,39.76666667,12.33333333,416.6666667,0,0,0,0,2,0,2,0,0,0,0,0,NA,NA,"12/30/2021","4/18/2022",-14.394,28.495,1121,"Irrigation","SeedCo","Private"
"Zambia",2021,"E0230","G098","L078",2,0,52,17.33333333,48.33333333,"Purple","Tawny",0,2,0,1.333333333,39.86666667,13,444.6666667,0,0,0,0,0,0,0,0,0,0,0,0,NA,NA,"12/30/2021","4/18/2022",-14.394,28.495,1121,"Irrigation","SeedCo","Private"
"Zambia",2021,"E0230","G101","L078",2,0,52,17.33333333,54,"Purple","Tawny",0,2,0,1.333333333,41.66666667,13.33333333,1083.333333,0,0,0,0,0,0,0,0,0,0,0,0,NA,NA,"12/30/2021","4/18/2022",-14.394,28.495,1121,"Irrigation","SeedCo","Private"
"Zambia",2021,"E0230","G103","L078",2,0,30,10,53.66666667,"Purple","Grey",0,1,0,1.333333333,44.13333333,13.33333333,511.6666667,0,0,0,0,0,0,0,0,0,0,0,0,NA,NA,"12/30/2021","4/18/2022",-14.394,28.495,1121,"Irrigation","SeedCo","Private"
"Zambia",2021,"E0230","G105","L078",2,0,66.66666667,22,50.66666667,"White","Grey",0,2,0,2.333333333,55.03333333,13.33333333,450,0,0,0,0,2,0,0,0,0,2,0,0,NA,NA,"12/30/2021","4/18/2022",-14.394,28.495,1121,"Irrigation","SeedCo","Private"
"Zambia",2021,"E0230","G107","L078",2,0,88,29.33333333,53.33333333,"Purple","Tawny",0,2,0,1.666666667,54.1,13,1498,0,0,0,0,0,0,0,0,0,0,0,0,NA,NA,"12/30/2021","4/18/2022",-14.394,28.495,1121,"Irrigation","SeedCo","Private"
"Zambia",2021,"E0230","G109","L078",2,0,74,24.33333333,53,"Purple","Tawny",0,2,0,2,55.86666667,12.33333333,1489,0,0,0,0,0,0,0,0,0,0,0,0,NA,NA,"12/30/2021","4/18/2022",-14.394,28.495,1121,"Irrigation","SeedCo","Private"
"Zambia",2021,"E0230","G111","L078",2,0,93.33333333,31,52.33333333,"White","Tawny",0,2,0,1.666666667,46.26666667,12,1198.333333,0,0,0,0,3,0,0,0,0,0,0,0,NA,NA,"12/30/2021","4/18/2022",-14.394,28.495,1121,"Irrigation","SeedCo","Private"
"Zambia",2021,"E0230","G113","L078",2,0,86,28.33333333,51.33333333,"Purple","Tawny",0,2,0,2,52.03333333,14.66666667,1455,0,0,0,0,0,0,0,0,0,0,0,0,NA,NA,"12/30/2021","4/18/2022",-14.394,28.495,1121,"Irrigation","SeedCo","Private"
"Zambia",2021,"E0230","G116","L078",2,0,48.66666667,16,52,"Purple","Tawny",0,2,0,1,51.33333333,14,1362.333333,0,0,0,0,0,0,0,0,0,0,0,0,NA,NA,"12/30/2021","4/18/2022",-14.394,28.495,1121,"Irrigation","SeedCo","Private"
"Zambia",2021,"E0230","G137","L078",2,1,149.3333333,50,50.66666667,"Purple","Grey",0,2,0,1.333333333,62.53333333,12,803,0,0,0,0,0,0,0,0,0,4,0,0,NA,NA,"12/30/2021","4/18/2022",-14.394,28.495,1121,"Irrigation","SeedCo","Private"
"Zambia",2021,"E0230","G143","L078",2,0,20.33333333,7,52.66666667,"White","Grey",0,2,0,1.333333333,49.33333333,18,644.6666667,0,0,0,0,0,0,5,0,0,0,0,0,NA,NA,"12/30/2021","4/18/2022",-14.394,28.495,1121,"Irrigation","SeedCo","Private"
"Zambia",2021,"E0230","G146","L078",2,1,106,35.33333333,53,"Purple","Grey",0,3,0,1.666666667,61.3,12.33333333,656,0,0,0,0,3,0,0,0,0,0,0,0,NA,NA,"12/30/2021","4/18/2022",-14.394,28.495,1121,"Irrigation","SeedCo","Private"
"Zambia",2021,"E0230","G160","L078",2,0,30,10,51.33333333,"White","Grey",0,2,0,1.666666667,42.9,16,817.3333333,0,0,0,0,0,0,0,0,0,0,0,0,NA,NA,"12/30/2021","4/18/2022",-14.394,28.495,1121,"Irrigation","CSIRO Agriculture and Food","Public"
"Zambia",2021,"E0230","G193","L078",2,0,99,33.33333333,55.66666667,"Purple","Grey",0,2,0,1.666666667,53.46666667,13.33333333,1018,0,0,0,0,2,0,0,0,0,0,0,0,NA,NA,"12/30/2021","4/18/2022",-14.394,28.495,1121,"Irrigation","International Institute of Tropical Agriculture IITA","Public"
"Zambia",2021,"E0230","G204","L078",2,0,126,41.66666667,53.66666667,"Purple","Grey",0,2,0,1.666666667,48.66666667,11.66666667,477.3333333,0,0,0,0,2,0,3,0,0,3,0,0,NA,NA,"12/30/2021","4/18/2022",-14.394,28.495,1121,"Irrigation","International Institute of Tropical Agriculture IITA","Public"
"Zambia",2021,"E0230","G214","L078",2,0,25.33333333,8.333333333,50.33333333,"Purple","Tawny",0,2,0,1.666666667,63.6,13.33333333,963.3333333,0,0,0,0,0,0,2,0,0,0,0,0,NA,NA,"12/30/2021","4/18/2022",-14.394,28.495,1121,"Irrigation","International Institute of Tropical Agriculture IITA","Public"
"Zambia",2021,"E0230","G233","L078",2,0,96,32.33333333,52,"White","Tawny",0,2,0,1.666666667,50.7,11.33333333,579.3333333,0,0,0,0,4,0,2,0,0,4,0,0,NA,NA,"12/30/2021","4/18/2022",-14.394,28.495,1121,"Irrigation","International Institute of Tropical Agriculture IITA","Public"
"Zambia",2021,"E0230","G241","L078",2,0,52.33333333,17.33333333,54.33333333,"Purple","Tawny",0,2,0,1.666666667,50.33333333,12.33333333,511.3333333,0,0,0,0,0,0,0,0,0,0,0,0,NA,NA,"12/30/2021","4/18/2022",-14.394,28.495,1121,"Irrigation","International Institute of Tropical Agriculture IITA","Public"
"Zambia",2021,"E0230","G244","L078",2,0,133.3333333,44.33333333,52.33333333,"Purple","Grey",0,4,0,2,48.13333333,10.66666667,502,0,0,2,0,0,0,0,0,0,5,0,0,NA,NA,"12/30/2021","4/18/2022",-14.394,28.495,1121,"Irrigation","International Institute of Tropical Agriculture IITA","Public"
"Zambia",2021,"E0230","G253","L078",2,0,156.6666667,52.33333333,52.33333333,"Purple","Tawny",0,4,0,2,58.46666667,16.33333333,1739,0,0,0,0,0,0,0,0,0,0,0,0,NA,NA,"12/30/2021","4/18/2022",-14.394,28.495,1121,"Irrigation","International Institute of Tropical Agriculture IITA","Public"
"Zambia",2021,"E0230","G255","L078",2,0,110.6666667,36.66666667,50.33333333,"Purple","Tawny",0,2,0,1.666666667,50,14.66666667,1605.666667,0,0,0,0,0,0,0,0,0,0,0,0,NA,NA,"12/30/2021","4/18/2022",-14.394,28.495,1121,"Irrigation","International Institute of Tropical Agriculture IITA","Public"
"Zambia",2021,"E0230","G307","L078",2,0,82.33333333,27.33333333,53.33333333,"Purple","Tawny",0,2,0,1.666666667,49.46666667,15,2123,0,0,0,0,0,0,0,0,0,0,0,0,NA,NA,"12/30/2021","4/18/2022",-14.394,28.495,1121,"Irrigation","International Institute of Tropical Agriculture IITA","Public"
"Zambia",2021,"E0230","G310","L078",2,0,126,42.33333333,52.33333333,"Purple","Tawny",0,2,0,1.333333333,54.8,17,2029,0,0,0,0,0,0,0,0,0,0,0,0,NA,NA,"12/30/2021","4/18/2022",-14.394,28.495,1121,"Irrigation","International Institute of Tropical Agriculture IITA","Public"
"Zambia",2021,"E0230","G312","L078",2,0,33,11,52,"Purple","Tawny",0,2,0,1.333333333,58.56666667,13.33333333,960.6666667,0,0,0,0,0,0,0,0,0,0,0,0,NA,NA,"12/30/2021","4/18/2022",-14.394,28.495,1121,"Irrigation","International Institute of Tropical Agriculture IITA","Public"
"Zambia",2021,"E0230","G314","L078",2,0,55.33333333,18.66666667,52.33333333,"Purple","Tawny",0,2,0,1.333333333,51.56666667,15,849.6666667,0,0,0,0,2,0,0,0,0,3,0,0,NA,NA,"12/30/2021","4/18/2022",-14.394,28.495,1121,"Irrigation","International Institute of Tropical Agriculture IITA","Public"
"Zambia",2021,"E0230","G320","L078",2,0,46,15.66666667,52.66666667,"Purple","Tawny",0,1,0,1.666666667,57.46666667,17.33333333,1188.333333,0,0,0,0,0,0,0,0,0,0,0,0,NA,NA,"12/30/2021","4/18/2022",-14.394,28.495,1121,"Irrigation","International Institute of Tropical Agriculture IITA","Public"
"Zambia",2021,"E0230","G341","L078",2,0,111.6666667,37.33333333,51,"Purple","Tawny",0,2,0,1.666666667,56.56666667,16.66666667,1993.333333,0,0,0,0,0,0,4,0,0,0,0,0,NA,NA,"12/30/2021","4/18/2022",-14.394,28.495,1121,"Irrigation","International Institute of Tropical Agriculture IITA","Public"
"Zambia",2021,"E0230","G342","L078",2,0,125,41.66666667,52,"Purple","Grey",0,2,0,1.333333333,57.23333333,17.33333333,2245.666667,0,0,0,0,0,0,0,0,0,0,0,0,NA,NA,"12/30/2021","4/18/2022",-14.394,28.495,1121,"Irrigation","International Institute of Tropical Agriculture IITA","Public"
"Zambia",2021,"E0230","G359","L078",2,0,132.3333333,44,52.33333333,"White","Tawny",0,3,0,1.666666667,59.76666667,18,1360.666667,0,0,0,0,0,0,0,0,0,0,0,0,NA,NA,"12/30/2021","4/18/2022",-14.394,28.495,1121,"Irrigation","International Institute of Tropical Agriculture IITA","Public"
"Zambia",2021,"E0227","G002","L074",2,0,0,0,44.66666667,"White",NA,0,1,0,0,58.33333333,8.666666667,418.2666667,1,5,1,1,1,1,1,0,0,1,1,0,NA,NA,"1/3/2022","5/19/2022",-13.544,28.064,1210,"Supplementary","CSIRO Agriculture and Food","Public"
"Zambia",2021,"E0227","G006","L074",2,0,0,0,45.33333333,"Purple",NA,0,1,0,0,45,12,150.0666667,1,5,1,1,1,1,1,0,0,1,1,0,NA,NA,"1/3/2022","5/19/2022",-13.544,28.064,1210,"Supplementary","Agricultural Research Council ARC","Public"
"Zambia",2021,"E0227","G033","L074",2,0,0,0,48,"Purple",NA,0,1,0,0,58.33333333,9.333333333,571.0666667,1,5,1,1,1,1,1,0,0,1,1,0,NA,NA,"1/3/2022","5/19/2022",-13.544,28.064,1210,"Supplementary","International Institute of Tropical Agriculture IITA","Public"
"Zambia",2021,"E0227","G056","L074",2,1,0,0,48,"Purple",NA,0,1,0,0,68.33333333,10.66666667,245.6,1,5,1,1,1,1,1,0,0,1,1,0,NA,NA,"1/3/2022","5/19/2022",-13.544,28.064,1210,"Supplementary","ZamSeed","Private"
"Zambia",2021,"E0227","G057","L074",2,0,0,0,50,"Purple",NA,0,1,0,0,61.66666667,9.333333333,351.2,1,4,1,1,1,1,1,0,0,1,1,0,NA,NA,"1/3/2022","5/19/2022",-13.544,28.064,1210,"Supplementary","Klein Karoo Seed Marketing Zimbabwe K2 Seed","Private"
"Zambia",2021,"E0227","G068","L074",2,0,0,0,44.33333333,"White",NA,0,1,0,0,41.66666667,6.666666667,153.2333333,1,5,1,1,1,1,1,0,0,1,1,0,NA,NA,"1/3/2022","5/19/2022",-13.544,28.064,1210,"Supplementary","Crop Breeding Institute CBI","Public"
"Zambia",2021,"E0227","G072","L074",2,0,0,0,50,"Purple",NA,0,2,0,0,63.33333333,9.333333333,354.4,1,5,1,1,1,1,1,0,0,1,1,0,NA,NA,"1/3/2022","5/19/2022",-13.544,28.064,1210,"Supplementary","Klein Karoo Seed Marketing Zimbabwe K2 Seed","Private"
"Zambia",2021,"E0227","G073","L074",2,0,0,0,49,"White",NA,0,2,0,0,53.33333333,10.66666667,322.4666667,1,4,1,1,1,1,1,0,0,1,1,0,NA,NA,"1/3/2022","5/19/2022",-13.544,28.064,1210,"Supplementary","CSIRO Agriculture and Food","Public"
"Zambia",2021,"E0227","G091","L074",2,0,0,0,52,"Purple",NA,0,2,0,0,80,13.33333333,1836.333333,2,4,1,1,1,1,1,0,2,1,1,0,NA,NA,"1/3/2022","5/19/2022",-13.544,28.064,1210,"Supplementary","SeedCo","Private"
"Zambia",2021,"E0227","G092","L074",2,0,0,0,52,"Purple",NA,0,3,0,0,78.33333333,10.66666667,325.6666667,1,4,1,1,1,1,1,0,0,1,1,0,NA,NA,"1/3/2022","5/19/2022",-13.544,28.064,1210,"Supplementary","SeedCo","Private"
"Zambia",2021,"E0227","G095","L074",2,0,0,0,50.33333333,"Purple",NA,0,2,0,0,50,10,300.1333333,1,4,1,1,1,1,1,0,0,1,1,0,NA,NA,"1/3/2022","5/19/2022",-13.544,28.064,1210,"Supplementary","SeedCo","Private"
"Zambia",2021,"E0227","G098","L074",2,0,0,0,45.33333333,"Purple",NA,0,1,0,0,51.66666667,10.66666667,685.6,1,4,1,1,1,1,1,0,0,1,1,0,NA,NA,"1/3/2022","5/19/2022",-13.544,28.064,1210,"Supplementary","SeedCo","Private"
"Zambia",2021,"E0227","G101","L074",2,0,0,0,51.33333333,"Purple",NA,0,2,0,0,66.66666667,8.666666667,1355.566667,2,5,1,1,1,1,1,0,3,1,1,0,NA,NA,"1/3/2022","5/19/2022",-13.544,28.064,1210,"Supplementary","SeedCo","Private"
"Zambia",2021,"E0227","G103","L074",2,0,0,0,51.33333333,"Purple",NA,0,1,0,0,48.33333333,9.333333333,338.4333333,1,4,1,1,1,1,1,0,0,1,1,0,NA,NA,"1/3/2022","5/19/2022",-13.544,28.064,1210,"Supplementary","SeedCo","Private"
"Zambia",2021,"E0227","G105","L074",2,0,0,0,45.66666667,"White",NA,0,1,0,0,71.66666667,10,418.5333333,1,4,1,1,1,1,1,0,0,1,1,0,NA,NA,"1/3/2022","5/19/2022",-13.544,28.064,1210,"Supplementary","SeedCo","Private"
"Zambia",2021,"E0227","G107","L074",2,0,0,0,52,"Purple",NA,0,1,0,0,61.66666667,12.66666667,2770.633333,2,3,1,1,1,1,1,0,2,1,1,0,NA,NA,"1/3/2022","5/19/2022",-13.544,28.064,1210,"Supplementary","SeedCo","Private"
"Zambia",2021,"E0227","G109","L074",2,0,0,0,49.66666667,"Purple",NA,0,1,0,0,65.33333333,10.66666667,2599.866667,2,3,1,1,1,1,1,0,3,1,1,0,NA,NA,"1/3/2022","5/19/2022",-13.544,28.064,1210,"Supplementary","SeedCo","Private"
"Zambia",2021,"E0227","G111","L074",2,0,0,0,51.33333333,"White",NA,0,2,0,0,60,11.33333333,2710.4,2,3,1,1,1,1,1,4,2,1,1,0,NA,NA,"1/3/2022","5/19/2022",-13.544,28.064,1210,"Supplementary","SeedCo","Private"
"Zambia",2021,"E0227","G113","L074",2,0,0,0,52,"Purple",NA,0,2,0,0,70,14,2948.333333,2,3,1,1,1,1,1,0,3,1,1,0,NA,NA,"1/3/2022","5/19/2022",-13.544,28.064,1210,"Supplementary","SeedCo","Private"
"Zambia",2021,"E0227","G116","L074",2,0,0,0,48.33333333,"Purple",NA,0,1,0,0,66.66666667,10,1871.8,2,4,1,1,1,1,1,0,4,1,1,0,NA,NA,"1/3/2022","5/19/2022",-13.544,28.064,1210,"Supplementary","SeedCo","Private"
"Zambia",2021,"E0227","G137","L074",2,1,0,0,50,"Purple",NA,0,1,0,0,78.33333333,9.333333333,651.8666667,1,4,1,1,1,1,1,0,0,1,1,0,NA,NA,"1/3/2022","5/19/2022",-13.544,28.064,1210,"Supplementary","SeedCo","Private"
"Zambia",2021,"E0227","G143","L074",2,0,0,0,49.33333333,"White",NA,0,1,0,0,55,11.33333333,417,1,4,1,1,1,1,1,0,0,1,1,0,NA,NA,"1/3/2022","5/19/2022",-13.544,28.064,1210,"Supplementary","SeedCo","Private"
"Zambia",2021,"E0227","G146","L074",2,1,0,0,50.66666667,"Purple",NA,0,2,0,0,75,8.666666667,517.2333333,1,4,1,1,1,1,1,0,0,1,1,0,NA,NA,"1/3/2022","5/19/2022",-13.544,28.064,1210,"Supplementary","SeedCo","Private"
"Zambia",2021,"E0227","G160","L074",2,0,0,0,48.33333333,"White",NA,0,1,0,0,50,14,1664.666667,2,4,1,1,1,1,1,2,2,1,1,0,NA,NA,"1/3/2022","5/19/2022",-13.544,28.064,1210,"Supplementary","CSIRO Agriculture and Food","Public"
"Zambia",2021,"E0227","G193","L074",2,0,0,0,53.33333333,"Purple",NA,0,2,0,0,78.33333333,10,1066.233333,1,4,1,1,1,1,1,0,0,1,1,0,NA,NA,"1/3/2022","5/19/2022",-13.544,28.064,1210,"Supplementary","International Institute of Tropical Agriculture IITA","Public"
"Zambia",2021,"E0227","G204","L074",2,0,0,0,50.33333333,"Purple",NA,0,2,0,0,65,10,384.9666667,1,4,1,1,1,1,1,0,0,1,1,0,NA,NA,"1/3/2022","5/19/2022",-13.544,28.064,1210,"Supplementary","International Institute of Tropical Agriculture IITA","Public"
"Zambia",2021,"E0227","G214","L074",2,0,0,0,50,"Purple",NA,0,2,0,0,58.33333333,12,3437.633333,2,4,1,1,1,1,1,2,2,1,1,0,NA,NA,"1/3/2022","5/19/2022",-13.544,28.064,1210,"Supplementary","International Institute of Tropical Agriculture IITA","Public"
"Zambia",2021,"E0227","G233","L074",2,0,0,0,46.66666667,"White",NA,0,3,0,0,78.33333333,11.33333333,803.7333333,1,4,1,1,1,1,1,0,0,1,1,0,NA,NA,"1/3/2022","5/19/2022",-13.544,28.064,1210,"Supplementary","International Institute of Tropical Agriculture IITA","Public"
"Zambia",2021,"E0227","G241","L074",2,0,0,0,51.66666667,"Purple",NA,0,2,0,0,66.66666667,10,704.9,1,3,1,1,1,1,1,0,0,1,1,0,NA,NA,"1/3/2022","5/19/2022",-13.544,28.064,1210,"Supplementary","International Institute of Tropical Agriculture IITA","Public"
"Zambia",2021,"E0227","G244","L074",2,0,0,0,51.33333333,"Purple",NA,0,2,0,0,70,6,264.25,1,1,1,1,1,1,1,0,0,1,1,0,NA,NA,"1/3/2022","5/19/2022",-13.544,28.064,1210,"Supplementary","International Institute of Tropical Agriculture IITA","Public"
"Zambia",2021,"E0227","G253","L074",2,0,0,0,54,"Purple",NA,0,4,0,0,86.66666667,16,4233.8,2,2,1,1,1,1,1,0,3,1,1,0,NA,NA,"1/3/2022","5/19/2022",-13.544,28.064,1210,"Supplementary","International Institute of Tropical Agriculture IITA","Public"
"Zambia",2021,"E0227","G255","L074",2,0,0,0,48.33333333,"Purple",NA,0,2,0,0,68.33333333,13.33333333,3341.1,2,2,1,1,1,1,1,0,2,1,1,0,NA,NA,"1/3/2022","5/19/2022",-13.544,28.064,1210,"Supplementary","International Institute of Tropical Agriculture IITA","Public"
"Zambia",2021,"E0227","G307","L074",2,0,0,0,50.66666667,"Purple",NA,0,2,0,0,73.33333333,13.33333333,3397.2,2,3,1,1,1,1,1,0,2,1,1,0,NA,NA,"1/3/2022","5/19/2022",-13.544,28.064,1210,"Supplementary","International Institute of Tropical Agriculture IITA","Public"
"Zambia",2021,"E0227","G310","L074",2,0,0,0,51.33333333,"Purple",NA,0,2,0,0,85,15.33333333,3402.3,2,2,1,1,1,1,1,2,2,1,1,0,NA,NA,"1/3/2022","5/19/2022",-13.544,28.064,1210,"Supplementary","International Institute of Tropical Agriculture IITA","Public"
"Zambia",2021,"E0227","G312","L074",2,0,0,0,51.33333333,"Purple",NA,0,1,0,0,62.66666667,14.66666667,2497.566667,2,2,1,1,1,1,1,0,3,1,1,0,NA,NA,"1/3/2022","5/19/2022",-13.544,28.064,1210,"Supplementary","International Institute of Tropical Agriculture IITA","Public"
"Zambia",2021,"E0227","G314","L074",2,0,0,0,52.66666667,"Purple",NA,0,1,0,0,63.33333333,15.33333333,2833.966667,2,3,1,1,1,1,1,0,2,1,1,0,NA,NA,"1/3/2022","5/19/2022",-13.544,28.064,1210,"Supplementary","International Institute of Tropical Agriculture IITA","Public"
"Zambia",2021,"E0227","G320","L074",2,0,0,0,51.33333333,"Purple",NA,0,1,0,0,73.33333333,14,2783.1,3,3,1,1,1,1,1,0,2,1,1,0,NA,NA,"1/3/2022","5/19/2022",-13.544,28.064,1210,"Supplementary","International Institute of Tropical Agriculture IITA","Public"
"Zambia",2021,"E0227","G341","L074",2,0,0,0,50.66666667,"Purple",NA,0,1,0,0,78.33333333,15.33333333,3935.333333,2,3,1,1,1,1,1,0,2,1,1,0,NA,NA,"1/3/2022","5/19/2022",-13.544,28.064,1210,"Supplementary","International Institute of Tropical Agriculture IITA","Public"
"Zambia",2021,"E0227","G342","L074",2,0,0,0,50.66666667,"Purple",NA,0,2,0,0,76.66666667,15.33333333,4011.266667,2,2,1,1,1,1,1,0,2,1,1,0,NA,NA,"1/3/2022","5/19/2022",-13.544,28.064,1210,"Supplementary","International Institute of Tropical Agriculture IITA","Public"
"Zambia",2021,"E0227","G359","L074",2,0,0,0,51.33333333,"White",NA,0,2,0,0,73.33333333,16,3171.366667,3,3,1,1,1,1,1,0,2,1,1,0,NA,NA,"1/3/2022","5/19/2022",-13.544,28.064,1210,"Supplementary","International Institute of Tropical Agriculture IITA","Public"
"Malawi",2021,"E0214","G002","L0105",2,0,0,0,41.33333333,"White",NA,92,0,0,0,22.86666667,16.33333333,3371.153333,1,1,0,0,0,0,0,1,1,2,0,1,NA,NA,"12/17/2021","4/13/2022",-13.403,33.629,1105,"Rainfed","CSIRO Agriculture and Food","Public"
"Malawi",2021,"E0214","G006","L0105",2,0,0,0,46.33333333,"Purple",NA,68.66666667,0,0,0,31.06666667,26,2817.166667,1,1,0,0,0,0,0,1,1,5,0,1,NA,NA,"12/17/2021","4/13/2022",-13.403,33.629,1105,"Rainfed","Agricultural Research Council ARC","Public"
"Malawi",2021,"E0214","G033","L0105",2,1,0,0,46.66666667,"Purple",NA,98.66666667,0,0,0,59.46666667,16.66666667,2154.293333,1,1,0,0,0,0,0,1,1,2,0,1,NA,NA,"12/17/2021","4/13/2022",-13.403,33.629,1105,"Rainfed","International Institute of Tropical Agriculture IITA","Public"
"Malawi",2021,"E0214","G056","L0105",2,0,0,0,47,"Purple",NA,105,0,0,0,58.13333333,21,4118.496667,1,1,0,0,0,0,0,1,1,5,0,1,NA,NA,"12/17/2021","4/13/2022",-13.403,33.629,1105,"Rainfed","ZamSeed","Private"
"Malawi",2021,"E0214","G057","L0105",2,0,0,0,38,"Purple",NA,72,0,0,0,58.93333333,17.66666667,2850.06,1,1,0,0,0,0,0,1,1,3,0,1,NA,NA,"12/17/2021","4/13/2022",-13.403,33.629,1105,"Rainfed","Klein Karoo Seed Marketing Zimbabwe K2 Seed","Private"
"Malawi",2021,"E0214","G068","L0105",2,0,0,0,44.33333333,"White",NA,106,0,0,0,47.4,17.33333333,3222.166667,1,2,0,0,0,0,0,1,1,4,0,1,NA,NA,"12/17/2021","4/13/2022",-13.403,33.629,1105,"Rainfed","Crop Breeding Institute CBI","Public"
"Malawi",2021,"E0214","G072","L0105",2,0,0,0,50.66666667,"Purple",NA,107,0,0,0,50.4,20.66666667,3179.976667,1,1,0,0,0,0,0,1,1,4,0,1,NA,NA,"12/17/2021","4/13/2022",-13.403,33.629,1105,"Rainfed","Klein Karoo Seed Marketing Zimbabwe K2 Seed","Private"
"Malawi",2021,"E0214","G073","L0105",2,0,0,0,49.33333333,"White",NA,106.6666667,0,0,0,55.4,18,3313.913333,1,1,0,0,0,0,0,1,1,3,0,1,NA,NA,"12/17/2021","4/13/2022",-13.403,33.629,1105,"Rainfed","CSIRO Agriculture and Food","Public"
"Malawi",2021,"E0214","G091","L0105",2,0,0,0,53,"Purple",NA,0,0,0,0,70.86666667,23.66666667,2862.863333,1,1,0,0,0,0,0,1,1,2,0,1,NA,NA,"12/17/2021","4/13/2022",-13.403,33.629,1105,"Rainfed","SeedCo","Private"
"Malawi",2021,"E0214","G092","L0105",2,0,0,0,67,"Purple",NA,0,0,0,0,79.53333333,16.66666667,2895.306667,1,1,0,0,0,0,0,1,1,5,0,1,NA,NA,"12/17/2021","4/13/2022",-13.403,33.629,1105,"Rainfed","SeedCo","Private"
"Malawi",2021,"E0214","G095","L0105",2,0,0,0,53,"Purple",NA,36,0,0,0,46.66666667,23.66666667,2166.356667,1,2,0,0,0,0,0,1,1,3,0,1,NA,NA,"12/17/2021","4/13/2022",-13.403,33.629,1105,"Rainfed","SeedCo","Private"
"Malawi",2021,"E0214","G098","L0105",2,0,0,0,47.66666667,"Purple",NA,68.66666667,0,0,0,35.73333333,20.66666667,2669.25,1,1,0,0,0,0,0,1,1,2,0,1,NA,NA,"12/17/2021","4/13/2022",-13.403,33.629,1105,"Rainfed","SeedCo","Private"
"Malawi",2021,"E0214","G101","L0105",2,0,0,0,54.33333333,"Purple",NA,0,0,0,0,57.4,20.33333333,4962.343333,1,1,0,0,0,0,0,1,1,3,0,1,NA,NA,"12/17/2021","4/13/2022",-13.403,33.629,1105,"Rainfed","SeedCo","Private"
"Malawi",2021,"E0214","G103","L0105",2,0,0,0,53.66666667,"Purple",NA,0,0,0,0,38.13333333,21,659.99,1,1,0,0,0,0,0,1,1,2,0,1,NA,NA,"12/17/2021","4/13/2022",-13.403,33.629,1105,"Rainfed","SeedCo","Private"
"Malawi",2021,"E0214","G105","L0105",2,0,0,0,45,"White",NA,104.3333333,0,0,0,54.66666667,21.33333333,3635.876667,1,1,0,0,0,0,0,1,1,4,0,1,NA,NA,"12/17/2021","4/13/2022",-13.403,33.629,1105,"Rainfed","SeedCo","Private"
"Malawi",2021,"E0214","G107","L0105",2,0,0,0,51.66666667,"Purple",NA,72,0,0,0,43.4,16.66666667,2715.673333,1,1,0,0,0,0,0,1,1,3,0,1,NA,NA,"12/17/2021","4/13/2022",-13.403,33.629,1105,"Rainfed","SeedCo","Private"
"Malawi",2021,"E0214","G109","L0105",2,0,0,0,51.33333333,"Purple",NA,36,0,0,0,44.4,20.66666667,3206.526667,1,2,0,0,0,0,0,1,1,2,0,1,NA,NA,"12/17/2021","4/13/2022",-13.403,33.629,1105,"Rainfed","SeedCo","Private"
"Malawi",2021,"E0214","G111","L0105",2,0,0,0,55.66666667,"White",NA,0,0,0,0,64.66666667,18.33333333,4320.896667,1,1,0,0,0,0,0,1,1,2,0,1,NA,NA,"12/17/2021","4/13/2022",-13.403,33.629,1105,"Rainfed","SeedCo","Private"
"Malawi",2021,"E0214","G113","L0105",2,0,0,0,56.33333333,"Purple",NA,0,0,0,0,62.26666667,23.66666667,4197.06,1,1,0,0,0,0,0,1,1,3,0,1,NA,NA,"12/17/2021","4/13/2022",-13.403,33.629,1105,"Rainfed","SeedCo","Private"
"Malawi",2021,"E0214","G116","L0105",2,0,0,0,46.33333333,"Purple",NA,36,0,0,0,62.13333333,21.66666667,4143.426667,1,1,0,0,0,0,0,1,1,2,0,1,NA,NA,"12/17/2021","4/13/2022",-13.403,33.629,1105,"Rainfed","SeedCo","Private"
"Malawi",2021,"E0214","G137","L0105",2,0,0,0,45.66666667,"Purple",NA,103.6666667,0,0,0,69.33333333,16.33333333,4513.573333,1,1,0,0,0,0,0,1,1,3,0,1,NA,NA,"12/17/2021","4/13/2022",-13.403,33.629,1105,"Rainfed","SeedCo","Private"
"Malawi",2021,"E0214","G143","L0105",2,1,0,0,46.66666667,"White",NA,0,0,0,0,57.6,21.66666667,2093.146667,1,1,0,0,0,0,0,1,1,4,0,1,NA,NA,"12/17/2021","4/13/2022",-13.403,33.629,1105,"Rainfed","SeedCo","Private"
"Malawi",2021,"E0214","G146","L0105",2,0,0,0,46.33333333,"Purple",NA,106,0,0,0,74.8,22,4140.99,1,1,0,0,0,0,0,1,1,4,0,1,NA,NA,"12/17/2021","4/13/2022",-13.403,33.629,1105,"Rainfed","SeedCo","Private"
"Malawi",2021,"E0214","G160","L0105",2,0,0,0,49.33333333,"White",NA,102,0,0,0,29.13333333,21.33333333,891.1966667,1,1,0,0,0,0,0,1,1,2,0,1,NA,NA,"12/17/2021","4/13/2022",-13.403,33.629,1105,"Rainfed","CSIRO Agriculture and Food","Public"
"Malawi",2021,"E0214","G193","L0105",2,0,0,0,53.66666667,"Purple",NA,70,0,0,0,77.06666667,18,4463.813333,1,1,0,0,0,0,0,1,1,3,0,1,NA,NA,"12/17/2021","4/13/2022",-13.403,33.629,1105,"Rainfed","International Institute of Tropical Agriculture IITA","Public"
"Malawi",2021,"E0214","G204","L0105",2,0,0,0,55.33333333,"Purple",NA,104,0,0,0,64.93333333,17.33333333,4059.283333,1,1,0,0,0,0,0,1,1,3,0,1,NA,NA,"12/17/2021","4/13/2022",-13.403,33.629,1105,"Rainfed","International Institute of Tropical Agriculture IITA","Public"
"Malawi",2021,"E0214","G214","L0105",2,0,0,0,45.33333333,"Purple",NA,98.66666667,0,0,0,60.53333333,34.33333333,4414.596667,1,1,0,0,0,0,0,1,1,3,0,1,NA,NA,"12/17/2021","4/13/2022",-13.403,33.629,1105,"Rainfed","International Institute of Tropical Agriculture IITA","Public"
"Malawi",2021,"E0214","G233","L0105",2,1,0,0,46.33333333,"White",NA,69,0,0,0,72.66666667,17.66666667,3919.996667,1,1,0,0,0,0,0,1,1,4,0,1,NA,NA,"12/17/2021","4/13/2022",-13.403,33.629,1105,"Rainfed","International Institute of Tropical Agriculture IITA","Public"
"Malawi",2021,"E0214","G241","L0105",2,0,0,0,52.33333333,"Purple",NA,70,0,0,0,52.66666667,17.33333333,2294.036667,1,1,0,0,0,0,0,1,1,2,0,1,NA,NA,"12/17/2021","4/13/2022",-13.403,33.629,1105,"Rainfed","International Institute of Tropical Agriculture IITA","Public"
"Malawi",2021,"E0214","G244","L0105",2,0,0,0,48.66666667,"Purple",NA,103,0,0,0,74.06666667,21.33333333,4276.673333,1,1,0,0,0,0,0,1,1,2,0,1,NA,NA,"12/17/2021","4/13/2022",-13.403,33.629,1105,"Rainfed","International Institute of Tropical Agriculture IITA","Public"
"Malawi",2021,"E0214","G253","L0105",2,0,0,0,58.33333333,"Purple",NA,101.3333333,0,0,0,61.53333333,19,3627.736667,1,1,0,0,0,0,0,1,1,1,0,1,NA,NA,"12/17/2021","4/13/2022",-13.403,33.629,1105,"Rainfed","International Institute of Tropical Agriculture IITA","Public"
"Malawi",2021,"E0214","G255","L0105",2,0,0,0,50,"Purple",NA,102.6666667,0,0,0,61.73333333,19.66666667,4498.12,1,2,0,0,0,0,0,1,1,4,0,1,NA,NA,"12/17/2021","4/13/2022",-13.403,33.629,1105,"Rainfed","International Institute of Tropical Agriculture IITA","Public"
"Malawi",2021,"E0214","G307","L0105",2,0,0,0,49.66666667,"Purple",NA,36,0,0,0,68.73333333,18,5068.09,1,1,0,0,0,0,0,1,1,4,0,1,NA,NA,"12/17/2021","4/13/2022",-13.403,33.629,1105,"Rainfed","International Institute of Tropical Agriculture IITA","Public"
"Malawi",2021,"E0214","G310","L0105",2,0,0,0,52,"Purple",NA,35,0,0,0,72.6,17.66666667,3614.46,1,1,0,0,0,0,0,1,1,2,0,1,NA,NA,"12/17/2021","4/13/2022",-13.403,33.629,1105,"Rainfed","International Institute of Tropical Agriculture IITA","Public"
"Malawi",2021,"E0214","G312","L0105",2,0,0,0,48,"Purple",NA,106.6666667,0,0,0,48.2,35.33333333,3012.86,1,1,0,0,0,0,0,1,1,3,0,1,NA,NA,"12/17/2021","4/13/2022",-13.403,33.629,1105,"Rainfed","International Institute of Tropical Agriculture IITA","Public"
"Malawi",2021,"E0214","G314","L0105",2,0,0,0,52,"Purple",NA,0,0,0,0,84.86666667,21,5080.896667,1,3,0,0,0,0,0,1,1,4,0,1,NA,NA,"12/17/2021","4/13/2022",-13.403,33.629,1105,"Rainfed","International Institute of Tropical Agriculture IITA","Public"
"Malawi",2021,"E0214","G320","L0105",2,0,0,0,50.33333333,"Purple",NA,0,0,0,0,77.33333333,19.33333333,3731.813333,1,1,0,0,0,0,0,1,1,3,0,1,NA,NA,"12/17/2021","4/13/2022",-13.403,33.629,1105,"Rainfed","International Institute of Tropical Agriculture IITA","Public"
"Malawi",2021,"E0214","G341","L0105",2,0,0,0,47.33333333,"Purple",NA,102,0,0,0,52.53333333,19.33333333,3608.403333,1,1,0,0,0,0,0,1,1,4,0,1,NA,NA,"12/17/2021","4/13/2022",-13.403,33.629,1105,"Rainfed","International Institute of Tropical Agriculture IITA","Public"
"Malawi",2021,"E0214","G342","L0105",2,0,0,0,51,"Purple",NA,102.6666667,0,0,0,55.73333333,19,4329.866667,1,1,0,0,0,0,0,1,1,3,0,1,NA,NA,"12/17/2021","4/13/2022",-13.403,33.629,1105,"Rainfed","International Institute of Tropical Agriculture IITA","Public"
"Malawi",2021,"E0214","G359","L0105",2,0,0,0,47.66666667,"White",NA,105.3333333,0,0,0,48.73333333,17.66666667,3837.95,1,1,0,0,0,0,0,1,1,3,0,1,NA,NA,"12/17/2021","4/13/2022",-13.403,33.629,1105,"Rainfed","International Institute of Tropical Agriculture IITA","Public"
"Malawi",2021,"E0215","G002","L0106",2,0,0,0,0,NA,NA,0,1,0,1,56.13333333,15.66666667,3520.67,0,0,0,0,0,0,0,0,0,0,0,0,NA,NA,"1/6/2022","5/15/2022",-12.937,33.465,1027,"Rainfed","CSIRO Agriculture and Food","Public"
"Malawi",2021,"E0215","G006","L0106",2,0,0,0,0,NA,NA,0,1,0,1,49.6,26.33333333,2235.86,0,0,0,0,0,0,0,0,0,0,0,0,NA,NA,"1/6/2022","5/15/2022",-12.937,33.465,1027,"Rainfed","Agricultural Research Council ARC","Public"
"Malawi",2021,"E0215","G033","L0106",2,1,0,0,0,NA,NA,0,2,0,1,64,15,2730.743333,0,0,0,0,0,0,0,0,0,0,0,0,NA,NA,"1/6/2022","5/15/2022",-12.937,33.465,1027,"Rainfed","International Institute of Tropical Agriculture IITA","Public"
"Malawi",2021,"E0215","G056","L0106",2,0,0,0,0,NA,NA,0,2,0,1,61.86666667,17,2649.806667,0,0,0,0,0,0,0,0,0,0,0,0,NA,NA,"1/6/2022","5/15/2022",-12.937,33.465,1027,"Rainfed","ZamSeed","Private"
"Malawi",2021,"E0215","G057","L0106",2,0,0,0,0,NA,NA,0,1,0,1,62.13333333,12,3096.24,0,0,0,0,0,0,0,0,0,0,0,0,NA,NA,"1/6/2022","5/15/2022",-12.937,33.465,1027,"Rainfed","Klein Karoo Seed Marketing Zimbabwe K2 Seed","Private"
"Malawi",2021,"E0215","G068","L0106",2,0,0,0,0,NA,NA,0,1,0,1,51.8,20.33333333,1814.916667,0,0,0,0,0,0,0,0,0,0,0,0,NA,NA,"1/6/2022","5/15/2022",-12.937,33.465,1027,"Rainfed","Crop Breeding Institute CBI","Public"
"Malawi",2021,"E0215","G072","L0106",2,0,0,0,0,NA,NA,0,1,0,1,57.06666667,20,3186.783333,0,0,0,0,0,0,0,0,0,0,0,0,NA,NA,"1/6/2022","5/15/2022",-12.937,33.465,1027,"Rainfed","Klein Karoo Seed Marketing Zimbabwe K2 Seed","Private"
"Malawi",2021,"E0215","G073","L0106",2,0,0,0,0,NA,NA,0,1,0,1,58.73333333,18.66666667,2959.413333,0,0,0,0,0,0,0,0,0,0,0,0,NA,NA,"1/6/2022","5/15/2022",-12.937,33.465,1027,"Rainfed","CSIRO Agriculture and Food","Public"
"Malawi",2021,"E0215","G091","L0106",2,0,0,0,0,NA,NA,0,1,0,1,79.2,19,2992.493333,0,0,0,0,0,0,0,0,0,0,0,0,NA,NA,"1/6/2022","5/15/2022",-12.937,33.465,1027,"Rainfed","SeedCo","Private"
"Malawi",2021,"E0215","G092","L0106",2,0,0,0,0,NA,NA,0,1,0,1,64.53333333,20.33333333,1075.956667,0,0,0,0,0,0,0,0,0,0,0,0,NA,NA,"1/6/2022","5/15/2022",-12.937,33.465,1027,"Rainfed","SeedCo","Private"
"Malawi",2021,"E0215","G095","L0106",2,0,0,0,0,NA,NA,0,1,0,1,52.33333333,17,2876.983333,0,0,0,0,0,0,0,0,0,0,0,0,NA,NA,"1/6/2022","5/15/2022",-12.937,33.465,1027,"Rainfed","SeedCo","Private"
"Malawi",2021,"E0215","G098","L0106",2,0,0,0,0,NA,NA,0,1,0,1.333333333,48,25.66666667,2864.863333,0,0,0,0,0,0,0,0,0,0,0,0,NA,NA,"1/6/2022","5/15/2022",-12.937,33.465,1027,"Rainfed","SeedCo","Private"
"Malawi",2021,"E0215","G101","L0106",2,0,0,0,0,NA,NA,0,1,0,1.333333333,56.93333333,18,3115.35,0,0,0,0,0,0,0,0,0,0,0,0,NA,NA,"1/6/2022","5/15/2022",-12.937,33.465,1027,"Rainfed","SeedCo","Private"
"Malawi",2021,"E0215","G103","L0106",2,0,0,0,0,NA,NA,0,1,0,1,52,22.33333333,1851.436667,0,0,0,0,0,0,0,0,0,0,0,0,NA,NA,"1/6/2022","5/15/2022",-12.937,33.465,1027,"Rainfed","SeedCo","Private"
"Malawi",2021,"E0215","G105","L0106",2,0,0,0,0,NA,NA,0,1,0,1,62.4,23,3610.19,0,0,0,0,0,0,0,0,0,0,0,0,NA,NA,"1/6/2022","5/15/2022",-12.937,33.465,1027,"Rainfed","SeedCo","Private"
"Malawi",2021,"E0215","G107","L0106",2,0,0,0,0,NA,NA,0,1,0,1.333333333,57.06666667,17.33333333,3219.973333,0,0,0,0,0,0,0,0,0,0,0,0,NA,NA,"1/6/2022","5/15/2022",-12.937,33.465,1027,"Rainfed","SeedCo","Private"
"Malawi",2021,"E0215","G109","L0106",2,0,0,0,0,NA,NA,0,1,0,1,55.86666667,17,3440.656667,0,0,0,0,0,0,0,0,0,0,0,0,NA,NA,"1/6/2022","5/15/2022",-12.937,33.465,1027,"Rainfed","SeedCo","Private"
"Malawi",2021,"E0215","G111","L0106",2,0,0,0,0,NA,NA,0,2,0,1,66.6,17.66666667,3610.996667,0,0,0,0,0,0,0,0,0,0,0,0,NA,NA,"1/6/2022","5/15/2022",-12.937,33.465,1027,"Rainfed","SeedCo","Private"
"Malawi",2021,"E0215","G113","L0106",2,0,0,0,0,NA,NA,0,2,0,1,66,16.33333333,3610.243333,0,0,0,0,0,0,0,0,0,0,0,0,NA,NA,"1/6/2022","5/15/2022",-12.937,33.465,1027,"Rainfed","SeedCo","Private"
"Malawi",2021,"E0215","G116","L0106",2,0,0,0,0,NA,NA,0,1,0,1,64.93333333,20,3229.96,0,0,0,0,0,0,0,0,0,0,0,0,NA,NA,"1/6/2022","5/15/2022",-12.937,33.465,1027,"Rainfed","SeedCo","Private"
"Malawi",2021,"E0215","G137","L0106",2,0,0,0,0,NA,NA,0,1,0,1,71.4,27,3559.67,0,0,0,0,0,0,0,0,0,0,0,0,NA,NA,"1/6/2022","5/15/2022",-12.937,33.465,1027,"Rainfed","SeedCo","Private"
"Malawi",2021,"E0215","G143","L0106",2,1,0,0,0,NA,NA,0,1,0,1,66.13333333,23.66666667,2787.183333,0,0,0,0,0,0,0,0,0,0,0,0,NA,NA,"1/6/2022","5/15/2022",-12.937,33.465,1027,"Rainfed","SeedCo","Private"
"Malawi",2021,"E0215","G146","L0106",2,0,0,0,0,NA,NA,0,1,0,1,73.93333333,19.33333333,3489.696667,0,0,0,0,0,0,0,0,0,0,0,0,NA,NA,"1/6/2022","5/15/2022",-12.937,33.465,1027,"Rainfed","SeedCo","Private"
"Malawi",2021,"E0215","G160","L0106",2,0,0,0,0,NA,NA,0,1,0,1,54,21.66666667,2290.606667,0,0,0,0,0,0,0,0,0,0,0,0,NA,NA,"1/6/2022","5/15/2022",-12.937,33.465,1027,"Rainfed","CSIRO Agriculture and Food","Public"
"Malawi",2021,"E0215","G193","L0106",2,0,0,0,0,NA,NA,0,1,0,1,66.53333333,16.33333333,2923.123333,0,0,0,0,0,0,0,0,0,0,0,0,NA,NA,"1/6/2022","5/15/2022",-12.937,33.465,1027,"Rainfed","International Institute of Tropical Agriculture IITA","Public"
"Malawi",2021,"E0215","G204","L0106",2,0,0,0,0,NA,NA,0,1,0,1,72.53333333,16,2680.523333,0,0,0,0,0,0,0,0,0,0,0,0,NA,NA,"1/6/2022","5/15/2022",-12.937,33.465,1027,"Rainfed","International Institute of Tropical Agriculture IITA","Public"
"Malawi",2021,"E0215","G214","L0106",2,0,0,0,0,NA,NA,0,2,0,1.333333333,63.53333333,15.66666667,3274.623333,0,0,0,0,0,0,0,0,0,0,0,0,NA,NA,"1/6/2022","5/15/2022",-12.937,33.465,1027,"Rainfed","International Institute of Tropical Agriculture IITA","Public"
"Malawi",2021,"E0215","G233","L0106",2,1,0,0,0,NA,NA,0,3,0,1.333333333,79.66666667,19.66666667,3812.11,0,0,0,0,0,0,0,0,0,0,0,0,NA,NA,"1/6/2022","5/15/2022",-12.937,33.465,1027,"Rainfed","International Institute of Tropical Agriculture IITA","Public"
"Malawi",2021,"E0215","G241","L0106",2,0,0,0,0,NA,NA,0,1,0,1,53.53333333,14.66666667,2989.42,0,0,0,0,0,0,0,0,0,0,0,0,NA,NA,"1/6/2022","5/15/2022",-12.937,33.465,1027,"Rainfed","International Institute of Tropical Agriculture IITA","Public"
"Malawi",2021,"E0215","G244","L0106",2,0,0,0,0,NA,NA,0,2,0,1,78.6,18.66666667,3493.23,0,0,0,0,0,0,0,0,0,0,0,0,NA,NA,"1/6/2022","5/15/2022",-12.937,33.465,1027,"Rainfed","International Institute of Tropical Agriculture IITA","Public"
"Malawi",2021,"E0215","G253","L0106",2,0,0,0,0,NA,NA,0,1,0,1,77.4,16.66666667,2974.136667,0,0,0,0,0,0,0,0,0,0,0,0,NA,NA,"1/6/2022","5/15/2022",-12.937,33.465,1027,"Rainfed","International Institute of Tropical Agriculture IITA","Public"
"Malawi",2021,"E0215","G255","L0106",2,0,0,0,0,NA,NA,0,2,0,1.333333333,68.53333333,17.33333333,3001.3,0,0,0,0,0,0,0,0,0,0,0,0,NA,NA,"1/6/2022","5/15/2022",-12.937,33.465,1027,"Rainfed","International Institute of Tropical Agriculture IITA","Public"
"Malawi",2021,"E0215","G307","L0106",2,0,0,0,0,NA,NA,0,1,0,1,75.06666667,16.33333333,3621.9,0,0,0,0,0,0,0,0,0,0,0,0,NA,NA,"1/6/2022","5/15/2022",-12.937,33.465,1027,"Rainfed","International Institute of Tropical Agriculture IITA","Public"
"Malawi",2021,"E0215","G310","L0106",2,0,0,0,0,NA,NA,0,2,0,1,77.86666667,19,3762.346667,0,0,0,0,0,0,0,0,0,0,0,0,NA,NA,"1/6/2022","5/15/2022",-12.937,33.465,1027,"Rainfed","International Institute of Tropical Agriculture IITA","Public"
"Malawi",2021,"E0215","G312","L0106",2,0,0,0,0,NA,NA,0,1,0,1,67.8,20.33333333,3271.893333,0,0,0,0,0,0,0,0,0,0,0,0,NA,NA,"1/6/2022","5/15/2022",-12.937,33.465,1027,"Rainfed","International Institute of Tropical Agriculture IITA","Public"
"Malawi",2021,"E0215","G314","L0106",2,0,0,0,0,NA,NA,0,1,0,1.333333333,67.33333333,18,1765.666667,0,0,0,0,0,0,0,0,0,0,0,0,NA,NA,"1/6/2022","5/15/2022",-12.937,33.465,1027,"Rainfed","International Institute of Tropical Agriculture IITA","Public"
"Malawi",2021,"E0215","G320","L0106",2,0,0,0,0,NA,NA,0,2,0,1.333333333,79.86666667,18.66666667,3964.01,0,0,0,0,0,0,0,0,0,0,0,0,NA,NA,"1/6/2022","5/15/2022",-12.937,33.465,1027,"Rainfed","International Institute of Tropical Agriculture IITA","Public"
"Malawi",2021,"E0215","G341","L0106",2,0,0,0,0,NA,NA,0,1,0,1,69.8,16,3283.556667,0,0,0,0,0,0,0,0,0,0,0,0,NA,NA,"1/6/2022","5/15/2022",-12.937,33.465,1027,"Rainfed","International Institute of Tropical Agriculture IITA","Public"
"Malawi",2021,"E0215","G342","L0106",2,0,0,0,0,NA,NA,0,1,0,1,70.66666667,18,3021.98,0,0,0,0,0,0,0,0,0,0,0,0,NA,NA,"1/6/2022","5/15/2022",-12.937,33.465,1027,"Rainfed","International Institute of Tropical Agriculture IITA","Public"
"Malawi",2021,"E0215","G359","L0106",2,0,0,0,0,NA,NA,0,1,0,1,68.8,26.66666667,2933.216667,0,0,0,0,0,0,0,0,0,0,0,0,NA,NA,"1/6/2022","5/15/2022",-12.937,33.465,1027,"Rainfed","International Institute of Tropical Agriculture IITA","Public"
"Malawi",2022,"E0241","G002","L0105",1,0,177.6666667,89,69.66666667,"White",NA,0,1,0,1.333333333,38.26666667,19.66666667,2831.533333,0,0,0,0,0,0,0,0,0,0,0,0,NA,NA,"6/29/2022","12/3/2022",-13.403,33.629,1117,"Irrigation","CSIRO Agriculture and Food","Public"
"Malawi",2022,"E0241","G006","L0105",1,0,39,19.66666667,72.33333333,"Purple",NA,0,2,0,1.333333333,47.8,17.33333333,2985.533333,0,0,0,0,0,0,0,0,0,0,0,0,NA,NA,"6/29/2022","12/3/2022",-13.403,33.629,1117,"Irrigation","Agricultural Research Council ARC","Public"
"Malawi",2022,"E0241","G017","L0105",1,0,70,35.33333333,72,"Purple",NA,0,1,0,1,42.73333333,21.33333333,1825.26,0,0,0,0,0,0,0,0,0,0,0,0,NA,NA,"6/29/2022","12/3/2022",-13.403,33.629,1117,"Irrigation","Crop Breeding Institute CBI","Public"
"Malawi",2022,"E0241","G018","L0105",1,0,166,83.33333333,80,"Purple",NA,0,1,0,1,47.73333333,20,2749.606667,0,0,0,0,0,0,0,0,0,0,0,0,NA,NA,"6/29/2022","12/3/2022",-13.403,33.629,1117,"Irrigation","Ethiopian Institute of Agricultural Research EIAR","Public"
"Malawi",2022,"E0241","G028","L0105",1,0,8.666666667,4.666666667,74.33333333,"White",NA,0,2,0,1.333333333,45.26666667,19,3932.22,0,0,0,0,0,0,0,0,0,0,0,0,NA,NA,"6/29/2022","11/19/2022",-13.403,33.629,1117,"Irrigation","CSIRO Agriculture and Food","Public"
"Malawi",2022,"E0241","G032","L0105",1,0,144.6666667,72.66666667,65.66666667,"Purple",NA,0,1,0,1.333333333,48.6,17.66666667,3361.183333,0,0,0,0,0,0,0,0,0,0,0,0,NA,NA,"6/29/2022","11/19/2022",-13.403,33.629,1117,"Irrigation","CSIRO Agriculture and Food","Public"
"Malawi",2022,"E0241","G056","L0105",1,0,101.3333333,51,74,"Purple",NA,0,1,0,1,51.4,20,2216.706667,0,0,0,0,0,0,0,0,0,0,0,0,NA,NA,"6/29/2022","12/3/2022",-13.403,33.629,1117,"Irrigation","ZamSeed","Private"
"Malawi",2022,"E0241","G065","L0105",1,0,184.6666667,92.66666667,75.66666667,"Purple",NA,0,1,0,1,55.33333333,24.33333333,3017.146667,0,0,0,0,0,0,0,0,0,0,0,0,NA,NA,"6/29/2022","12/3/2022",-13.403,33.629,1117,"Irrigation","Department of Agricultural Research Services DARS","Public"
"Malawi",2022,"E0241","G068","L0105",1,0,127.6666667,64,74.33333333,"White",NA,0,1,0,1,45.2,18.33333333,3239.026667,0,0,0,0,0,0,0,0,0,0,0,0,NA,NA,"6/29/2022","12/3/2022",-13.403,33.629,1117,"Irrigation","Crop Breeding Institute CBI","Public"
"Malawi",2022,"E0241","G072","L0105",1,0,103,51.66666667,78.33333333,"Purple",NA,0,1,0,1.333333333,49.53333333,20,3027.833333,0,0,0,0,0,0,0,0,0,0,0,0,NA,NA,"6/29/2022","12/3/2022",-13.403,33.629,1117,"Irrigation","Klein Karoo Seed Marketing Zimbabwe K2 Seed","Private"
"Malawi",2022,"E0241","G073","L0105",1,0,76,38.33333333,77,"Purple",NA,0,1,0,1,49.26666667,26.33333333,1948.31,0,0,0,0,0,0,0,0,0,0,0,0,NA,NA,"6/29/2022","12/3/2022",-13.403,33.629,1117,"Irrigation","CSIRO Agriculture and Food","Public"
"Malawi",2022,"E0241","G077","L0105",1,0,124.3333333,62.33333333,75.66666667,"Purple",NA,0,1,0,1,46.06666667,19,3228.136667,0,0,0,0,0,0,0,0,0,0,0,0,NA,NA,"6/29/2022","12/3/2022",-13.403,33.629,1117,"Irrigation","CORTEVAPannar","Private"
"Malawi",2022,"E0241","G092","L0105",1,0,79,39.66666667,78,"Purple",NA,0,1,0,1,52.53333333,18.33333333,3017.036667,0,0,0,0,0,0,0,0,0,0,0,0,NA,NA,"6/29/2022","12/3/2022",-13.403,33.629,1117,"Irrigation","SeedCo","Private"
"Malawi",2022,"E0241","G095","L0105",1,0,197,98.66666667,76.33333333,"Purple",NA,0,1,0,1,44.73333333,23.66666667,3201.536667,0,0,0,0,0,0,0,0,0,0,0,0,NA,NA,"6/29/2022","12/3/2022",-13.403,33.629,1117,"Irrigation","SeedCo","Private"
"Malawi",2022,"E0241","G098","L0105",1,0,110,55.33333333,73.33333333,"Purple",NA,0,2,0,1.333333333,44.06666667,17,3059.24,0,0,0,0,0,0,0,0,0,0,0,0,NA,NA,"6/29/2022","12/3/2022",-13.403,33.629,1117,"Irrigation","SeedCo","Private"
"Malawi",2022,"E0241","G101","L0105",1,0,120,60,77.66666667,"Purple",NA,0,1,0,1,43.33333333,16.33333333,2938.103333,0,0,0,0,0,0,0,0,0,0,0,0,NA,NA,"6/29/2022","12/3/2022",-13.403,33.629,1117,"Irrigation","SeedCo","Private"
"Malawi",2022,"E0241","G136","L0105",1,0,114,57,77,"Purple",NA,0,1,0,1,45.66666667,18.33333333,3169.836667,0,0,0,0,0,0,0,0,0,0,0,0,NA,NA,"6/29/2022","11/19/2022",-13.403,33.629,1117,"Irrigation","Ethiopian Institute of Agricultural Research EIAR","Public"
"Malawi",2022,"E0241","G138","L0105",1,0,104,52.33333333,72.66666667,"Purple",NA,0,1,0,1,46.73333333,17.66666667,2798.86,0,0,0,0,0,0,0,0,0,0,0,0,NA,NA,"6/29/2022","12/3/2022",-13.403,33.629,1117,"Irrigation","SeedCo","Private"
"Malawi",2022,"E0241","G141","L0105",1,0,122.6666667,61.66666667,76.33333333,"Purple",NA,0,1,0,1,55.46666667,17.66666667,2090.926667,0,0,0,0,0,0,0,0,0,0,0,0,NA,NA,"6/29/2022","11/19/2022",-13.403,33.629,1117,"Irrigation","SeedCo","Private"
"Malawi",2022,"E0241","G143","L0105",1,0,81.66666667,41,73,"White",NA,0,1,0,1,51.2,21,2395.46,0,0,0,0,0,0,0,0,0,0,0,0,NA,NA,"6/29/2022","12/3/2022",-13.403,33.629,1117,"Irrigation","SeedCo","Private"
"Malawi",2022,"E0241","G144","L0105",1,0,97.66666667,49,72.33333333,"Purple",NA,0,1,0,1,42,15.66666667,3311.856667,0,0,0,0,0,0,0,0,0,0,0,0,NA,NA,"6/29/2022","12/3/2022",-13.403,33.629,1117,"Irrigation","SeedCo","Private"
"Malawi",2022,"E0241","G145","L0105",1,0,99.66666667,50,76.33333333,"Purple",NA,0,1,0,1,56.06666667,18.33333333,3069.27,0,0,0,0,0,0,0,0,0,0,0,0,NA,NA,"6/29/2022","12/3/2022",-13.403,33.629,1117,"Irrigation","SeedCo","Private"
"Malawi",2022,"E0241","G160","L0105",1,0,40.66666667,20.66666667,68.66666667,"White",NA,0,1,0,1.333333333,39.66666667,20,2568.186667,0,0,0,0,0,0,0,0,0,0,0,0,NA,NA,"6/29/2022","11/19/2022",-13.403,33.629,1117,"Irrigation","CSIRO Agriculture and Food","Public"
"Malawi",2022,"E0241","G188","L0105",1,0,114.3333333,57.33333333,65.33333333,"Purple",NA,0,1,0,1,47.46666667,18.66666667,3272.573333,0,0,0,0,0,0,0,0,0,0,0,0,NA,NA,"6/29/2022","11/19/2022",-13.403,33.629,1117,"Irrigation","International Institute of Tropical Agriculture IITA","Public"
"Malawi",2022,"E0241","G233","L0105",1,0,190.3333333,95.33333333,65,"White",NA,0,1,0,1,54.73333333,18,3232.39,0,0,0,0,0,0,0,0,0,0,0,0,NA,NA,"6/29/2022","12/3/2022",-13.403,33.629,1117,"Irrigation","International Institute of Tropical Agriculture IITA","Public"
"Malawi",2022,"E0241","G262","L0105",1,0,192.3333333,96.33333333,83,"Purple",NA,0,1,0,1,56.6,18,2852.16,0,0,0,0,0,0,0,0,0,0,0,0,NA,NA,"6/29/2022","12/3/2022",-13.403,33.629,1117,"Irrigation","International Institute of Tropical Agriculture IITA","Public"
"Malawi",2022,"E0241","G264","L0105",1,0,171,85.66666667,82.33333333,"Purple",NA,0,1,0,1,50.6,16,3276.02,0,0,0,0,0,0,0,0,0,0,0,0,NA,NA,"6/29/2022","12/3/2022",-13.403,33.629,1117,"Irrigation","International Institute of Tropical Agriculture IITA","Public"
"Malawi",2022,"E0241","G308","L0105",1,0,183.3333333,92,82.33333333,"Purple",NA,0,2,0,1,50.66666667,17.66666667,2736.863333,0,0,0,0,0,0,0,0,0,0,0,0,NA,NA,"6/29/2022","12/3/2022",-13.403,33.629,1117,"Irrigation","International Institute of Tropical Agriculture IITA","Public"
"Malawi",2022,"E0241","G338","L0105",1,0,200,100,75.66666667,"Purple",NA,0,2,0,1,51.53333333,16.66666667,3382.63,0,0,0,0,0,0,0,0,0,0,0,0,NA,NA,"6/29/2022","12/3/2022",-13.403,33.629,1117,"Irrigation","International Institute of Tropical Agriculture IITA","Public"
"Malawi",2022,"E0241","G365","L0105",1,0,182.3333333,91.33333333,66,"Purple",NA,0,1,0,1,46.73333333,19.33333333,2884.173333,0,0,0,0,0,0,0,0,0,0,0,0,NA,NA,"6/29/2022","11/19/2022",-13.403,33.629,1117,"Irrigation","Department of Agricultural Research Services DARS","Public"
"Malawi",2022,"E0242","G002","L0106",1,0,200,67,77,"White",NA,153,0,0,0,68.33333333,14,1724.71,0,0,0,0,0,0,0,0,0,0,0,0,NA,NA,"6/30/2022","12/4/2022",-12.938,33.464,1110,"Irrigation","CSIRO Agriculture and Food","Public"
"Malawi",2022,"E0242","G006","L0106",1,0,90,30,74,"Purple",NA,153,0,0,0,67.66666667,11.66666667,922.4266667,0,0,0,0,0,0,0,0,0,0,0,0,NA,NA,"6/30/2022","12/4/2022",-12.938,33.464,1110,"Irrigation","Agricultural Research Council ARC","Public"
"Malawi",2022,"E0242","G017","L0106",1,0,76,25.33333333,77,"Purple",NA,153,0,0,0,68.46666667,14.66666667,1368.49,0,0,0,0,0,0,0,0,0,0,0,0,NA,NA,"6/30/2022","12/4/2022",-12.938,33.464,1110,"Irrigation","Crop Breeding Institute CBI","Public"
"Malawi",2022,"E0242","G018","L0106",1,0,184,61.66666667,80,"Purple",NA,153,0,0,0,68.2,15.66666667,2155.64,0,0,0,0,0,0,0,0,0,0,0,0,NA,NA,"6/30/2022","12/4/2022",-12.938,33.464,1110,"Irrigation","Ethiopian Institute of Agricultural Research EIAR","Public"
"Malawi",2022,"E0242","G028","L0106",1,0,25,8.333333333,82,"White",NA,153,0,0,0,66.73333333,16.66666667,1180.803333,0,0,0,0,0,0,0,0,0,0,0,0,NA,NA,"6/30/2022","12/4/2022",-12.938,33.464,1110,"Irrigation","CSIRO Agriculture and Food","Public"
"Malawi",2022,"E0242","G032","L0106",1,0,106,35.33333333,70,"Purple",NA,127,0,0,0,67.66666667,14,518.65,0,0,0,0,0,0,0,0,0,0,0,0,NA,NA,"6/30/2022","12/4/2022",-12.938,33.464,1110,"Irrigation","CSIRO Agriculture and Food","Public"
"Malawi",2022,"E0242","G056","L0106",1,0,113.3333333,37.66666667,77,"Purple",NA,153,0,0,0,68.06666667,13.66666667,1669.14,0,0,0,0,0,0,0,0,0,0,0,0,NA,NA,"6/30/2022","12/4/2022",-12.938,33.464,1110,"Irrigation","ZamSeed","Private"
"Malawi",2022,"E0242","G065","L0106",1,0,200,67,77,"Purple",NA,153,0,0,0,67.86666667,19,1137.21,0,0,0,0,0,0,0,0,0,0,0,0,NA,NA,"6/30/2022","12/4/2022",-12.938,33.464,1110,"Irrigation","Department of Agricultural Research Services DARS","Public"
"Malawi",2022,"E0242","G068","L0106",1,0,176.6666667,59,77,"White",NA,153,0,0,0,67.93333333,17,1374.963333,0,0,0,0,0,0,0,0,0,0,0,0,NA,NA,"6/30/2022","12/4/2022",-12.938,33.464,1110,"Irrigation","Crop Breeding Institute CBI","Public"
"Malawi",2022,"E0242","G072","L0106",1,0,153,51,77,"Purple",NA,153,0,0,0,68.86666667,13,1442.243333,0,0,0,0,0,0,0,0,0,0,0,0,NA,NA,"6/30/2022","12/4/2022",-12.938,33.464,1110,"Irrigation","Klein Karoo Seed Marketing Zimbabwe K2 Seed","Private"
"Malawi",2022,"E0242","G073","L0106",1,0,53,17.33333333,74,"White",NA,153,0,0,0,66.73333333,16.66666667,1754.62,0,0,0,0,0,0,0,0,0,0,0,0,NA,NA,"6/30/2022","12/4/2022",-12.938,33.464,1110,"Irrigation","CSIRO Agriculture and Food","Public"
"Malawi",2022,"E0242","G077","L0106",1,0,110.3333333,36.66666667,82,"Purple",NA,153,0,0,0,68.2,19.66666667,2375.873333,0,0,0,0,0,0,0,0,0,0,0,0,NA,NA,"6/30/2022","12/4/2022",-12.938,33.464,1110,"Irrigation","CORTEVAPannar","Private"
"Malawi",2022,"E0242","G092","L0106",1,0,104.6666667,34.66666667,88,"Purple",NA,153,0,0,0,66.86666667,17.33333333,1247.486667,0,0,0,0,0,0,0,0,0,0,0,0,NA,NA,"6/30/2022","12/4/2022",-12.938,33.464,1110,"Irrigation","SeedCo","Private"
"Malawi",2022,"E0242","G095","L0106",1,0,141.3333333,47.33333333,80,"Purple",NA,153,0,0,0,67.66666667,20.66666667,1748.26,0,0,0,0,0,0,0,0,0,0,0,0,NA,NA,"6/30/2022","12/4/2022",-12.938,33.464,1110,"Irrigation","SeedCo","Private"
"Malawi",2022,"E0242","G098","L0106",1,0,150,50.33333333,72,"Purple",NA,153,0,0,0,68.33333333,18.66666667,1377.196667,0,0,0,0,0,0,0,0,0,0,0,0,NA,NA,"6/30/2022","12/4/2022",-12.938,33.464,1110,"Irrigation","SeedCo","Private"
"Malawi",2022,"E0242","G101","L0106",1,0,136.3333333,45.33333333,80,"Purple",NA,153,0,0,0,70,19,1703.41,0,0,0,0,0,0,0,0,0,0,0,0,NA,NA,"6/30/2022","12/4/2022",-12.938,33.464,1110,"Irrigation","SeedCo","Private"
"Malawi",2022,"E0242","G136","L0106",1,0,92.33333333,30.66666667,82,"Purple",NA,153,0,0,0,68.33333333,20,1574.72,0,0,0,0,0,0,0,0,0,0,0,0,NA,NA,"6/30/2022","12/4/2022",-12.938,33.464,1110,"Irrigation","Ethiopian Institute of Agricultural Research EIAR","Public"
"Malawi",2022,"E0242","G138","L0106",1,0,88,29.33333333,77,"Purple",NA,153,0,0,0,70.6,10.66666667,1036.26,0,0,0,0,0,0,0,0,0,0,0,0,NA,NA,"6/30/2022","12/4/2022",-12.938,33.464,1110,"Irrigation","SeedCo","Private"
"Malawi",2022,"E0242","G141","L0106",1,0,144.6666667,48,82,"Purple",NA,153,0,0,0,68,13.66666667,1836.546667,0,0,0,0,0,0,0,0,0,0,0,0,NA,NA,"6/30/2022","12/4/2022",-12.938,33.464,1110,"Irrigation","SeedCo","Private"
"Malawi",2022,"E0242","G143","L0106",1,0,111.6666667,37.33333333,77,"White",NA,153,0,0,0,66.46666667,12.66666667,1467.733333,0,0,0,0,0,0,0,0,0,0,0,0,NA,NA,"6/30/2022","11/19/2022",-12.938,33.464,1110,"Irrigation","SeedCo","Private"
"Malawi",2022,"E0242","G144","L0106",1,0,111.6666667,37.33333333,77,"Purple",NA,153,0,0,0,68.46666667,15,1943.993333,0,0,0,0,0,0,0,0,0,0,0,0,NA,NA,"6/30/2022","12/4/2022",-12.938,33.464,1110,"Irrigation","SeedCo","Private"
"Malawi",2022,"E0242","G145","L0106",1,0,147,49,82,"Purple",NA,153,0,0,0,68.46666667,17.66666667,2085.703333,0,0,0,0,0,0,0,0,0,0,0,0,NA,NA,"6/30/2022","12/4/2022",-12.938,33.464,1110,"Irrigation","SeedCo","Private"
"Malawi",2022,"E0242","G160","L0106",1,0,66.66666667,22.33333333,65,"White",NA,153,0,0,0,68.88333333,16,1612.366667,0,0,0,0,0,0,0,0,0,0,0,0,NA,NA,"6/30/2022","12/4/2022",-12.938,33.464,1110,"Irrigation","CSIRO Agriculture and Food","Public"
"Malawi",2022,"E0242","G188","L0106",1,0,122.6666667,40.66666667,78.66666667,"Purple",NA,127,0,0,0,66.93333333,16.33333333,1861.15,0,0,0,0,0,0,0,0,0,0,0,0,NA,NA,"6/30/2022","12/4/2022",-12.938,33.464,1110,"Irrigation","International Institute of Tropical Agriculture IITA","Public"
"Malawi",2022,"E0242","G233","L0106",1,0,160.3333333,53.33333333,65,"White",NA,153,0,0,0,69.2,19.66666667,1502.85,0,0,0,0,0,0,0,0,0,0,0,0,NA,NA,"6/30/2022","11/19/2022",-12.938,33.464,1110,"Irrigation","International Institute of Tropical Agriculture IITA","Public"
"Malawi",2022,"E0242","G262","L0106",1,0,197.6666667,66,84,"Purple",NA,153,0,0,0,69.4,15.33333333,1480.64,0,0,0,0,0,0,0,0,0,0,0,0,NA,NA,"6/30/2022","12/4/2022",-12.938,33.464,1110,"Irrigation","International Institute of Tropical Agriculture IITA","Public"
"Malawi",2022,"E0242","G264","L0106",1,0,200,67,82,"Purple",NA,153,0,0,0,68.33333333,13.33333333,902.3666667,0,0,0,0,0,0,0,0,0,0,0,0,NA,NA,"6/30/2022","12/4/2022",-12.938,33.464,1110,"Irrigation","International Institute of Tropical Agriculture IITA","Public"
"Malawi",2022,"E0242","G308","L0106",1,0,177,59.33333333,76,"Purple",NA,153,0,0,0,68.66666667,14.33333333,1527.323333,0,0,0,0,0,0,0,0,0,0,0,0,NA,NA,"6/30/2022","12/4/2022",-12.938,33.464,1110,"Irrigation","International Institute of Tropical Agriculture IITA","Public"
"Malawi",2022,"E0242","G338","L0106",1,0,200,67,74,"Purple",NA,153,0,0,0,68.46666667,18.33333333,1522.673333,0,0,0,0,0,0,0,0,0,0,0,0,NA,NA,"6/30/2022","12/4/2022",-12.938,33.464,1110,"Irrigation","International Institute of Tropical Agriculture IITA","Public"
"Malawi",2022,"E0242","G365","L0106",1,0,200,67,81.66666667,"Purple",NA,133,0,0,0,68.06666667,15,1710.27,0,0,0,0,0,0,0,0,0,0,0,0,NA,NA,"6/30/2022","12/4/2022",-12.938,33.464,1110,"Irrigation","Department of Agricultural Research Services DARS","Public"
"Malawi",2022,"E0248","G002","L0124",2,0,39.66666667,13,27.33333333,"White","Tawny",75,3,0,0.666666667,45,3.333333333,1962.18,1,1,1,1,1,1,1,1,1,1,0,0,NA,NA,"1/27/2023","6/3/2023",-16.09,34.778,83,"Supplementary","CSIRO Agriculture and Food","Public"
"Malawi",2022,"E0248","G006","L0124",2,0,136.6666667,45.66666667,33,"Purple","Tawny",101,2,0,1,57.92333333,18,1941.3,1,3,1,1,1,3,1,1,1,1,0,0,NA,NA,"1/27/2023","6/3/2023",-16.09,34.778,83,"Supplementary","Agricultural Research Council ARC","Public"
"Malawi",2022,"E0248","G032","L0124",2,0,78.33333333,26.33333333,42,"White","Tawny",110,3,0,1,66.05333333,8.333333333,1466.555,1,2,1,1,1,1,1,1,1,1,0,0,NA,NA,"1/27/2023","6/3/2023",-16.09,34.778,83,"Supplementary","CSIRO Agriculture and Food","Public"
"Malawi",2022,"E0248","G056","L0124",2,0,81.66666667,27,40.66666667,"Purple","Mixed",109.3333333,4,0,1,46.48666667,4.333333333,2177.53,1,3,1,1,1,1,1,1,1,1,0,0,NA,NA,"1/27/2023","6/26/2023",-16.09,34.778,83,"Supplementary","ZamSeed","Private"
"Malawi",2022,"E0248","G057","L0124",2,0,19.66666667,6.333333333,39.66666667,"White","Tawny",111.6666667,3,0,1,56.4,10.33333333,669.785,1,1,1,1,1,1,1,1,1,1,0,0,NA,NA,"1/27/2023","5/22/2023",-16.09,34.778,83,"Supplementary","Klein Karoo Seed Marketing Zimbabwe K2 Seed","Private"
"Malawi",2022,"E0248","G058","L0124",2,0,99,33,40.66666667,"White","Tawny",112.6666667,3,0,1,64.89,9.333333333,2060.63,1,2,1,1,1,1,1,1,1,1,0,0,NA,NA,"1/27/2023","6/3/2023",-16.09,34.778,83,"Supplementary","CSIRO Agriculture and Food","Public"
"Malawi",2022,"E0248","G068","L0124",2,0,24.33333333,8,13.33333333,"White","Grey",36.66666667,0,0,0.333333333,14.49,6.333333333,1597.97,1,2,1,1,1,2,1,1,1,1,0,0,NA,NA,"1/27/2023","6/26/2023",-16.09,34.778,83,"Supplementary","Crop Breeding Institute CBI","Public"
"Malawi",2022,"E0248","G069","L0124",2,0,140.3333333,46.66666667,35,"Purple","Tawny",99,2,0,1,61.93333333,15.66666667,1681.546667,1,3,1,1,2,2,1,1,1,1,0,0,NA,NA,"1/27/2023","5/20/2023",-16.09,34.778,83,"Supplementary","Crop Breeding Institute CBI","Public"
"Malawi",2022,"E0248","G070","L0124",2,0,98,33,39.33333333,"Purple","Tawny",103.3333333,3,0,1,56.8,13.66666667,2182.683333,1,2,1,1,1,2,1,1,1,1,0,0,NA,NA,"1/27/2023","5/9/2023",-16.09,34.778,83,"Supplementary","MRISyngenta Synergy Agribusiness Zambia Limited","Private"
"Malawi",2022,"E0248","G072","L0124",2,0,68.33333333,23,35,"Purple","Tawny",110.6666667,2,0,1,52.28666667,11,874.265,1,2,1,1,1,1,1,1,1,1,0,0,NA,NA,"1/27/2023","5/30/2023",-16.09,34.778,83,"Supplementary","Klein Karoo Seed Marketing Zimbabwe K2 Seed","Private"
"Malawi",2022,"E0248","G073","L0124",2,0,16.66666667,5.333333333,11.66666667,"White","Grey",30.66666667,0,0,0.333333333,17.22333333,4,621.34,1,1,1,1,1,1,1,1,1,1,0,0,NA,NA,"1/27/2023","6/26/2023",-16.09,34.778,83,"Supplementary","CSIRO Agriculture and Food","Public"
"Malawi",2022,"E0248","G091","L0124",2,0,143,47.66666667,31,"Mixed","Tawny",103,2,0,1,61.45666667,16.66666667,1999.783333,1,2,1,1,2,1,1,1,1,1,0,0,NA,NA,"1/27/2023","5/10/2023",-16.09,34.778,83,"Supplementary","SeedCo","Private"
"Malawi",2022,"E0248","G092","L0124",2,0,161.3333333,53.66666667,31.33333333,"Mixed","Grey",94,2,0,1,95.77666667,13.66666667,1985.07,1,3,1,1,1,1,1,1,1,1,0,0,NA,NA,"1/27/2023","5/1/2023",-16.09,34.778,83,"Supplementary","SeedCo","Private"
"Malawi",2022,"E0248","G095","L0124",2,0,50,17,40.33333333,"Purple","Tawny",112.3333333,4,0,1,55.06666667,5.333333333,1568.48,1,2,1,1,1,1,1,1,1,1,0,0,NA,NA,"1/27/2023","6/3/2023",-16.09,34.778,83,"Supplementary","SeedCo","Private"
"Malawi",2022,"E0248","G098","L0124",2,0,36.66666667,12.33333333,14.66666667,"Purple","Tawny",37,0,0,0.333333333,21.62333333,4,1352.54,1,1,1,1,1,1,1,1,1,1,0,0,NA,NA,"1/27/2023","6/26/2023",-16.09,34.778,83,"Supplementary","SeedCo","Private"
"Malawi",2022,"E0248","G103","L0124",2,0,25,8,11.66666667,"White","Tawny",71,3,0,0.666666667,29.4,5,1063.01,1,2,1,1,1,1,1,1,1,1,0,0,NA,NA,"1/27/2023","6/3/2023",-16.09,34.778,83,"Supplementary","SeedCo","Private"
"Malawi",2022,"E0248","G105","L0124",2,0,52.66666667,17.66666667,25.66666667,"Purple","Tawny",72,4,0,0.666666667,37.28,12.33333333,1600.475,1,1,1,1,1,1,1,1,1,1,0,0,NA,NA,"1/27/2023","6/26/2023",-16.09,34.778,83,"Supplementary","SeedCo","Private"
"Malawi",2022,"E0248","G107","L0124",2,0,131.3333333,44,35,"Purple","Tawny",110.6666667,2,0,1,59.71333333,17.33333333,2093.013333,1,1,1,1,1,1,1,1,1,2,0,0,NA,NA,"1/27/2023","5/22/2023",-16.09,34.778,83,"Supplementary","SeedCo","Private"
"Malawi",2022,"E0248","G109","L0124",2,0,38,12.66666667,27.33333333,"Purple","Tawny",73.66666667,4,0,0.666666667,39.44666667,4.333333333,2238.16,1,1,1,1,1,1,1,1,1,1,0,0,NA,NA,"1/27/2023","6/3/2023",-16.09,34.778,83,"Supplementary","SeedCo","Private"
"Malawi",2022,"E0248","G110","L0124",2,0,14.33333333,4.666666667,24.33333333,"Purple","Tawny",69.33333333,3,0,0.666666667,56.44333333,3.666666667,415.22,1,1,1,1,1,1,1,1,1,1,0,0,NA,NA,"1/27/2023","6/3/2023",-16.09,34.778,83,"Supplementary","SeedCo","Private"
"Malawi",2022,"E0248","G113","L0124",2,0,17.66666667,5.666666667,25,"White","Mixed",36.66666667,0,0,0.333333333,15.11,4.666666667,801,1,1,1,1,1,1,1,1,1,1,0,0,NA,NA,"1/27/2023","6/26/2023",-16.09,34.778,83,"Supplementary","SeedCo","Private"
"Malawi",2022,"E0248","G116","L0124",2,0,12.66666667,4.333333333,12.66666667,"Purple","Tawny",36.66666667,0,0,0.333333333,23.22333333,4.333333333,1526.9,1,2,1,1,1,1,1,1,1,1,0,0,NA,NA,"1/27/2023","6/26/2023",-16.09,34.778,83,"Supplementary","SeedCo","Private"
"Malawi",2022,"E0248","G118","L0124",2,0,30.66666667,10.33333333,35.33333333,"White","Tawny",112.6666667,3,0,1.333333333,56.8,5.333333333,924.63,1,1,1,1,2,1,1,1,1,1,0,0,NA,NA,"1/27/2023","6/3/2023",-16.09,34.778,83,"Supplementary","SeedCo","Private"
"Malawi",2022,"E0248","G121","L0124",2,0,146.3333333,49,39.33333333,"Purple","Tawny",110,3,0,1,89.11,17.66666667,2006.75,1,2,1,1,1,1,1,1,1,1,0,0,NA,NA,"1/27/2023","5/20/2023",-16.09,34.778,83,"Supplementary","CSIRO Agriculture and Food","Public"
"Malawi",2022,"E0248","G137","L0124",2,0,42.66666667,14.33333333,14,"Purple","Mixed",32.66666667,0,0,0.333333333,22.55666667,3.666666667,490.97,0,0,0,0,0,0,0,0,0,0,0,0,NA,NA,"1/27/2023","6/26/2023",-16.09,34.778,83,"Supplementary","SeedCo","Private"
"Malawi",2022,"E0248","G146","L0124",2,0,119,39.66666667,40.33333333,"Purple","Tawny",104.6666667,2,0,1,76.09,8.666666667,1467.15,1,2,1,1,1,1,1,1,1,1,0,0,NA,NA,"1/27/2023","6/3/2023",-16.09,34.778,83,"Supplementary","SeedCo","Private"
"Malawi",2022,"E0248","G147","L0124",2,0,0,0,0,"Purple",NA,0,0,0,0,0,0,NA,0,0,0,0,0,0,0,0,0,0,0,0,NA,NA,"1/27/2023","6/26/2023",-16.09,34.778,83,"Supplementary","SeedCo","Private"
"Malawi",2022,"E0248","G160","L0124",2,0,132.3333333,44,35.33333333,"White","Grey",102,3,0,1.333333333,56.76666667,19.33333333,1745.143333,1,1,1,1,1,1,1,1,1,2,0,0,NA,NA,"1/27/2023","5/18/2023",-16.09,34.778,83,"Supplementary","CSIRO Agriculture and Food","Public"
"Malawi",2022,"E0248","G233","L0124",2,0,129.6666667,43,37.66666667,"White","Tawny",109,3,0,1.333333333,86.11,15.33333333,2112.78,1,2,1,1,1,1,1,1,1,1,0,0,NA,NA,"1/27/2023","5/30/2023",-16.09,34.778,83,"Supplementary","International Institute of Tropical Agriculture IITA","Public"
"Malawi",2022,"E0248","G238","L0124",2,0,36,11.66666667,36.66666667,"Mixed","Tawny",102.3333333,2,0,1,62.2,6.666666667,1183.97,1,2,1,1,1,1,1,1,1,1,0,0,NA,NA,"1/27/2023","5/13/2023",-16.09,34.778,83,"Supplementary","International Institute of Tropical Agriculture IITA","Public"
"Malawi",2022,"E0248","G244","L0124",2,0,70.33333333,23.66666667,33,"Purple","Tawny",98.33333333,3,0,1,79,12.33333333,1320.75,1,2,1,1,1,1,1,1,1,1,0,0,NA,NA,"1/27/2023","5/22/2023",-16.09,34.778,83,"Supplementary","International Institute of Tropical Agriculture IITA","Public"
"Malawi",2022,"E0248","G246","L0124",2,0,107.6666667,35.66666667,37.33333333,"Purple","Tawny",108.6666667,3,0,1,56.91333333,10.33333333,1797.14,1,2,1,1,1,1,1,1,1,1,0,0,NA,NA,"1/27/2023","6/26/2023",-16.09,34.778,83,"Supplementary","International Institute of Tropical Agriculture IITA","Public"
"Malawi",2022,"E0248","G269","L0124",2,0,171.6666667,57.33333333,40.66666667,"White","Tawny",119,2,0,1,77.77666667,17,1700.553333,1,1,1,1,1,1,1,1,1,2,0,0,NA,NA,"1/27/2023","5/30/2023",-16.09,34.778,83,"Supplementary","International Institute of Tropical Agriculture IITA","Public"
"Malawi",2022,"E0248","G312","L0124",2,0,48.66666667,16,38.33333333,"Purple","Tawny",103.6666667,5,0,1.333333333,48.99666667,8.666666667,1185.735,1,1,1,1,3,1,1,1,1,1,0,0,NA,NA,"1/27/2023","5/13/2023",-16.09,34.778,83,"Supplementary","International Institute of Tropical Agriculture IITA","Public"
"Malawi",2022,"E0248","G314","L0124",2,0,143.3333333,47.66666667,37.33333333,"Purple","Mixed",66.33333333,2,0,0.666666667,49.17666667,18,2784.746667,1,1,1,1,2,1,1,1,1,1,0,0,NA,NA,"1/27/2023","5/10/2023",-16.09,34.778,83,"Supplementary","International Institute of Tropical Agriculture IITA","Public"
"Malawi",2022,"E0248","G319","L0124",2,0,191.6666667,64,38,"Purple","Tawny",105.6666667,2,0,1,92.27666667,17.66666667,2783.723333,1,1,1,1,1,1,1,1,1,2,0,0,NA,NA,"1/27/2023","5/18/2023",-16.09,34.778,83,"Supplementary","International Institute of Tropical Agriculture IITA","Public"
"Malawi",2022,"E0248","G322","L0124",2,0,138.3333333,46,36.33333333,"Purple","Tawny",104.6666667,3,0,1,71.89,15.66666667,1881.126667,1,1,1,1,1,1,1,1,1,2,0,0,NA,NA,"1/27/2023","5/30/2023",-16.09,34.778,83,"Supplementary","International Institute of Tropical Agriculture IITA","Public"
"Malawi",2022,"E0248","G338","L0124",2,0,79.33333333,26.66666667,34.33333333,"Purple","Tawny",102,2,0,1,74,9.333333333,1717.135,1,2,1,1,1,1,1,1,1,1,0,0,NA,NA,"1/27/2023","6/3/2023",-16.09,34.778,83,"Supplementary","International Institute of Tropical Agriculture IITA","Public"
"Malawi",2022,"E0248","G341","L0124",2,0,149.6666667,49.66666667,35.33333333,"Purple","Grey",96,4,0,1.333333333,77.89,16.33333333,2061.033333,1,3,1,1,1,1,1,1,1,2,0,0,NA,NA,"1/27/2023","5/9/2023",-16.09,34.778,83,"Supplementary","International Institute of Tropical Agriculture IITA","Public"
"Malawi",2022,"E0248","G359","L0124",2,0,119.6666667,40,34.33333333,"White","Tawny",102,2,0,1,68.72333333,17,2858.26,1,1,1,1,4,1,1,1,1,2,0,0,NA,NA,"1/27/2023","5/9/2023",-16.09,34.778,83,"Supplementary","International Institute of Tropical Agriculture IITA","Public"
"Zambia",2022,"E0255","G006","L074",2,0,87,21.66666667,45.33333333,"Purple","Grey",104.6666667,1,0,1,51.33333333,0,1790.933333,3,5,0,3,1,0,1,1,4,1,0,0,NA,NA,"12/14/2022","5/4/2023",-15.406,28.078,1196,"Irrigation","Agricultural Research Council ARC","Public"
"Zambia",2022,"E0255","G017","L074",2,0,130,32.66666667,31,"Mixed","Grey",112.6666667,1,0,2,53,0,1750.19,3,4,0,3,1,0,1,1,5,1,0,0,NA,NA,"12/14/2022","5/4/2023",-15.406,28.078,1196,"Irrigation","Crop Breeding Institute CBI","Public"
"Zambia",2022,"E0255","G057","L074",2,0,251.6666667,63.33333333,33.66666667,"Purple","Grey",108,4,0,1,94,0,1953.96,3,5,0,2,1,0,2,1,5,1,0,0,NA,NA,"12/14/2022","5/4/2023",-15.406,28.078,1196,"Irrigation","Klein Karoo Seed Marketing Zimbabwe K2 Seed","Private"
"Zambia",2022,"E0255","G068","L074",2,0,251.6666667,63,30,"White","Purple",107.6666667,2,0,1,72.66666667,0,3529.63,3,3,0,2,1,0,2,1,4,1,0,0,NA,NA,"12/14/2022","5/4/2023",-15.406,28.078,1196,"Irrigation","Crop Breeding Institute CBI","Public"
"Zambia",2022,"E0255","G072","L074",2,0,263.6666667,66,50.66666667,"Purple","Grey",107,2,0,1,80.33333333,0,2091.956667,4,5,0,1,1,0,3,1,3,1,0,0,NA,NA,"12/14/2022","5/4/2023",-15.406,28.078,1196,"Irrigation","Klein Karoo Seed Marketing Zimbabwe K2 Seed","Private"
"Zambia",2022,"E0255","G076","L074",2,0,244.3333333,61,46,"Purple","Grey",105.6666667,2,0,1,73,0,2627.266667,4,5,0,2,1,0,3,1,3,1,0,0,NA,NA,"12/14/2022","5/4/2023",-15.406,28.078,1196,"Irrigation","Klein Karoo Seed Marketing Zimbabwe K2 Seed","Private"
"Zambia",2022,"E0255","G077","L074",2,0,97,24.33333333,31.33333333,"Purple","Grey",114.6666667,2,0,1,88.66666667,0,2736.206667,2,2,0,2,1,0,2,3,3,1,0,0,NA,NA,"12/14/2022","5/4/2023",-15.406,28.078,1196,"Irrigation","CORTEVAPannar","Private"
"Zambia",2022,"E0255","G092","L074",2,0,250.6666667,62.66666667,35.33333333,"Purple","Purple",117,3,0,1,107.3333333,0,3440.423333,2,2,0,3,1,0,1,1,3,1,0,0,NA,NA,"12/14/2022","5/4/2023",-15.406,28.078,1196,"Irrigation","SeedCo","Private"
"Zambia",2022,"E0255","G098","L074",2,0,292.3333333,73,30.66666667,"Purple","Purple",105.3333333,2,0,1,78,0,2894.83,3,5,0,2,1,0,3,1,3,1,0,0,NA,NA,"12/14/2022","5/4/2023",-15.406,28.078,1196,"Irrigation","SeedCo","Private"
"Zambia",2022,"E0255","G101","L074",2,0,153,38.33333333,52.66666667,"Purple","Grey",109,2,0,1,82,0,2197.636667,3,5,0,2,1,0,4,1,4,1,0,0,NA,NA,"12/14/2022","5/4/2023",-15.406,28.078,1196,"Irrigation","SeedCo","Private"
"Zambia",2022,"E0255","G107","L074",2,0,233.3333333,58.33333333,35,"Purple","Purple",118,1,0,1,92,0,4392.146667,2,2,0,2,2,0,3,2,3,1,0,0,NA,NA,"12/14/2022","5/4/2023",-15.406,28.078,1196,"Irrigation","SeedCo","Private"
"Zambia",2022,"E0255","G110","L074",2,0,255.3333333,63.66666667,46.66666667,"Purple","Purple",116.6666667,2,0,1,102,0,3999.683333,3,3,0,3,2,0,3,1,4,1,0,0,NA,NA,"12/14/2022","5/4/2023",-15.406,28.078,1196,"Irrigation","SeedCo","Private"
"Zambia",2022,"E0255","G111","L074",2,0,159.3333333,40,53,"White","Purple",120.3333333,4,0,1,94.66666667,0,4197.576667,2,2,0,2,3,0,2,1,4,1,0,0,NA,NA,"12/14/2022","5/4/2023",-15.406,28.078,1196,"Irrigation","SeedCo","Private"
"Zambia",2022,"E0255","G114","L074",2,0,202.6666667,51,45.66666667,"Purple","Purple",116.3333333,1,0,1,97.66666667,0,4029.63,2,2,0,3,3,0,2,1,4,1,0,0,NA,NA,"12/14/2022","5/4/2023",-15.406,28.078,1196,"Irrigation","SeedCo","Private"
"Zambia",2022,"E0255","G115","L074",2,0,201.3333333,50.66666667,49.66666667,"Purple","Purple",116,2,0,1,90,0,4819.03,3,2,0,3,1,0,2,1,4,1,0,0,NA,NA,"12/14/2022","5/4/2023",-15.406,28.078,1196,"Irrigation","SeedCo","Private"
"Zambia",2022,"E0255","G130","L074",2,0,227,56.66666667,45.66666667,"Purple","Grey",106,1,0,1,65.33333333,0,2084.29,3,5,0,3,1,0,3,1,3,1,0,0,NA,NA,"12/14/2022","5/4/2023",-15.406,28.078,1196,"Irrigation","Klein Karoo Seed Marketing Zimbabwe K2 Seed","Private"
"Zambia",2022,"E0255","G131","L074",2,0,250.6666667,62.66666667,35.33333333,"Purple","Purple",110.3333333,2,0,1,82.66666667,0,2599.106667,3,5,0,2,1,0,2,1,3,1,0,0,NA,NA,"12/14/2022","5/4/2023",-15.406,28.078,1196,"Irrigation","Klein Karoo Seed Marketing Zimbabwe K2 Seed","Private"
"Zambia",2022,"E0255","G133","L074",2,0,252.3333333,63.33333333,56,"White","Purple",121.3333333,1,0,1,102.6666667,0,3062.326667,4,3,0,2,1,0,3,2,3,1,0,0,NA,NA,"12/14/2022","5/4/2023",-15.406,28.078,1196,"Irrigation","SeedCo","Private"
"Zambia",2022,"E0255","G143","L074",2,0,251.6666667,63,33,"White","Grey",105.6666667,4,0,1,85.66666667,0,1616.73,3,5,0,3,1,0,3,1,5,1,0,0,NA,NA,"12/14/2022","5/4/2023",-15.406,28.078,1196,"Irrigation","SeedCo","Private"
"Zambia",2022,"E0255","G146","L074",2,0,99.33333333,25,48.66666667,"Purple","Purple",114.6666667,2,0,1,110.3333333,0,2594.766667,3,4,0,2,1,0,1,2,3,1,0,0,NA,NA,"12/14/2022","5/4/2023",-15.406,28.078,1196,"Irrigation","SeedCo","Private"
"Zambia",2022,"E0255","G300","L074",2,0,249.3333333,62.33333333,55,"Purple","Purple",119,2,0,1,105.6666667,0,3598.916667,2,2,0,3,1,0,3,4,4,1,0,0,NA,NA,"12/14/2022","5/4/2023",-15.406,28.078,1196,"Irrigation","International Institute of Tropical Agriculture IITA","Public"
"Zambia",2022,"E0255","G311","L074",2,0,266.6666667,66.66666667,35.33333333,"Purple","Purple",118.6666667,2,0,1,108.6666667,0,3605.49,4,3,0,2,2,0,1,5,3,1,0,0,NA,NA,"12/14/2022","5/4/2023",-15.406,28.078,1196,"Irrigation","International Institute of Tropical Agriculture IITA","Public"
"Zambia",2022,"E0255","G317","L074",2,0,225.6666667,56.66666667,55.66666667,"Purple","Purple",118.3333333,2,0,1,101.6666667,0,3720.626667,2,2,0,3,2,0,2,3,4,1,0,0,NA,NA,"12/14/2022","5/4/2023",-15.406,28.078,1196,"Irrigation","International Institute of Tropical Agriculture IITA","Public"
"Zambia",2022,"E0255","G318","L074",2,0,204,51,35,"Purple","Purple",117.6666667,2,0,1.333333333,108.3333333,0,3760.6,2,4,0,3,2,0,1,3,5,1,0,0,NA,NA,"12/14/2022","5/4/2023",-15.406,28.078,1196,"Irrigation","International Institute of Tropical Agriculture IITA","Public"
"Zambia",2022,"E0255","G319","L074",2,0,218.6666667,55,53.66666667,"Purple","Purple",117.6666667,4,0,1,98.66666667,0,4109.77,2,2,0,2,1,0,2,3,3,1,0,0,NA,NA,"12/14/2022","5/4/2023",-15.406,28.078,1196,"Irrigation","International Institute of Tropical Agriculture IITA","Public"
"Zambia",2022,"E0255","G322","L074",2,0,244.3333333,61.33333333,56.33333333,"Purple","Purple",122.6666667,4,0,1,82.33333333,0,3237.423333,2,2,0,2,1,0,3,1,3,1,0,0,NA,NA,"12/14/2022","5/4/2023",-15.406,28.078,1196,"Irrigation","International Institute of Tropical Agriculture IITA","Public"
"Zambia",2022,"E0255","G324","L074",2,0,268.6666667,67.33333333,54,"Purple","Purple",116,2,0,1,94,0,4009.07,3,2,0,2,1,0,3,2,4,1,0,0,NA,NA,"12/14/2022","5/4/2023",-15.406,28.078,1196,"Irrigation","International Institute of Tropical Agriculture IITA","Public"
"Zambia",2022,"E0255","G325","L074",2,0,231.3333333,58,56.33333333,"Purple","Grey",116.6666667,4,0,1.333333333,109,0,3110.09,2,2,0,2,1,0,3,1,4,1,0,0,NA,NA,"12/14/2022","5/4/2023",-15.406,28.078,1196,"Irrigation","International Institute of Tropical Agriculture IITA","Public"
"Zambia",2022,"E0255","G330","L074",2,0,241.3333333,60.33333333,55.33333333,"Purple","Purple",115.3333333,2,0,1,115.3333333,0,2151.596667,2,4,0,3,1,0,4,4,3,1,0,0,NA,NA,"12/14/2022","5/4/2023",-15.406,28.078,1196,"Irrigation","International Institute of Tropical Agriculture IITA","Public"
"Zambia",2022,"E0255","G338","L074",2,0,254.3333333,63.66666667,35,"Purple","Grey",106.3333333,2,0,1,87.66666667,0,2566.856667,2,5,0,2,1,0,2,1,3,1,0,0,NA,NA,"12/14/2022","5/4/2023",-15.406,28.078,1196,"Irrigation","International Institute of Tropical Agriculture IITA","Public"
"Zambia",2022,"E0254","G006","L099",2,0,0,0,54,"White","Grey",109,1,0,0,64.33333333,16.66666667,1886.15,0,0,0,0,0,0,0,0,0,0,0,0,NA,NA,"12/5/2022","5/4/2023",-15.406,28.079,1300,"Supplementary","Agricultural Research Council ARC","Public"
"Zambia",2022,"E0254","G017","L099",2,0,0,0,53,"White","Grey",110,2,0,0,80.66666667,16.66666667,1594.373333,0,0,0,0,0,0,0,0,0,0,0,0,NA,NA,"12/5/2022","5/4/2023",-15.406,28.079,1300,"Supplementary","Crop Breeding Institute CBI","Public"
"Zambia",2022,"E0254","G057","L099",2,0,0,0,60,"Purple","Grey",112,2,0,0,92.33333333,12.66666667,2063.706667,0,0,0,0,0,0,0,0,0,0,0,0,NA,NA,"12/5/2022","5/4/2023",-15.406,28.079,1300,"Supplementary","Klein Karoo Seed Marketing Zimbabwe K2 Seed","Private"
"Zambia",2022,"E0254","G068","L099",2,0,0,0,49.33333333,"White","Grey",109.3333333,1,0,0,77.33333333,15,3401.486667,0,0,0,0,0,0,0,0,0,0,0,0,NA,NA,"12/5/2022","5/4/2023",-15.406,28.079,1300,"Supplementary","Crop Breeding Institute CBI","Public"
"Zambia",2022,"E0254","G072","L099",2,0,0,0,55.33333333,"Purple","Grey",107,2,0,0,74.33333333,16,2366.706667,0,0,0,0,0,0,0,0,0,0,0,0,NA,NA,"12/5/2022","5/4/2023",-15.406,28.079,1300,"Supplementary","Klein Karoo Seed Marketing Zimbabwe K2 Seed","Private"
"Zambia",2022,"E0254","G076","L099",2,0,0,0,53.33333333,"Purple","Grey",116.3333333,1,0,0,62.33333333,18.33333333,2535.366667,0,0,0,0,0,0,0,0,0,0,0,0,NA,NA,"12/5/2022","5/4/2023",-15.406,28.079,1300,"Supplementary","Klein Karoo Seed Marketing Zimbabwe K2 Seed","Private"
"Zambia",2022,"E0254","G077","L099",2,0,0,0,55,"Purple","Grey",111.3333333,2,0,0,74.33333333,15.33333333,1987.86,0,0,0,0,0,0,0,0,0,0,0,0,NA,NA,"12/5/2022","5/4/2023",-15.406,28.079,1300,"Supplementary","CORTEVAPannar","Private"
"Zambia",2022,"E0254","G092","L099",2,0,0,0,58.33333333,"Purple","Grey",118.6666667,2,0,0,95.33333333,18.66666667,3497.463333,0,0,0,0,0,0,0,0,0,0,0,0,NA,NA,"12/5/2022","5/4/2023",-15.406,28.079,1300,"Supplementary","SeedCo","Private"
"Zambia",2022,"E0254","G098","L099",2,0,0,0,55,"Purple","Grey",113.3333333,1,0,0,93,15.33333333,2243.36,0,0,0,0,0,0,0,0,0,0,0,0,NA,NA,"12/5/2022","5/4/2023",-15.406,28.079,1300,"Supplementary","SeedCo","Private"
"Zambia",2022,"E0254","G101","L099",2,0,0,0,58,"Purple","Grey",116.3333333,5,0,0,89,13,2211.39,0,0,0,0,0,0,0,0,0,0,0,0,NA,NA,"12/5/2022","5/4/2023",-15.406,28.079,1300,"Supplementary","SeedCo","Private"
"Zambia",2022,"E0254","G107","L099",2,0,0,0,59.66666667,"Purple","Purple",121,1,0,0,77.66666667,15,2861.193333,0,0,0,0,0,0,0,0,0,0,0,0,NA,NA,"12/5/2022","5/4/2023",-15.406,28.079,1300,"Supplementary","SeedCo","Private"
"Zambia",2022,"E0254","G110","L099",2,0,0,0,53.66666667,"Purple","Grey",117.3333333,3,0,0.333333333,99,16.33333333,2875.16,0,0,0,0,0,0,0,0,0,0,0,0,NA,NA,"12/5/2022","5/4/2023",-15.406,28.079,1300,"Supplementary","SeedCo","Private"
"Zambia",2022,"E0254","G111","L099",2,0,0,0,59.66666667,"Purple","Purple",126.6666667,4,0,0,98.33333333,16.33333333,3451.116667,0,0,0,0,0,0,0,0,0,0,0,0,NA,NA,"12/5/2022","5/4/2023",-15.406,28.079,1300,"Supplementary","SeedCo","Private"
"Zambia",2022,"E0254","G114","L099",2,0,0,0,53.66666667,"Purple","Grey",116.3333333,2,0,0,105.3333333,16,3670.303333,0,0,0,0,0,0,0,0,0,0,0,0,NA,NA,"12/5/2022","5/4/2023",-15.406,28.079,1300,"Supplementary","SeedCo","Private"
"Zambia",2022,"E0254","G115","L099",2,0,0,0,54,"Purple","Grey",116.3333333,1,0,0,84.33333333,16,3407.606667,0,0,0,0,0,0,0,0,0,0,0,0,NA,NA,"12/5/2022","5/4/2023",-15.406,28.079,1300,"Supplementary","SeedCo","Private"
"Zambia",2022,"E0254","G130","L099",2,0,0,0,54,"Purple","Grey",109.6666667,1,0,0,86,16,2165.976667,0,0,0,0,0,0,0,0,0,0,0,0,NA,NA,"12/5/2022","5/4/2023",-15.406,28.079,1300,"Supplementary","Klein Karoo Seed Marketing Zimbabwe K2 Seed","Private"
"Zambia",2022,"E0254","G131","L099",2,0,0,0,59.33333333,"Purple","Grey",115,1,0,1.666666667,80.66666667,16,2512.826667,0,0,0,0,0,0,0,0,0,0,0,0,NA,NA,"12/5/2022","5/4/2023",-15.406,28.079,1300,"Supplementary","Klein Karoo Seed Marketing Zimbabwe K2 Seed","Private"
"Zambia",2022,"E0254","G133","L099",2,0,0,0,62.33333333,"Purple","Mixed",126.3333333,2,0,0,90.33333333,16.33333333,2576.433333,0,0,0,0,0,0,0,0,0,0,0,0,NA,NA,"12/5/2022","5/4/2023",-15.406,28.079,1300,"Supplementary","SeedCo","Private"
"Zambia",2022,"E0254","G143","L099",2,0,0,0,54,"White","Grey",107.3333333,2,0,0,88.66666667,16.66666667,1975.133333,0,0,0,0,0,0,0,0,0,0,0,0,NA,NA,"12/5/2022","5/4/2023",-15.406,28.079,1300,"Supplementary","SeedCo","Private"
"Zambia",2022,"E0254","G146","L099",2,0,0,0,51.66666667,"Purple","Grey",116,1,0,0,96.66666667,12.66666667,2632.246667,0,0,0,0,0,0,0,0,0,0,0,0,NA,NA,"12/5/2022","5/4/2023",-15.406,28.079,1300,"Supplementary","SeedCo","Private"
"Zambia",2022,"E0254","G300","L099",2,0,0,0,61.33333333,"Purple","Purple",125.6666667,4,0,0,100,15.66666667,3155.23,0,0,0,0,0,0,0,0,0,0,0,0,NA,NA,"12/5/2022","5/4/2023",-15.406,28.079,1300,"Supplementary","International Institute of Tropical Agriculture IITA","Public"
"Zambia",2022,"E0254","G311","L099",2,0,0,0,62.33333333,"Purple","Grey",124,5,0,0,101,15.66666667,3346.773333,0,0,0,0,0,0,0,0,0,0,0,0,NA,NA,"12/5/2022","5/4/2023",-15.406,28.079,1300,"Supplementary","International Institute of Tropical Agriculture IITA","Public"
"Zambia",2022,"E0254","G317","L099",2,0,0,0,62,"Purple","Mixed",125,5,0,0,86,18.33333333,3091.643333,0,0,0,0,0,0,0,0,0,0,0,0,NA,NA,"12/5/2022","5/4/2023",-15.406,28.079,1300,"Supplementary","International Institute of Tropical Agriculture IITA","Public"
"Zambia",2022,"E0254","G318","L099",2,0,0,0,59.66666667,"Purple","Grey",121.6666667,5,0,0,100,17.33333333,3696.17,0,0,0,0,0,0,0,0,0,0,0,0,NA,NA,"12/5/2022","5/4/2023",-15.406,28.079,1300,"Supplementary","International Institute of Tropical Agriculture IITA","Public"
"Zambia",2022,"E0254","G319","L099",2,0,0,0,63,"Purple","Purple",125,5,0,0,100.6666667,17.33333333,3970.256667,0,0,0,0,0,0,0,0,0,0,0,0,NA,NA,"12/5/2022","5/4/2023",-15.406,28.079,1300,"Supplementary","International Institute of Tropical Agriculture IITA","Public"
"Zambia",2022,"E0254","G322","L099",2,0,0,0,62.66666667,"Purple","Grey",129.6666667,5,0,0,102,14.66666667,3639.846667,0,0,0,0,0,0,0,0,0,0,0,0,NA,NA,"12/5/2022","5/4/2023",-15.406,28.079,1300,"Supplementary","International Institute of Tropical Agriculture IITA","Public"
"Zambia",2022,"E0254","G324","L099",2,0,0,0,61,"Purple","Mixed",116,2,0,0,98.33333333,17.33333333,3013.586667,0,0,0,0,0,0,0,0,0,0,0,0,NA,NA,"12/5/2022","5/4/2023",-15.406,28.079,1300,"Supplementary","International Institute of Tropical Agriculture IITA","Public"
"Zambia",2022,"E0254","G325","L099",2,0,0,0,62.33333333,"Purple","Grey",119,4,0,0,87,17.66666667,2099.136667,0,0,0,0,0,0,0,0,0,0,0,0,NA,NA,"12/5/2022","5/4/2023",-15.406,28.079,1300,"Supplementary","International Institute of Tropical Agriculture IITA","Public"
"Zambia",2022,"E0254","G330","L099",2,0,0,0,58.66666667,"Purple","Grey",118,2,0,0,95,16,2209.9,0,0,0,0,0,0,0,0,0,0,0,0,NA,NA,"12/5/2022","5/4/2023",-15.406,28.079,1300,"Supplementary","International Institute of Tropical Agriculture IITA","Public"
"Zambia",2022,"E0254","G338","L099",2,0,0,0,57.66666667,"Purple","Grey",120.3333333,2,0,0,93.66666667,13.33333333,2622.903333,0,0,0,0,0,0,0,0,0,0,0,0,NA,NA,"12/5/2022","5/4/2023",-15.406,28.079,1300,"Supplementary","International Institute of Tropical Agriculture IITA","Public"
"Zambia",2022,"E0252","G002","L098",2,0,234.6666667,78.33333333,38.66666667,"White","Grey",115.6666667,1,0,1,52.33333333,13.63333333,2608.726667,1,3,0,0,2,1,1,1,3,1,0,0,NA,NA,"12/26/2022","6/5/2023",-15.302,28.306,1186,"Irrigation","CSIRO Agriculture and Food","Public"
"Zambia",2022,"E0252","G006","L098",2,0,6.666666667,2,54,"White","Grey",127.6666667,1,0,1,36.83333333,18.03333333,536.7133333,3,1,0,0,3,1,1,1,1,2,0,0,NA,NA,"12/26/2022","6/5/2023",-15.302,28.306,1186,"Irrigation","Agricultural Research Council ARC","Public"
"Zambia",2022,"E0252","G032","L098",2,0,72.33333333,24,48.66666667,"White","Grey",123.6666667,1,0,1,48.22,13.33333333,3026.746667,1,1,0,0,4,1,1,1,1,1,0,0,NA,NA,"12/26/2022","6/5/2023",-15.302,28.306,1186,"Irrigation","CSIRO Agriculture and Food","Public"
"Zambia",2022,"E0252","G056","L098",2,0,154.3333333,51.66666667,42,"White","Grey",114.6666667,1,0,1,61.89,14.46666667,4211.013333,1,1,0,0,1,1,1,1,1,1,0,0,NA,NA,"12/26/2022","6/5/2023",-15.302,28.306,1186,"Irrigation","ZamSeed","Private"
"Zambia",2022,"E0252","G057","L098",2,0,4.333333333,1.666666667,50,"Purple","Grey",130,1,0,1,37.99666667,14.03333333,465.62,1,2,0,0,2,1,1,2,1,3,0,0,NA,NA,"12/26/2022","6/5/2023",-15.302,28.306,1186,"Irrigation","Klein Karoo Seed Marketing Zimbabwe K2 Seed","Private"
"Zambia",2022,"E0252","G058","L098",2,0,164.3333333,54.66666667,53.66666667,"White","Grey",134.3333333,1,0,1,51.89,14.13333333,3935.17,2,1,0,0,2,1,1,2,1,3,0,0,NA,NA,"12/26/2022","6/5/2023",-15.302,28.306,1186,"Irrigation","CSIRO Agriculture and Food","Public"
"Zambia",2022,"E0252","G068","L098",2,0,21.66666667,7.333333333,42.66666667,"White","Grey",120,1,0,1,30.89,19,601.67,1,3,0,0,2,1,1,1,1,1,0,0,NA,NA,"12/26/2022","6/5/2023",-15.302,28.306,1186,"Irrigation","Crop Breeding Institute CBI","Public"
"Zambia",2022,"E0252","G069","L098",2,0,98.33333333,32.66666667,42.66666667,"Purple","Grey",126,1,0,1,49.77666667,18.06666667,3769.98,1,1,0,0,2,1,1,1,1,1,0,0,NA,NA,"12/26/2022","6/5/2023",-15.302,28.306,1186,"Irrigation","Crop Breeding Institute CBI","Public"
"Zambia",2022,"E0252","G070","L098",2,0,166.6666667,55.33333333,55,"Purple","Tawny",159.3333333,1,0,1,69.39,14.13333333,1260.37,1,1,0,0,2,1,1,3,1,3,0,0,NA,NA,"12/26/2022","6/5/2023",-15.302,28.306,1186,"Irrigation","MRISyngenta Synergy Agribusiness Zambia Limited","Private"
"Zambia",2022,"E0252","G072","L098",2,0,145.3333333,48.33333333,41.33333333,"Purple","Grey",132.3333333,1,0,1,55.33,14.03333333,3511.29,1,1,0,0,2,1,1,1,2,2,0,0,NA,NA,"12/26/2022","6/5/2023",-15.302,28.306,1186,"Irrigation","Klein Karoo Seed Marketing Zimbabwe K2 Seed","Private"
"Zambia",2022,"E0252","G073","L098",2,0,54.33333333,18.33333333,49.66666667,"White","Grey",126,1,0,1,39.81,17.4,3021.95,2,1,0,0,2,1,1,1,1,1,0,0,NA,NA,"12/26/2022","6/5/2023",-15.302,28.306,1186,"Irrigation","CSIRO Agriculture and Food","Public"
"Zambia",2022,"E0252","G091","L098",2,0,134.6666667,45,47.33333333,"Purple","Grey",143.6666667,1,0,1,56.88666667,16.4,1876.18,3,1,0,0,2,1,1,1,1,1,0,0,NA,NA,"12/26/2022","6/5/2023",-15.302,28.306,1186,"Irrigation","SeedCo","Private"
"Zambia",2022,"E0252","G092","L098",2,0,14.33333333,4.666666667,37.33333333,"Purple","Grey",46.66666667,0,0,0.333333333,21.55666667,12.26666667,1308.82,1,2,0,0,1,1,1,2,1,1,0,0,NA,NA,"12/26/2022","6/5/2023",-15.302,28.306,1186,"Irrigation","SeedCo","Private"
"Zambia",2022,"E0252","G095","L098",2,0,14.83333333,5,50.16666667,"Purple","Grey",128.3333333,1,0,1,39.02666667,15.91666667,637.31,1,1,0,0,1,1,1,1,1,2,0,0,NA,NA,"12/26/2022","6/5/2023",-15.302,28.306,1186,"Irrigation","SeedCo","Private"
"Zambia",2022,"E0252","G098","L098",2,0,125.6666667,42,43,"Purple","Tawny",131,1,0,1,43.02333333,16.66666667,4513.173333,1,1,0,0,2,1,1,1,1,2,0,0,NA,NA,"12/26/2022","6/5/2023",-15.302,28.306,1186,"Irrigation","SeedCo","Private"
"Zambia",2022,"E0252","G103","L098",2,0,0,0,0,NA,"Grey",43.33333333,0,0,0.333333333,16.11,0,NA,0,0,0,0,0,0,0,0,0,0,0,0,NA,NA,"12/26/2022","6/5/2023",-15.302,28.306,1186,"Irrigation","SeedCo","Private"
"Zambia",2022,"E0252","G105","L098",2,0,71.33333333,24,44,"White","Grey",128.3333333,1,0,1.333333333,51.72333333,17.16666667,2221.926667,2,2,0,0,2,1,1,3,1,2,0,0,NA,NA,"12/26/2022","6/5/2023",-15.302,28.306,1186,"Irrigation","SeedCo","Private"
"Zambia",2022,"E0252","G107","L098",2,0,106.3333333,35.66666667,50.66666667,"Purple","Tawny",124,1,0,1,43.66666667,13.73333333,3089.156667,1,1,0,0,1,1,1,1,1,3,0,0,NA,NA,"12/26/2022","6/5/2023",-15.302,28.306,1186,"Irrigation","SeedCo","Private"
"Zambia",2022,"E0252","G109","L098",2,0,0,0,13,"White","Grey",0,0,0,0.333333333,10.5,0,NA,0,0,0,0,0,0,0,0,0,0,0,0,NA,NA,"12/26/2022","6/5/2023",-15.302,28.306,1186,"Irrigation","SeedCo","Private"
"Zambia",2022,"E0252","G110","L098",2,0,16.66666667,5.333333333,42.66666667,"Purple","Tawny",123.3333333,1,0,1,54.89,15.66666667,1781.43,1,3,0,0,4,1,1,1,1,1,0,0,NA,NA,"12/26/2022","6/5/2023",-15.302,28.306,1186,"Irrigation","SeedCo","Private"
"Zambia",2022,"E0252","G111","L098",2,0,263.3333333,87.66666667,45,"White","Tawny",135,1,0,1,62.84333333,13.5,3116.926667,3,1,0,0,2,1,1,1,3,2,0,0,NA,NA,"12/26/2022","6/5/2023",-15.302,28.306,1186,"Irrigation","SeedCo","Private"
"Zambia",2022,"E0252","G113","L098",2,0,34.33333333,11.33333333,46.33333333,"Purple","Tawny",81.33333333,1,0,0.666666667,35.61,16.26666667,1543.503333,1,4,0,0,1,1,1,1,1,1,0,0,NA,NA,"12/26/2022","6/5/2023",-15.302,28.306,1186,"Irrigation","SeedCo","Private"
"Zambia",2022,"E0252","G116","L098",2,0,3.333333333,1,39,"Purple","Tawny",40,0,0,0.333333333,10,11.06666667,122.27,2,3,0,0,2,1,1,2,1,1,0,0,NA,NA,"12/26/2022","6/5/2023",-15.302,28.306,1186,"Irrigation","SeedCo","Private"
"Zambia",2022,"E0252","G118","L098",2,0,62.33333333,20.66666667,44,"White","Tawny",137,1,0,1,41.77666667,15.8,2945.603333,3,3,0,0,2,1,1,1,1,2,0,0,NA,NA,"12/26/2022","6/5/2023",-15.302,28.306,1186,"Irrigation","SeedCo","Private"
"Zambia",2022,"E0252","G121","L098",2,0,93,31,53.66666667,"Purple","Tawny",138,1,0,1,65.61,17.6,2084.35,1,3,0,0,2,1,1,3,1,0,0,0,NA,NA,"12/26/2022","6/5/2023",-15.302,28.306,1186,"Irrigation","CSIRO Agriculture and Food","Public"
"Zambia",2022,"E0252","G137","L098",2,0,2,0.666666667,0,NA,NA,0,0,0,0,0,0,NA,0,0,0,0,0,0,0,0,0,0,0,0,NA,NA,"12/26/2022","6/5/2023",-15.302,28.306,1186,"Irrigation","SeedCo","Private"
"Zambia",2022,"E0252","G146","L098",2,0,6.666666667,2.333333333,41.66666667,"Purple","Tawny",95,1,0,0.666666667,28.22,11.1,532.165,3,3,0,0,1,1,1,2,1,0,0,0,NA,NA,"12/26/2022","6/5/2023",-15.302,28.306,1186,"Irrigation","SeedCo","Private"
"Zambia",2022,"E0252","G147","L098",2,0,7.333333333,2.666666667,33,"Purple","Grey",82.66666667,1,0,0.666666667,27.44333333,12.86666667,455.51,2,2,0,0,3,1,1,1,1,0,0,0,NA,NA,"12/26/2022","6/5/2023",-15.302,28.306,1186,"Irrigation","SeedCo","Private"
"Zambia",2022,"E0252","G160","L098",2,0,24,8,45.66666667,"White","Grey",137.6666667,1,0,1,38.94666667,13.06666667,1773.435,1,3,0,0,5,1,1,1,2,2,0,0,NA,NA,"12/26/2022","6/5/2023",-15.302,28.306,1186,"Irrigation","CSIRO Agriculture and Food","Public"
"Zambia",2022,"E0252","G191","L098",2,0,169,56.33333333,46.66666667,"Purple","Tawny",119.3333333,1,0,1,49.33666667,14.7,4772.68,1,1,0,0,1,1,1,2,1,1,0,0,NA,NA,"12/26/2022","6/5/2023",-15.302,28.306,1186,"Irrigation","International Institute of Tropical Agriculture IITA","Public"
"Zambia",2022,"E0252","G233","L098",2,0,77,25.33333333,47.66666667,"White","Tawny",138,1,0,1,68.72333333,16.23333333,3644.806667,1,1,0,0,2,1,1,1,1,3,0,0,NA,NA,"12/26/2022","6/5/2023",-15.302,28.306,1186,"Irrigation","International Institute of Tropical Agriculture IITA","Public"
"Zambia",2022,"E0252","G244","L098",2,0,132.6666667,44.33333333,44.66666667,"Purple","Grey",124.6666667,1,0,1,68.44666667,15.26666667,3758.84,1,3,0,0,2,1,1,1,1,3,0,0,NA,NA,"12/26/2022","6/5/2023",-15.302,28.306,1186,"Irrigation","International Institute of Tropical Agriculture IITA","Public"
"Zambia",2022,"E0252","G245","L098",2,0,161.6666667,54,48,"Purple","Tawny",121.6666667,1,0,1,52.44666667,13.13333333,4375.16,1,2,0,0,1,1,1,3,1,0,0,0,NA,NA,"12/26/2022","6/5/2023",-15.302,28.306,1186,"Irrigation","International Institute of Tropical Agriculture IITA","Public"
"Zambia",2022,"E0252","G269","L098",2,0,100,33.33333333,37.33333333,"White","Tawny",105.3333333,1,0,0.666666667,51.16666667,4.066666667,299.19,0,0,0,0,0,0,0,0,0,0,0,0,NA,NA,"12/26/2022","6/5/2023",-15.302,28.306,1186,"Irrigation","International Institute of Tropical Agriculture IITA","Public"
"Zambia",2022,"E0252","G302","L098",2,0,16,5.333333333,38.66666667,"Purple","Tawny",102.6666667,2,0,1,32.89,14.3,2121.85,1,3,0,0,4,1,1,3,3,1,0,0,NA,NA,"12/26/2022","6/5/2023",-15.302,28.306,1186,"Irrigation","International Institute of Tropical Agriculture IITA","Public"
"Zambia",2022,"E0252","G312","L098",2,0,122.3333333,40.66666667,49.33333333,"Purple","Grey",131,1,0,1,44.55333333,15.93333333,2507.36,1,1,0,0,2,1,1,2,1,2,0,0,NA,NA,"12/26/2022","6/5/2023",-15.302,28.306,1186,"Irrigation","International Institute of Tropical Agriculture IITA","Public"
"Zambia",2022,"E0252","G314","L098",2,0,27.33333333,9,35.33333333,"White","Grey",86,1,0,0.666666667,36.72333333,11.4,2052.895,1,2,0,0,2,1,1,2,2,0,0,0,NA,NA,"12/26/2022","6/5/2023",-15.302,28.306,1186,"Irrigation","International Institute of Tropical Agriculture IITA","Public"
"Zambia",2022,"E0252","G341","L098",2,0,49.33333333,16.33333333,57.66666667,"Purple","Tawny",127,1,0,1,53.05666667,17.2,2074.963333,1,1,0,0,3,1,1,1,2,1,0,0,NA,NA,"12/26/2022","6/5/2023",-15.302,28.306,1186,"Irrigation","International Institute of Tropical Agriculture IITA","Public"
"Zambia",2022,"E0252","G359","L098",2,0,213.6666667,71.33333333,47.66666667,"White","Grey",125,1,0,1,60.78,16.06666667,3521.006667,3,3,0,0,1,1,1,1,1,2,0,0,NA,NA,"12/26/2022","6/5/2023",-15.302,28.306,1186,"Irrigation","International Institute of Tropical Agriculture IITA","Public"
"Zambia",2022,"E0253","G002","L073",2,0,188.3333333,62.66666667,41,"White","Grey",108,3,0,1,12,12.03333333,2063.66,1,1,0,1,2,1,1,1,1,1,0,0,NA,NA,"12/26/2022","5/10/2023",-15.299,28.303,1189,"Rainfed","CSIRO Agriculture and Food","Public"
"Zambia",2022,"E0253","G006","L073",2,0,0.333333333,0,14,"Purple","Grey",37,0,0,0.333333333,0,0,NA,0,0,0,0,0,0,0,0,0,0,0,0,NA,NA,"12/26/2022","5/10/2023",-15.299,28.303,1189,"Rainfed","Agricultural Research Council ARC","Public"
"Zambia",2022,"E0253","G032","L073",2,0,134,44.66666667,43.33333333,"White","Grey",108.6666667,1,0,1,16.55666667,12.83333333,2803.396667,1,2,0,1,1,1,1,1,1,1,0,0,NA,NA,"12/26/2022","5/10/2023",-15.299,28.303,1189,"Rainfed","CSIRO Agriculture and Food","Public"
"Zambia",2022,"E0253","G056","L073",2,0,227.3333333,76,41.33333333,"Purple","Grey",107.6666667,1,0,1,35.89,12.36666667,3576.6,1,3,0,1,1,1,1,1,1,1,0,0,NA,NA,"12/26/2022","5/10/2023",-15.299,28.303,1189,"Rainfed","ZamSeed","Private"
"Zambia",2022,"E0253","G057","L073",2,0,8,2.666666667,35.33333333,"Purple","Grey",40.33333333,0,0,0.333333333,0,10.5,619.67,3,1,0,1,2,1,1,1,1,1,0,0,NA,NA,"12/26/2022","5/10/2023",-15.299,28.303,1189,"Rainfed","Klein Karoo Seed Marketing Zimbabwe K2 Seed","Private"
"Zambia",2022,"E0253","G058","L073",2,0,98,32.66666667,45,"White","Grey",110.3333333,1,0,1,30.89,14,3054.983333,3,2,0,1,1,1,1,1,1,1,0,0,NA,NA,"12/26/2022","5/10/2023",-15.299,28.303,1189,"Rainfed","CSIRO Agriculture and Food","Public"
"Zambia",2022,"E0253","G068","L073",2,0,0.666666667,0,14,"White","Tawny",36,0,0,0.333333333,11.22333333,0,NA,0,0,0,0,0,0,0,0,0,0,0,0,NA,NA,"12/26/2022","5/10/2023",-15.299,28.303,1189,"Rainfed","Crop Breeding Institute CBI","Public"
"Zambia",2022,"E0253","G069","L073",2,0,121.3333333,40.33333333,40.66666667,"Purple","Grey",109,1,0,1,35.44333333,18.23333333,4489.265,1,2,0,1,2,1,1,1,1,1,0,0,NA,NA,"12/26/2022","5/10/2023",-15.299,28.303,1189,"Rainfed","Crop Breeding Institute CBI","Public"
"Zambia",2022,"E0253","G070","L073",2,0,148,49.33333333,49,"Purple","Tawny",132.3333333,1,0,1,39.88666667,10.6,2531.496667,2,2,0,1,2,1,1,1,1,1,0,0,NA,NA,"12/26/2022","5/10/2023",-15.299,28.303,1189,"Rainfed","MRISyngenta Synergy Agribusiness Zambia Limited","Private"
"Zambia",2022,"E0253","G072","L073",2,0,129.3333333,43,40.66666667,"Purple","Tawny",111.6666667,1,0,1,30.44333333,65.33333333,3019.043333,1,1,0,1,1,1,1,1,1,1,0,0,NA,NA,"12/26/2022","5/10/2023",-15.299,28.303,1189,"Rainfed","Klein Karoo Seed Marketing Zimbabwe K2 Seed","Private"
"Zambia",2022,"E0253","G073","L073",2,0,22.66666667,7.333333333,44,"White","Grey",112.6666667,1,0,1,11.55666667,16.4,1271.423333,3,2,0,1,1,1,1,1,1,1,0,0,NA,NA,"12/26/2022","5/10/2023",-15.299,28.303,1189,"Rainfed","CSIRO Agriculture and Food","Public"
"Zambia",2022,"E0253","G091","L073",2,0,16.33333333,5.666666667,43.33333333,"Purple","Grey",123,1,0,1,40.44333333,16.43333333,1085.086667,1,3,0,1,1,1,1,1,2,1,0,0,NA,NA,"12/26/2022","5/10/2023",-15.299,28.303,1189,"Rainfed","SeedCo","Private"
"Zambia",2022,"E0253","G092","L073",2,0,0.666666667,0.333333333,20.33333333,"Purple","Tawny",40,0,0,0.333333333,15.55666667,0,NA,0,0,0,0,0,0,0,0,0,0,0,0,NA,NA,"12/26/2022","5/10/2023",-15.299,28.303,1189,"Rainfed","SeedCo","Private"
"Zambia",2022,"E0253","G095","L073",2,0,15.83333333,5.333333333,42.16666667,"Purple","Grey",115.6666667,1,0,1,18.945,17.05,922.2433333,1,2,0,1,1,1,1,1,1,2,0,0,NA,NA,"12/26/2022","5/10/2023",-15.299,28.303,1189,"Rainfed","SeedCo","Private"
"Zambia",2022,"E0253","G098","L073",2,0,195.3333333,65.33333333,38.66666667,"White","Tawny",109,1,0,1,33.66666667,15.03333333,4323.336667,1,3,0,1,1,1,1,3,1,1,0,0,NA,NA,"12/26/2022","5/10/2023",-15.299,28.303,1189,"Rainfed","SeedCo","Private"
"Zambia",2022,"E0253","G103","L073",2,0,1,0.333333333,14.66666667,"Purple","Grey",39,0,0,0.333333333,0,0,NA,0,0,0,0,0,0,0,0,0,0,0,0,NA,NA,"12/26/2022","5/10/2023",-15.299,28.303,1189,"Rainfed","SeedCo","Private"
"Zambia",2022,"E0253","G105","L073",2,0,41.33333333,13.66666667,74,"White","Grey",115.3333333,1,0,1,21.22333333,14.4,1702.956667,2,1,0,1,1,1,1,1,1,1,0,0,NA,NA,"12/26/2022","5/10/2023",-15.299,28.303,1189,"Rainfed","SeedCo","Private"
"Zambia",2022,"E0253","G107","L073",2,0,26.66666667,8.666666667,42.66666667,"Purple","Tawny",117.6666667,1,0,1,24.44333333,13.56666667,1216.576667,3,3,0,1,1,1,1,1,1,1,0,0,NA,NA,"12/26/2022","5/10/2023",-15.299,28.303,1189,"Rainfed","SeedCo","Private"
"Zambia",2022,"E0253","G109","L073",2,0,0,0,0,NA,NA,0,0,0,0,0,0,NA,0,0,0,0,0,0,0,0,0,0,0,0,NA,NA,"12/26/2022","5/10/2023",-15.299,28.303,1189,"Rainfed","SeedCo","Private"
"Zambia",2022,"E0253","G110","L073",2,0,15.33333333,5,46.33333333,"Purple","Tawny",118,1,0,1,17.77666667,14.8,1534.33,1,3,0,1,1,1,1,1,1,1,0,0,NA,NA,"12/26/2022","5/10/2023",-15.299,28.303,1189,"Rainfed","SeedCo","Private"
"Zambia",2022,"E0253","G111","L073",2,0,300,100,44,"White","Tawny",108.6666667,1,0,1,25,8.033333333,2863.455,1,2,0,1,1,1,1,1,1,1,0,0,NA,NA,"12/26/2022","5/10/2023",-15.299,28.303,1189,"Rainfed","SeedCo","Private"
"Zambia",2022,"E0253","G113","L073",2,0,49.66666667,16.66666667,44,"White","Grey",129.3333333,1,0,1,32.77666667,13.63333333,3092.616667,1,2,0,1,2,1,1,1,1,1,0,0,NA,NA,"12/26/2022","5/10/2023",-15.299,28.303,1189,"Rainfed","SeedCo","Private"
"Zambia",2022,"E0253","G116","L073",2,0,5.666666667,2,30.33333333,"Purple","Tawny",80,1,0,0.666666667,0,10.33333333,277.54,2,2,0,1,2,1,1,2,1,1,0,0,NA,NA,"12/26/2022","5/10/2023",-15.299,28.303,1189,"Rainfed","SeedCo","Private"
"Zambia",2022,"E0253","G118","L073",2,0,22.33333333,7.333333333,44,"White","Tawny",122.6666667,1,0,1,16,15.7,903.7133333,3,1,0,1,1,1,1,1,1,1,0,0,NA,NA,"12/26/2022","5/10/2023",-15.299,28.303,1189,"Rainfed","SeedCo","Private"
"Zambia",2022,"E0253","G121","L073",2,0,59.66666667,20,51,"Purple","Tawny",124.6666667,1,0,1.666666667,44.89,16.5,1556.18,1,2,0,1,2,1,1,2,1,1,0,0,NA,NA,"12/26/2022","5/10/2023",-15.299,28.303,1189,"Rainfed","CSIRO Agriculture and Food","Public"
"Zambia",2022,"E0253","G137","L073",2,0,0.666666667,0,0,NA,NA,0,0,0,0,0,0,NA,0,0,0,0,0,0,0,0,0,0,0,0,NA,NA,"12/26/2022","5/10/2023",-15.299,28.303,1189,"Rainfed","SeedCo","Private"
"Zambia",2022,"E0253","G146","L073",2,0,0.333333333,0,35.66666667,"Purple","Tawny",43.33333333,0,0,0.333333333,0,0,NA,0,0,0,0,0,0,0,0,0,0,0,0,NA,NA,"12/26/2022","5/10/2023",-15.299,28.303,1189,"Rainfed","SeedCo","Private"
"Zambia",2022,"E0253","G147","L073",2,0,7,2.333333333,45,"Purple","Grey",82,2,0,0.666666667,17.44333333,11.7,490.785,1,3,0,1,2,1,1,1,1,1,0,0,NA,NA,"12/26/2022","5/10/2023",-15.299,28.303,1189,"Rainfed","SeedCo","Private"
"Zambia",2022,"E0253","G160","L073",2,0,6,1.666666667,43.33333333,"White","Grey",77,1,0,0.666666667,22.77666667,5.666666667,733.6,2,2,0,1,3,1,1,1,1,2,0,0,NA,NA,"12/26/2022","5/10/2023",-15.299,28.303,1189,"Rainfed","CSIRO Agriculture and Food","Public"
"Zambia",2022,"E0253","G191","L073",2,0,148.3333333,49.33333333,44.33333333,"Purple","Tawny",109.6666667,1,0,1,17.33333333,10.93333333,3486.886667,1,2,0,1,2,1,1,1,1,1,0,0,NA,NA,"12/26/2022","5/10/2023",-15.299,28.303,1189,"Rainfed","International Institute of Tropical Agriculture IITA","Public"
"Zambia",2022,"E0253","G233","L073",2,0,35,11.66666667,46.66666667,"White","Tawny",121.3333333,1,0,1,26.33333333,16.03333333,2511.026667,1,1,0,1,3,1,1,1,1,1,0,0,NA,NA,"12/26/2022","5/10/2023",-15.299,28.303,1189,"Rainfed","International Institute of Tropical Agriculture IITA","Public"
"Zambia",2022,"E0253","G244","L073",2,0,265,88.33333333,43.33333333,"White","Grey",114,1,0,1,45.11,14.36666667,5310.7,1,1,0,1,1,1,1,1,1,1,0,0,NA,NA,"12/26/2022","5/10/2023",-15.299,28.303,1189,"Rainfed","International Institute of Tropical Agriculture IITA","Public"
"Zambia",2022,"E0253","G245","L073",2,0,200.3333333,67,41.33333333,"Purple","Tawny",109.6666667,1,0,1,45.33333333,11.23333333,4687.3,3,2,0,1,1,1,1,1,1,1,0,0,NA,NA,"12/26/2022","5/10/2023",-15.299,28.303,1189,"Rainfed","International Institute of Tropical Agriculture IITA","Public"
"Zambia",2022,"E0253","G269","L073",2,0,242,80.66666667,53.66666667,"White","Tawny",150,1,0,1,44.11,7.566666667,1142.52,1,1,0,1,2,1,1,1,1,1,0,0,NA,NA,"12/26/2022","5/10/2023",-15.299,28.303,1189,"Rainfed","International Institute of Tropical Agriculture IITA","Public"
"Zambia",2022,"E0253","G302","L073",2,0,43.66666667,14.33333333,0,NA,NA,0,0,0,0,0,0,NA,0,0,0,0,0,0,0,0,0,0,0,0,NA,NA,"12/26/2022","5/10/2023",-15.299,28.303,1189,"Rainfed","International Institute of Tropical Agriculture IITA","Public"
"Zambia",2022,"E0253","G312","L073",2,0,24.33333333,8,47.66666667,"Purple","Grey",123,1,0,1,24.66666667,15.9,1759.193333,2,2,0,1,3,1,1,1,1,1,0,0,NA,NA,"12/26/2022","5/10/2023",-15.299,28.303,1189,"Rainfed","International Institute of Tropical Agriculture IITA","Public"
"Zambia",2022,"E0253","G314","L073",2,0,23,7.666666667,32.33333333,"Purple","Tawny",78.33333333,2,0,0.666666667,0,10.33333333,1070.34,3,2,0,1,2,1,1,3,2,1,0,0,NA,NA,"12/26/2022","5/10/2023",-15.299,28.303,1189,"Rainfed","International Institute of Tropical Agriculture IITA","Public"
"Zambia",2022,"E0253","G341","L073",2,0,5,1.666666667,44,"Purple","Grey",120,1,0,1.666666667,25.33333333,4.666666667,772.84,2,3,0,1,1,1,1,1,1,1,0,0,NA,NA,"12/26/2022","5/10/2023",-15.299,28.303,1189,"Rainfed","International Institute of Tropical Agriculture IITA","Public"
"Zambia",2022,"E0253","G359","L073",2,0,263,87.66666667,44.66666667,"White","Grey",114,1,0,1,23.33333333,12.86666667,3843.46,1,1,0,1,3,1,1,3,1,1,0,0,NA,NA,"12/26/2022","5/10/2023",-15.299,28.303,1189,"Rainfed","International Institute of Tropical Agriculture IITA","Public"
"Malawi",2022,"E0251","G002","L0105",2,0,116.5,38.72166667,46.66666667,"Purple",NA,104.6666667,1,1,1,67.66666667,14,2020.761667,3,3,0,0,0,0,0,1,0,3,0,0,NA,NA,"12/21/2022","5/5/2023",-13.406,33.984,1107.5,"Rainfed","CSIRO Agriculture and Food","Public"
"Malawi",2022,"E0251","G006","L0105",2,0,55.5,18.49833333,52,"Purple",NA,106.8333333,1,0.666666667,0.666666667,67,18.83333333,1649.115,2,2,0,0,0,0,0,1,0,2,0,0,NA,NA,"12/21/2022","4/22/2023",-13.406,33.984,1107.5,"Rainfed","Agricultural Research Council ARC","Public"
"Malawi",2022,"E0251","G032","L0105",2,0,161,53.77833333,52.5,"Purple",NA,104.6666667,1,0.666666667,0.666666667,63.33333333,16.83333333,2866.863333,2,2,0,0,0,0,0,1,0,2,0,0,NA,NA,"12/21/2022","5/5/2023",-13.406,33.984,1107.5,"Rainfed","CSIRO Agriculture and Food","Public"
"Malawi",2022,"E0251","G056","L0105",2,0,61.33333333,20.44333333,50.5,"Purple",NA,111,1,1,1,67.66666667,15.83333333,2340.225,2,2,0,0,0,0,0,1,0,2,0,0,NA,NA,"12/21/2022","5/5/2023",-13.406,33.984,1107.5,"Rainfed","ZamSeed","Private"
"Malawi",2022,"E0251","G057","L0105",2,0,24.66666667,8.221666667,24.33333333,"Purple",NA,55.16666667,1,0,0.833333333,34.33333333,9.666666667,2804.5,0,0,0,0,0,0,0,1,0,0,0,0,NA,NA,"12/21/2022","6/15/2023",-13.406,33.984,1107.5,"Rainfed","Klein Karoo Seed Marketing Zimbabwe K2 Seed","Private"
"Malawi",2022,"E0251","G058","L0105",2,0,151.6666667,50.61166667,53.16666667,"Purple",NA,103.5,1,0.666666667,0.666666667,63.33333333,15,1803.6,2,2,0,0,0,0,0,1,0,2,0,0,NA,NA,"12/21/2022","5/5/2023",-13.406,33.984,1107.5,"Rainfed","CSIRO Agriculture and Food","Public"
"Malawi",2022,"E0251","G068","L0105",2,0,170.8333333,56.88833333,39.5,"Purple",NA,87,1,0.666666667,0.833333333,57.33333333,11.16666667,1084.924,1,1,0,0,0,0,0,1,0,1,0,0,NA,NA,"12/21/2022","4/22/2023",-13.406,33.984,1107.5,"Rainfed","Crop Breeding Institute CBI","Public"
"Malawi",2022,"E0251","G069","L0105",2,0,99,33,47.33333333,"Purple",NA,104.6666667,1,0.666666667,0.666666667,68,17.33333333,1202.698333,5,5,0,0,0,0,0,1,0,5,0,0,NA,NA,"12/21/2022","5/5/2023",-13.406,33.984,1107.5,"Rainfed","Crop Breeding Institute CBI","Public"
"Malawi",2022,"E0251","G070","L0105",2,0,105.1666667,35.11166667,50.5,"Purple",NA,111,1,0.666666667,0.666666667,63.66666667,17.5,1031.075,3,3,0,0,0,0,0,1,0,3,0,0,NA,NA,"12/21/2022","6/16/2023",-13.406,33.984,1107.5,"Rainfed","MRISyngenta Synergy Agribusiness Zambia Limited","Private"
"Malawi",2022,"E0251","G072","L0105",2,0,153.8333333,51.335,53.5,"Purple",NA,111,1,0.5,0.5,69.33333333,16.83333333,1633.921667,3,3,0,0,0,0,0,1,0,3,0,0,NA,NA,"12/21/2022","5/5/2023",-13.406,33.984,1107.5,"Rainfed","Klein Karoo Seed Marketing Zimbabwe K2 Seed","Private"
"Malawi",2022,"E0251","G073","L0105",2,0,39.5,13.055,49.66666667,"Purple",NA,103.5,1,0.666666667,0.666666667,69,15.66666667,1308.118333,3,3,0,0,0,0,0,1,0,3,0,0,NA,NA,"12/21/2022","5/5/2023",-13.406,33.984,1107.5,"Rainfed","CSIRO Agriculture and Food","Public"
"Malawi",2022,"E0251","G091","L0105",2,0,171.6666667,57.11166667,48.5,"Purple",NA,104.6666667,1,0.666666667,0.666666667,67.66666667,15.66666667,1848.678333,4,4,0,0,0,0,0,1,0,4,0,0,NA,NA,"12/21/2022","5/5/2023",-13.406,33.984,1107.5,"Rainfed","SeedCo","Private"
"Malawi",2022,"E0251","G092","L0105",2,0,79.66666667,26.5,26.16666667,"Purple",NA,67.5,1,0.5,0.166666667,45.16666667,10.33333333,1924.875,0,0,0,0,0,0,0,1,0,0,0,0,NA,NA,"12/21/2022","5/5/2023",-13.406,33.984,1107.5,"Rainfed","SeedCo","Private"
"Malawi",2022,"E0251","G095","L0105",2,0,21,6.945,36.33333333,"Purple",NA,67.5,1,1,0.166666667,47.16666667,11.83333333,4236.725,1,1,0,0,0,0,0,1,0,1,0,0,NA,NA,"12/21/2022","5/5/2023",-13.406,33.984,1107.5,"Rainfed","SeedCo","Private"
"Malawi",2022,"E0251","G098","L0105",2,0,64.33333333,21.555,49.33333333,"Purple",NA,104.6666667,1,0.666666667,0.666666667,67.66666667,16.66666667,1985.44,4,4,0,0,0,0,0,1,0,4,0,0,NA,NA,"12/21/2022","5/5/2023",-13.406,33.984,1107.5,"Rainfed","SeedCo","Private"
"Malawi",2022,"E0251","G103","L0105",2,0,138.3333333,46.055,49.33333333,"Purple",NA,111,1,1,1,70,18.16666667,3072.348333,3,3,0,0,0,0,0,1,0,3,0,0,NA,NA,"12/21/2022","5/5/2023",-13.406,33.984,1107.5,"Rainfed","SeedCo","Private"
"Malawi",2022,"E0251","G105","L0105",2,0,34,11.38833333,48.5,"Purple",NA,104.6666667,1,0.833333333,0.833333333,67,17,1591.841667,1,1,0,0,0,0,0,1,0,1,0,0,NA,NA,"12/21/2022","5/5/2023",-13.406,33.984,1107.5,"Rainfed","SeedCo","Private"
"Malawi",2022,"E0251","G107","L0105",2,0,67.33333333,22.44333333,51.33333333,"Purple",NA,111,1,0.833333333,0.833333333,69.33333333,16.16666667,2441.79,4,4,0,0,0,0,0,1,0,4,0,0,NA,NA,"12/21/2022","5/5/2023",-13.406,33.984,1107.5,"Rainfed","SeedCo","Private"
"Malawi",2022,"E0251","G109","L0105",2,0,33.66666667,11.33333333,25.33333333,"Purple",NA,62.16666667,1,0.666666667,0,33.33333333,7.166666667,3732.666667,0,0,0,0,0,0,0,1,0,0,0,0,NA,NA,"12/21/2022","5/20/2023",-13.406,33.984,1107.5,"Rainfed","SeedCo","Private"
"Malawi",2022,"E0251","G110","L0105",2,0,49.16666667,16.38833333,49.33333333,"Purple",NA,111,1,0.666666667,0.666666667,68.66666667,16.33333333,2161.891667,2,2,0,0,0,0,0,1,0,2,0,0,NA,NA,"12/21/2022","5/5/2023",-13.406,33.984,1107.5,"Rainfed","SeedCo","Private"
"Malawi",2022,"E0251","G113","L0105",2,0,33.16666667,11.055,41,"Purple",NA,94.5,1,0.5,0.666666667,56.66666667,16.16666667,2419.444,4,4,0,0,0,0,0,1,0,4,0,0,NA,NA,"12/21/2022","4/22/2023",-13.406,33.984,1107.5,"Rainfed","SeedCo","Private"
"Malawi",2022,"E0251","G116","L0105",2,0,58.83333333,19.5,51.66666667,"Purple",NA,117.3333333,1,0.5,0.5,69,18,2596.221667,3,3,0,0,0,0,0,1,0,3,0,0,NA,NA,"12/21/2022","6/16/2023",-13.406,33.984,1107.5,"Rainfed","SeedCo","Private"
"Malawi",2022,"E0251","G118","L0105",2,0,56.5,18.66666667,48.5,"Purple",NA,111,1,0.833333333,0.833333333,68.33333333,16.83333333,1892.893333,1,1,0,0,0,0,0,1,0,1,0,0,NA,NA,"12/21/2022","5/5/2023",-13.406,33.984,1107.5,"Rainfed","SeedCo","Private"
"Malawi",2022,"E0251","G121","L0105",2,0,137.8333333,45.89,50.5,"Purple",NA,122.5,1,0.5,0.5,68.66666667,19,2877.22,3,3,0,0,0,0,0,1,0,3,0,0,NA,NA,"12/21/2022","6/16/2023",-13.406,33.984,1107.5,"Rainfed","CSIRO Agriculture and Food","Public"
"Malawi",2022,"E0251","G137","L0105",2,0,25.66666667,8.666666667,53.33333333,"Purple",NA,109.8333333,1,0.666666667,0.666666667,70.33333333,17.5,1235.958333,1,1,0,0,0,0,0,1,0,1,0,0,NA,NA,"12/21/2022","4/22/2023",-13.406,33.984,1107.5,"Rainfed","SeedCo","Private"
"Malawi",2022,"E0251","G146","L0105",2,0,136,45.27833333,49.83333333,"Purple",NA,111,1,0.833333333,0.833333333,67,15,1764.295,4,4,0,0,0,0,0,1,0,4,0,0,NA,NA,"12/21/2022","5/5/2023",-13.406,33.984,1107.5,"Rainfed","SeedCo","Private"
"Malawi",2022,"E0251","G147","L0105",2,0,5.333333333,1.778333333,23.5,"Purple",NA,55.16666667,1,0,0.5,33.66666667,11.5,1718.036667,0,0,0,0,0,0,0,1,0,0,0,0,NA,NA,"12/21/2022","6/15/2023",-13.406,33.984,1107.5,"Rainfed","SeedCo","Private"
"Malawi",2022,"E0251","G160","L0105",2,0,68.33333333,22.72166667,50.5,"Purple",NA,111,1,0.5,0.5,68.66666667,16.16666667,2947.265,2,2,0,0,0,0,0,1,0,2,0,0,NA,NA,"12/21/2022","5/5/2023",-13.406,33.984,1107.5,"Rainfed","CSIRO Agriculture and Food","Public"
"Malawi",2022,"E0251","G233","L0105",2,0,149.8333333,49.88833333,51.66666667,"White",NA,104.6666667,1,0.833333333,0.833333333,66.83333333,17.16666667,4225.49,3,3,0,0,0,0,0,1,0,3,0,0,NA,NA,"12/21/2022","5/5/2023",-13.406,33.984,1107.5,"Rainfed","International Institute of Tropical Agriculture IITA","Public"
"Malawi",2022,"E0251","G238","L0105",2,0,121.5,40.445,49.33333333,"Purple",NA,104.6666667,1,0.666666667,0.666666667,67.66666667,15.16666667,4910.625,3,3,0,0,0,0,0,1,0,3,0,0,NA,NA,"12/21/2022","5/5/2023",-13.406,33.984,1107.5,"Rainfed","International Institute of Tropical Agriculture IITA","Public"
"Malawi",2022,"E0251","G244","L0105",2,0,115,38.39,40.16666667,"Purple",NA,88.16666667,1,0.333333333,0.5,57.16666667,12.83333333,1775.626,5,5,0,0,0,0,0,1,0,5,0,0,NA,NA,"12/21/2022","5/5/2023",-13.406,33.984,1107.5,"Rainfed","International Institute of Tropical Agriculture IITA","Public"
"Malawi",2022,"E0251","G246","L0105",2,0,103.6666667,34.72166667,50.83333333,"Purple",NA,104.6666667,1,0.666666667,0.666666667,69,17.83333333,1314.63,4,4,0,0,0,0,0,1,0,4,0,0,NA,NA,"12/21/2022","5/5/2023",-13.406,33.984,1107.5,"Rainfed","International Institute of Tropical Agriculture IITA","Public"
"Malawi",2022,"E0251","G269","L0105",2,0,190.5,63.39,57.33333333,"White",NA,117.3333333,1,0.5,0.5,68.33333333,16.83333333,3317.005,1,1,0,0,0,0,0,1,0,1,0,0,NA,NA,"12/21/2022","6/16/2023",-13.406,33.984,1107.5,"Rainfed","International Institute of Tropical Agriculture IITA","Public"
"Malawi",2022,"E0251","G312","L0105",2,0,46.5,15.66666667,24.33333333,"Purple",NA,49.5,1,0.666666667,0,34.16666667,7.166666667,2559.333333,0,0,0,0,0,0,0,1,0,0,0,0,NA,NA,"12/21/2022","5/5/2023",-13.406,33.984,1107.5,"Rainfed","International Institute of Tropical Agriculture IITA","Public"
"Malawi",2022,"E0251","G314","L0105",2,0,77.66666667,26.055,50.33333333,"Purple",NA,111,1,0.666666667,0.666666667,66.33333333,18.5,1905.868333,4,4,0,0,0,0,0,1,0,4,0,0,NA,NA,"12/21/2022","5/5/2023",-13.406,33.984,1107.5,"Rainfed","International Institute of Tropical Agriculture IITA","Public"
"Malawi",2022,"E0251","G319","L0105",2,0,178.6666667,59.61166667,50.5,"Purple",NA,109.8333333,1,0.833333333,0.833333333,67.66666667,18.83333333,4485.038333,3,3,0,0,0,0,0,1,0,3,0,0,NA,NA,"12/21/2022","4/22/2023",-13.406,33.984,1107.5,"Rainfed","International Institute of Tropical Agriculture IITA","Public"
"Malawi",2022,"E0251","G322","L0105",2,0,146,48.61,49.33333333,"Purple",NA,111,1,0.5,0.5,67.66666667,17.83333333,2654.14,1,1,0,0,0,0,0,1,0,1,0,0,NA,NA,"12/21/2022","5/5/2023",-13.406,33.984,1107.5,"Rainfed","International Institute of Tropical Agriculture IITA","Public"
"Malawi",2022,"E0251","G338","L0105",2,0,169.1666667,56.38833333,49.33333333,"Purple",NA,109.8333333,1,0.666666667,0.666666667,68.66666667,14.66666667,2991.463333,4,4,0,0,0,0,0,1,0,4,0,0,NA,NA,"12/21/2022","4/22/2023",-13.406,33.984,1107.5,"Rainfed","International Institute of Tropical Agriculture IITA","Public"
"Malawi",2022,"E0251","G341","L0105",2,0,48.33333333,16.11166667,49.33333333,"Purple",NA,104.6666667,1,0.666666667,0.666666667,67.66666667,17.33333333,2156.39,1,1,0,0,0,0,0,1,0,1,0,0,NA,NA,"12/21/2022","5/5/2023",-13.406,33.984,1107.5,"Rainfed","International Institute of Tropical Agriculture IITA","Public"
"Malawi",2022,"E0251","G359","L0105",2,0,104.5,34.77833333,51.66666667,"Purple",NA,104.6666667,1,0.666666667,0.666666667,68.66666667,18,3021.286667,4,4,0,0,0,0,0,1,0,4,0,0,NA,NA,"12/21/2022","5/5/2023",-13.406,33.984,1107.5,"Rainfed","International Institute of Tropical Agriculture IITA","Public"
"Malawi",2022,"E0249","G002","L0125",2,0,192.6666667,64,42,"White","Mixed",100,1,0,1,50,19,4398.453333,1,1,1,1,1,2,5,2,1,5,0,0,NA,NA,"12/27/2022","5/10/2023",-12.571,33.402,1080,"Rainfed","CSIRO Agriculture and Food","Public"
"Malawi",2022,"E0249","G006","L0125",2,0,27.33333333,9,0,NA,NA,0,0,0,0,0,0,NA,0,0,0,0,0,0,0,0,0,0,0,0,NA,NA,"12/27/2022","5/26/2023",-12.571,33.402,1080,"Rainfed","Agricultural Research Council ARC","Public"
"Malawi",2022,"E0249","G032","L0125",2,0,213.3333333,71.33333333,51,"White","Grey",100,2,0,1,64,20,5497.833333,1,1,0,1,1,1,3,1,0,3,0,0,NA,NA,"12/27/2022","5/4/2023",-12.571,33.402,1080,"Rainfed","CSIRO Agriculture and Food","Public"
"Malawi",2022,"E0249","G056","L0125",2,0,131.6666667,44,44,"Purple",NA,0,0,0,0,0,0,NA,0,0,0,0,0,0,0,0,0,0,0,0,NA,NA,"12/27/2022","5/26/2023",-12.571,33.402,1080,"Rainfed","ZamSeed","Private"
"Malawi",2022,"E0249","G057","L0125",2,0,76,25,0,NA,NA,0,0,0,0,0,0,NA,0,0,0,0,0,0,0,0,0,0,0,0,NA,NA,"12/27/2022","5/26/2023",-12.571,33.402,1080,"Rainfed","Klein Karoo Seed Marketing Zimbabwe K2 Seed","Private"
"Malawi",2022,"E0249","G058","L0125",2,0,203.6666667,68,49,"White","Grey",122.3333333,1,0,1,61,22.33333333,4822.85,1,2,1,1,1,1,2,1,1,2,0,0,NA,NA,"12/27/2022","5/4/2023",-12.571,33.402,1080,"Rainfed","CSIRO Agriculture and Food","Public"
"Malawi",2022,"E0249","G068","L0125",2,0,253.3333333,84.66666667,41,"White","Tawny",100,1,0,1,51.33333333,21.66666667,4840.14,1,2,1,1,1,1,3,2,1,3,0,0,NA,NA,"12/27/2022","5/4/2023",-12.571,33.402,1080,"Rainfed","Crop Breeding Institute CBI","Public"
"Malawi",2022,"E0249","G069","L0125",2,0,161,53.66666667,0,NA,NA,0,0,0,0,0,0,NA,0,0,0,0,0,0,0,0,0,0,0,0,NA,NA,"12/27/2022","5/26/2023",-12.571,33.402,1080,"Rainfed","Crop Breeding Institute CBI","Public"
"Malawi",2022,"E0249","G070","L0125",2,0,83.66666667,28,0,NA,NA,0,0,0,0,0,0,NA,0,0,0,0,0,0,0,0,0,0,0,0,NA,NA,"12/27/2022","5/26/2023",-12.571,33.402,1080,"Rainfed","MRISyngenta Synergy Agribusiness Zambia Limited","Private"
"Malawi",2022,"E0249","G072","L0125",2,0,132,44,0,NA,NA,0,0,0,0,0,0,NA,0,0,0,0,0,0,0,0,0,0,0,0,NA,NA,"12/27/2022","5/26/2023",-12.571,33.402,1080,"Rainfed","Klein Karoo Seed Marketing Zimbabwe K2 Seed","Private"
"Malawi",2022,"E0249","G073","L0125",2,0,51.33333333,17,0,NA,NA,0,0,0,0,0,0,NA,0,0,0,0,0,0,0,0,0,0,0,0,NA,NA,"12/27/2022","5/26/2023",-12.571,33.402,1080,"Rainfed","CSIRO Agriculture and Food","Public"
"Malawi",2022,"E0249","G091","L0125",2,0,244.3333333,81.66666667,47,"Purple","Mixed",144.6666667,1,0,1,62.33333333,23.33333333,5618.636667,0,0,0,0,0,0,0,0,0,0,0,0,NA,NA,"12/27/2022","5/4/2023",-12.571,33.402,1080,"Rainfed","SeedCo","Private"
"Malawi",2022,"E0249","G092","L0125",2,0,19,6.333333333,0,NA,NA,0,0,0,0,0,0,NA,0,0,0,0,0,0,0,0,0,0,0,0,NA,NA,"12/27/2022","5/26/2023",-12.571,33.402,1080,"Rainfed","SeedCo","Private"
"Malawi",2022,"E0249","G095","L0125",2,0,10,3.333333333,0,NA,NA,0,0,0,0,0,0,NA,0,0,0,0,0,0,0,0,0,0,0,0,NA,NA,"12/27/2022","5/26/2023",-12.571,33.402,1080,"Rainfed","SeedCo","Private"
"Malawi",2022,"E0249","G098","L0125",2,0,91.66666667,30.66666667,0,NA,NA,0,0,0,0,0,0,NA,0,0,0,0,0,0,0,0,0,0,0,0,NA,NA,"12/27/2022","5/26/2023",-12.571,33.402,1080,"Rainfed","SeedCo","Private"
"Malawi",2022,"E0249","G103","L0125",2,0,210.6666667,70.33333333,51,"Purple","Tawny",122.3333333,1,0,1,71,25,5173.273333,1,2,1,1,0,1,0,1,1,0,0,2,NA,NA,"12/27/2022","5/4/2023",-12.571,33.402,1080,"Rainfed","SeedCo","Private"
"Malawi",2022,"E0249","G105","L0125",2,0,36.33333333,12,0,NA,NA,0,0,0,0,0,0,NA,0,0,0,0,0,0,0,0,0,0,0,0,NA,NA,"12/27/2022","5/26/2023",-12.571,33.402,1080,"Rainfed","SeedCo","Private"
"Malawi",2022,"E0249","G107","L0125",2,0,81.66666667,27.33333333,0,NA,NA,0,0,0,0,0,0,NA,0,0,0,0,0,0,0,0,0,0,0,0,NA,NA,"12/27/2022","5/26/2023",-12.571,33.402,1080,"Rainfed","SeedCo","Private"
"Malawi",2022,"E0249","G109","L0125",2,0,1.333333333,0.333333333,0,NA,NA,0,0,0,0,0,0,NA,0,0,0,0,0,0,0,0,0,0,0,0,NA,NA,"12/27/2022","5/26/2023",-12.571,33.402,1080,"Rainfed","SeedCo","Private"
"Malawi",2022,"E0249","G110","L0125",2,0,35.33333333,11.66666667,0,NA,NA,0,0,0,0,0,0,NA,0,0,0,0,0,0,0,0,0,0,0,0,NA,NA,"12/27/2022","5/26/2023",-12.571,33.402,1080,"Rainfed","SeedCo","Private"
"Malawi",2022,"E0249","G113","L0125",2,0,105,35,0,NA,NA,0,0,0,0,0,0,NA,0,0,0,0,0,0,0,0,0,0,0,0,NA,NA,"12/27/2022","5/26/2023",-12.571,33.402,1080,"Rainfed","SeedCo","Private"
"Malawi",2022,"E0249","G116","L0125",2,0,90,30,0,NA,NA,0,0,0,0,0,0,NA,0,0,0,0,0,0,0,0,0,0,0,0,NA,NA,"12/27/2022","5/26/2023",-12.571,33.402,1080,"Rainfed","SeedCo","Private"
"Malawi",2022,"E0249","G118","L0125",2,0,83.33333333,28,0,NA,NA,0,0,0,0,0,0,NA,0,0,0,0,0,0,0,0,0,0,0,0,NA,NA,"12/27/2022","5/26/2023",-12.571,33.402,1080,"Rainfed","SeedCo","Private"
"Malawi",2022,"E0249","G121","L0125",2,0,105.6666667,35.33333333,0,NA,NA,0,0,0,0,0,0,NA,0,0,0,0,0,0,0,0,0,0,0,0,NA,NA,"12/27/2022","5/26/2023",-12.571,33.402,1080,"Rainfed","CSIRO Agriculture and Food","Public"
"Malawi",2022,"E0249","G137","L0125",2,0,37.33333333,12.66666667,0,NA,NA,0,0,0,0,0,0,NA,0,0,0,0,0,0,0,0,0,0,0,0,NA,NA,"12/27/2022","5/26/2023",-12.571,33.402,1080,"Rainfed","SeedCo","Private"
"Malawi",2022,"E0249","G146","L0125",2,0,179.3333333,60,0,NA,NA,0,0,0,0,0,0,NA,0,0,0,0,0,0,0,0,0,0,0,0,NA,NA,"12/27/2022","5/26/2023",-12.571,33.402,1080,"Rainfed","SeedCo","Private"
"Malawi",2022,"E0249","G147","L0125",2,0,63.33333333,21,0,NA,NA,0,0,0,0,0,0,NA,0,0,0,0,0,0,0,0,0,0,0,0,NA,NA,"12/27/2022","5/26/2023",-12.571,33.402,1080,"Rainfed","SeedCo","Private"
"Malawi",2022,"E0249","G160","L0125",2,0,64.66666667,21.33333333,0,NA,NA,0,0,0,0,0,0,NA,0,0,0,0,0,0,0,0,0,0,0,0,NA,NA,"12/27/2022","5/26/2023",-12.571,33.402,1080,"Rainfed","CSIRO Agriculture and Food","Public"
"Malawi",2022,"E0249","G233","L0125",2,0,144,48,0,NA,NA,0,0,0,0,0,0,NA,0,0,0,0,0,0,0,0,0,0,0,0,NA,NA,"12/27/2022","5/26/2023",-12.571,33.402,1080,"Rainfed","International Institute of Tropical Agriculture IITA","Public"
"Malawi",2022,"E0249","G238","L0125",2,0,143.6666667,47.66666667,0,NA,NA,0,0,0,0,0,0,NA,0,0,0,0,0,0,0,0,0,0,0,0,NA,NA,"12/27/2022","5/26/2023",-12.571,33.402,1080,"Rainfed","International Institute of Tropical Agriculture IITA","Public"
"Malawi",2022,"E0249","G244","L0125",2,0,193.3333333,64.33333333,45,"Purple","Tawny",102,1,0,1,77.66666667,20,4032.86,1,0,1,1,1,1,4,0,1,4,0,0,NA,NA,"12/27/2022","5/4/2023",-12.571,33.402,1080,"Rainfed","International Institute of Tropical Agriculture IITA","Public"
"Malawi",2022,"E0249","G246","L0125",2,0,16.66666667,5.666666667,0,NA,NA,0,0,0,0,0,0,NA,0,0,0,0,0,0,0,0,0,0,0,0,NA,NA,"12/27/2022","5/26/2023",-12.571,33.402,1080,"Rainfed","International Institute of Tropical Agriculture IITA","Public"
"Malawi",2022,"E0249","G269","L0125",2,0,251.3333333,83.66666667,53,"Purple","Tawny",125,4,0,1,97.33333333,20,5352.736667,0,0,0,0,0,0,0,0,0,0,0,0,NA,NA,"12/27/2022","5/4/2023",-12.571,33.402,1080,"Rainfed","International Institute of Tropical Agriculture IITA","Public"
"Malawi",2022,"E0249","G312","L0125",2,0,2.666666667,1,0,NA,NA,0,0,0,0,0,0,NA,0,0,0,0,0,0,0,0,0,0,0,0,NA,NA,"12/27/2022","5/26/2023",-12.571,33.402,1080,"Rainfed","International Institute of Tropical Agriculture IITA","Public"
"Malawi",2022,"E0249","G314","L0125",2,0,81,27,0,NA,NA,0,0,0,0,0,0,NA,0,0,0,0,0,0,0,0,0,0,0,0,NA,NA,"12/27/2022","5/26/2023",-12.571,33.402,1080,"Rainfed","International Institute of Tropical Agriculture IITA","Public"
"Malawi",2022,"E0249","G319","L0125",2,0,271,90.33333333,46,"Purple","Grey",104,2,0,1,81.66666667,24.33333333,5820.796667,1,1,1,1,1,1,2,1,1,2,0,0,NA,NA,"12/27/2022","5/4/2023",-12.571,33.402,1080,"Rainfed","International Institute of Tropical Agriculture IITA","Public"
"Malawi",2022,"E0249","G322","L0125",2,0,174,58,0,NA,NA,0,0,0,0,0,0,NA,0,0,0,0,0,0,0,0,0,0,0,0,NA,NA,"12/27/2022","5/26/2023",-12.571,33.402,1080,"Rainfed","International Institute of Tropical Agriculture IITA","Public"
"Malawi",2022,"E0249","G338","L0125",2,0,181,60.33333333,0,NA,NA,0,0,0,0,0,0,NA,0,0,0,0,0,0,0,0,0,0,0,0,NA,NA,"12/27/2022","5/26/2023",-12.571,33.402,1080,"Rainfed","International Institute of Tropical Agriculture IITA","Public"
"Malawi",2022,"E0249","G341","L0125",2,0,10,3.333333333,0,NA,NA,0,0,0,0,0,0,NA,0,0,0,0,0,0,0,0,0,0,0,0,NA,NA,"12/27/2022","5/26/2023",-12.571,33.402,1080,"Rainfed","International Institute of Tropical Agriculture IITA","Public"
"Malawi",2022,"E0249","G359","L0125",2,0,168,56,46,"White","Grey",100,2,0,1,65.33333333,21,5387.233333,0,0,0,0,0,0,0,0,0,0,0,0,NA,NA,"12/27/2022","5/4/2023",-12.571,33.402,1080,"Rainfed","International Institute of Tropical Agriculture IITA","Public"
"Malawi",2023,"E0266","G002","L0124",1,0,114.3333333,57.66666667,45.33333333,"White","Tawny",101,1,0,1,25.55666667,17,2967.143333,0,0,0,0,0,2,0,0,0,3,0,0,NA,NA,"5/26/2023","9/12/2023",-13.998,33.757,78,"Irrigation","CSIRO Agriculture and Food","Public"
"Malawi",2023,"E0266","G023","L0124",1,0,88.66666667,44.33333333,45.33333333,"Purple","Grey",119,2,0,1,36.44333333,14,3103.806667,0,0,0,0,0,0,0,0,0,3,0,0,NA,NA,"5/26/2023","9/25/2023",-13.998,33.757,78,"Irrigation","Savanna Agricultural Research Institute CSIRSARI","Public"
"Malawi",2023,"E0266","G031","L0124",1,0,136,68.33333333,45.33333333,"Purple","Grey",129,2,0,1,57.89,14.33333333,2831.806667,0,0,0,0,0,0,0,0,0,3,0,0,NA,NA,"5/26/2023","10/4/2023",-13.998,33.757,78,"Irrigation","Savanna Agricultural Research Institute CSIRSARI","Public"
"Malawi",2023,"E0266","G064","L0124",1,0,150.6666667,75.66666667,52,"Purple","Tawny",113,4,0,1,118.3333333,22.66666667,3535.83,0,0,0,0,0,0,0,0,0,3,0,0,NA,NA,"5/26/2023","9/25/2023",-13.998,33.757,78,"Irrigation","Makerere University","Public"
"Malawi",2023,"E0266","G072","L0124",1,0,90.33333333,45.66666667,45.33333333,"Purple","Tawny",111,1,0,1,38.66666667,25.66666667,2623.45,0,0,0,0,0,0,0,0,0,3,0,0,NA,NA,"5/26/2023","9/25/2023",-13.998,33.757,78,"Irrigation","Klein Karoo Seed Marketing Zimbabwe K2 Seed","Private"
"Malawi",2023,"E0266","G076","L0124",1,0,121,60.66666667,44.66666667,"Purple","Grey",121,2,0,1,50,16.66666667,2256.89,0,0,0,0,0,0,0,0,0,3,0,0,NA,NA,"5/26/2023","9/25/2023",-13.998,33.757,78,"Irrigation","Klein Karoo Seed Marketing Zimbabwe K2 Seed","Private"
"Malawi",2023,"E0266","G112","L0124",1,0,87.33333333,44,45.33333333,"White","Tawny",101,1,0,1,25.11,18.66666667,1687.766667,0,0,0,0,0,0,0,0,0,3,0,0,NA,NA,"5/26/2023","9/12/2023",-13.998,33.757,78,"Irrigation","University of Missouri","Public"
"Malawi",2023,"E0266","G136","L0124",1,0,90.66666667,45.66666667,44.66666667,"Purple","Tawny",111,2,0,1,49.66666667,20.33333333,3373.066667,0,0,0,0,0,0,0,0,0,0,0,0,NA,NA,"5/26/2023","9/18/2023",-13.998,33.757,78,"Irrigation","Ethiopian Institute of Agricultural Research EIAR","Public"
"Malawi",2023,"E0266","G137","L0124",1,0,0,0,0,NA,NA,0,0,0,0,0,0,NA,0,0,0,0,0,0,0,0,0,0,0,0,NA,NA,"5/26/2023","10/23/2023",-13.998,33.757,78,"Irrigation","SeedCo","Private"
"Malawi",2023,"E0266","G146","L0124",1,0,155,77.66666667,44.66666667,"Purple","Mixed",116.3333333,2,0,1,70.22333333,21.66666667,4393.01,0,0,0,0,0,2,0,0,0,3,0,0,NA,NA,"5/26/2023","9/25/2023",-13.998,33.757,78,"Irrigation","SeedCo","Private"
"Malawi",2023,"E0266","G188","L0124",1,0,156.6666667,78.33333333,44.66666667,"Purple","Tawny",97,2,0,1,60.33333333,16.66666667,2769.726667,0,0,0,0,0,2,0,0,0,3,0,0,NA,NA,"5/26/2023","9/12/2023",-13.998,33.757,78,"Irrigation","International Institute of Tropical Agriculture IITA","Public"
"Malawi",2023,"E0266","G193","L0124",1,0,91,46,44.66666667,"Purple","Grey",101,2,0,1,45.77666667,18,2594.136667,0,0,0,0,0,0,0,0,0,3,0,0,NA,NA,"5/26/2023","9/12/2023",-13.998,33.757,78,"Irrigation","International Institute of Tropical Agriculture IITA","Public"
"Malawi",2023,"E0266","G199","L0124",1,0,96,48.33333333,45.33333333,"Purple","Tawny",109,3,0,1.666666667,48.77666667,20,2278.513333,0,0,0,0,0,0,0,0,0,3,0,0,NA,NA,"5/26/2023","9/19/2023",-13.998,33.757,78,"Irrigation","International Institute of Tropical Agriculture IITA","Public"
"Malawi",2023,"E0266","G207","L0124",1,0,129.6666667,65,45.33333333,"Purple","Mixed",108.3333333,2,0,1,58.66666667,26.33333333,3790.393333,0,0,0,0,0,2,0,0,0,3,0,0,NA,NA,"5/26/2023","9/25/2023",-13.998,33.757,78,"Irrigation","International Institute of Tropical Agriculture IITA","Public"
"Malawi",2023,"E0266","G215","L0124",1,0,128.3333333,64.66666667,45.33333333,"Purple","Tawny",104,3,0,1,37.77666667,18.66666667,2578.773333,0,0,0,0,0,2,0,0,0,3,0,0,NA,NA,"5/26/2023","9/19/2023",-13.998,33.757,78,"Irrigation","International Institute of Tropical Agriculture IITA","Public"
"Malawi",2023,"E0266","G219","L0124",1,0,131.6666667,66,45.33333333,"White","Mixed",113.6666667,2,0,1,66,26.66666667,4051.643333,0,0,0,0,0,2,0,0,0,3,0,0,NA,NA,"5/26/2023","9/25/2023",-13.998,33.757,78,"Irrigation","International Institute of Tropical Agriculture IITA","Public"
"Malawi",2023,"E0266","G233","L0124",1,0,101.6666667,51,44.66666667,"White","Tawny",109,3,0,1,56.78,20,3478.63,0,0,0,0,0,2,0,0,0,3,0,0,NA,NA,"5/26/2023","9/18/2023",-13.998,33.757,78,"Irrigation","International Institute of Tropical Agriculture IITA","Public"
"Malawi",2023,"E0266","G244","L0124",1,0,107,53.66666667,44.66666667,"Purple","Grey",106.6666667,2,0,1,62.33333333,21,3307.486667,0,0,0,0,0,2,0,0,0,3,0,0,NA,NA,"5/26/2023","9/18/2023",-13.998,33.757,78,"Irrigation","International Institute of Tropical Agriculture IITA","Public"
"Malawi",2023,"E0266","G246","L0124",1,0,105.3333333,52.66666667,45.33333333,"Purple","Grey",104,2,0,1,40.00333333,23.33333333,2643.28,0,0,0,0,0,2,0,0,0,3,0,0,NA,NA,"5/26/2023","9/18/2023",-13.998,33.757,78,"Irrigation","International Institute of Tropical Agriculture IITA","Public"
"Malawi",2023,"E0266","G307","L0124",1,0,156.3333333,78.66666667,45.33333333,"Purple","Tawny",104.3333333,2,0,1,48.22333333,21,3149.57,0,0,0,0,0,0,0,0,0,3,0,0,NA,NA,"5/26/2023","9/25/2023",-13.998,33.757,78,"Irrigation","International Institute of Tropical Agriculture IITA","Public"
"Malawi",2023,"E0266","G311","L0124",1,0,142,71.33333333,44.66666667,"Purple","Mixed",104.3333333,2,0,1,63.77666667,18.33333333,4117.056667,0,0,0,0,0,0,0,0,0,3,0,0,NA,NA,"5/26/2023","9/18/2023",-13.998,33.757,78,"Irrigation","International Institute of Tropical Agriculture IITA","Public"
"Malawi",2023,"E0266","G315","L0124",1,0,167.3333333,84,45.33333333,"Purple","Tawny",108.6666667,3,0,1,61,21.33333333,3736.726667,0,0,0,0,0,2,0,0,0,3,0,0,NA,NA,"5/26/2023","9/25/2023",-13.998,33.757,78,"Irrigation","International Institute of Tropical Agriculture IITA","Public"
"Malawi",2023,"E0266","G321","L0124",1,0,169.3333333,85,44.66666667,"Purple","Tawny",104,4,0,1,55.44333333,21.66666667,2826.166667,0,0,0,0,0,2,0,0,0,3,0,0,NA,NA,"5/26/2023","9/18/2023",-13.998,33.757,78,"Irrigation","International Institute of Tropical Agriculture IITA","Public"
"Malawi",2023,"E0266","G322","L0124",1,0,166,83.33333333,44.66666667,"Purple","Tawny",106.6666667,2,0,1,39.55666667,24.33333333,3182.753333,0,0,0,0,0,0,0,0,0,0,0,0,NA,NA,"5/26/2023","9/18/2023",-13.998,33.757,78,"Irrigation","International Institute of Tropical Agriculture IITA","Public"
"Malawi",2023,"E0266","G341","L0124",1,0,158.3333333,79.33333333,44.66666667,"Purple","Grey",101,2,0,1,51.22333333,19.33333333,3863.216667,0,0,0,0,0,0,0,0,0,3,0,0,NA,NA,"5/26/2023","9/18/2023",-13.998,33.757,78,"Irrigation","International Institute of Tropical Agriculture IITA","Public"
"Malawi",2023,"E0266","G342","L0124",1,0,168.6666667,84.66666667,45.33333333,"Purple","Grey",104.3333333,2,0,1,49.11,21,4057.526667,0,0,0,0,0,0,0,0,0,3,0,0,NA,NA,"5/26/2023","9/19/2023",-13.998,33.757,78,"Irrigation","International Institute of Tropical Agriculture IITA","Public"
"Malawi",2023,"E0266","G359","L0124",1,0,171,85.66666667,45.33333333,"White","Grey",108,2,0,1,51.11333333,20.33333333,4256.676667,0,0,0,0,0,2,0,0,0,3,0,0,NA,NA,"5/26/2023","9/12/2023",-13.998,33.757,78,"Irrigation","International Institute of Tropical Agriculture IITA","Public"
"Malawi",2023,"E0266","G365","L0124",1,0,46.66666667,23.66666667,45.33333333,"Purple","Tawny",103,3,0,1,55.88666667,16,2023.37,0,0,0,0,0,0,0,0,0,3,0,0,NA,NA,"5/26/2023","9/12/2023",-13.998,33.757,78,"Irrigation","Department of Agricultural Research Services DARS","Public"
"Malawi",2023,"E0267","G002","L0125",1,0,177.6666667,59.22,69,NA,NA,148.6666667,1,0,1,64.22333333,19,2451.233333,1,1,0,1,2,1,1,1,1,1,1,1,NA,NA,"6/7/2023","11/29/2023",-12.952,33.703,1342,"Irrigation","CSIRO Agriculture and Food","Public"
"Malawi",2023,"E0267","G064","L0125",1,0,201.6666667,67.22333333,81,NA,NA,166.3333333,5,0,1,111.7666667,19.66666667,1274.326667,1,1,0,1,2,1,1,1,1,1,1,1,NA,NA,"6/7/2023","11/29/2023",-12.952,33.703,1342,"Irrigation","Makerere University","Public"
"Malawi",2023,"E0267","G072","L0125",1,0,121.3333333,40.44333333,73,NA,NA,164,1,0,1,92.32333333,20.33333333,2718.986667,1,1,0,1,2,1,1,1,1,1,1,1,NA,NA,"6/7/2023","11/29/2023",-12.952,33.703,1342,"Irrigation","Klein Karoo Seed Marketing Zimbabwe K2 Seed","Private"
"Malawi",2023,"E0267","G076","L0125",1,0,205.3333333,68.44666667,81,NA,NA,168,3,0,1,180.72,20.33333333,1186.086667,1,1,0,1,2,1,1,1,1,1,1,1,NA,NA,"6/7/2023","11/29/2023",-12.952,33.703,1342,"Irrigation","Klein Karoo Seed Marketing Zimbabwe K2 Seed","Private"
"Malawi",2023,"E0267","G112","L0125",1,0,183,61,64,NA,NA,148.6666667,1,0,1,58.55666667,19,2845.666667,1,1,0,1,2,1,1,1,1,1,1,1,NA,NA,"6/7/2023","11/29/2023",-12.952,33.703,1342,"Irrigation","University of Missouri","Public"
"Malawi",2023,"E0267","G136","L0125",1,0,145.3333333,48.44333333,76,NA,NA,156,1,0,1,78.55666667,20,3407.663333,1,1,0,1,2,1,1,1,1,1,1,1,NA,NA,"6/7/2023","11/29/2023",-12.952,33.703,1342,"Irrigation","Ethiopian Institute of Agricultural Research EIAR","Public"
"Malawi",2023,"E0267","G137","L0125",1,0,0.333333333,0.11,0,NA,NA,0,0,0,0,0,0,NA,1,1,0,1,2,1,1,1,1,1,1,1,NA,NA,"6/7/2023","11/29/2023",-12.952,33.703,1342,"Irrigation","SeedCo","Private"
"Malawi",2023,"E0267","G146","L0125",1,0,234.6666667,78.22,70,NA,NA,160,1,0,1,111,18.66666667,3654.506667,1,1,0,1,2,1,1,1,1,1,1,1,NA,NA,"6/7/2023","11/29/2023",-12.952,33.703,1342,"Irrigation","SeedCo","Private"
"Malawi",2023,"E0267","G188","L0125",1,0,241.6666667,80.55666667,64,NA,NA,134,1,0,1,73.61,18.33333333,3286.453333,1,1,0,1,2,1,1,1,1,1,1,1,NA,NA,"6/7/2023","11/29/2023",-12.952,33.703,1342,"Irrigation","International Institute of Tropical Agriculture IITA","Public"
"Malawi",2023,"E0267","G193","L0125",1,0,115.3333333,38.44333333,81,NA,NA,160,1,0,1,112.4466667,17.66666667,1905.133333,1,1,0,1,2,1,1,1,1,1,1,1,NA,NA,"6/7/2023","11/29/2023",-12.952,33.703,1342,"Irrigation","International Institute of Tropical Agriculture IITA","Public"
"Malawi",2023,"E0267","G199","L0125",1,0,130.3333333,43.44333333,81,NA,NA,168,3,0,1,108.5,19,1962.99,1,1,0,1,2,1,1,1,1,1,1,1,NA,NA,"6/7/2023","11/29/2023",-12.952,33.703,1342,"Irrigation","International Institute of Tropical Agriculture IITA","Public"
"Malawi",2023,"E0267","G207","L0125",1,0,170.6666667,56.88666667,69,NA,NA,160,1,0,1,88.5,20.66666667,4138.046667,1,1,0,1,2,1,1,1,1,1,1,1,NA,NA,"6/7/2023","11/29/2023",-12.952,33.703,1342,"Irrigation","International Institute of Tropical Agriculture IITA","Public"
"Malawi",2023,"E0267","G219","L0125",1,0,197.6666667,65.89,70,NA,NA,156,1,0,1,86.61,20,3495.733333,1,1,0,1,2,1,1,1,1,1,1,1,NA,NA,"6/7/2023","11/29/2023",-12.952,33.703,1342,"Irrigation","International Institute of Tropical Agriculture IITA","Public"
"Malawi",2023,"E0267","G233","L0125",1,0,200,66.66666667,64,NA,NA,134,1,0,1,80.83333333,21.66666667,3086.276667,1,1,0,1,2,1,1,1,1,1,1,1,NA,NA,"6/7/2023","11/29/2023",-12.952,33.703,1342,"Irrigation","International Institute of Tropical Agriculture IITA","Public"
"Malawi",2023,"E0267","G244","L0125",1,0,152,50.66666667,73,NA,NA,156,2,0,1,108.5,18.66666667,4269.333333,1,1,0,1,2,1,1,1,1,1,1,1,NA,NA,"6/7/2023","11/29/2023",-12.952,33.703,1342,"Irrigation","International Institute of Tropical Agriculture IITA","Public"
"Malawi",2023,"E0267","G246","L0125",1,0,141,47,70,NA,NA,148.6666667,1,0,1,92.11,20.66666667,2865.746667,1,1,0,1,2,1,1,1,1,1,1,1,NA,NA,"6/7/2023","11/29/2023",-12.952,33.703,1342,"Irrigation","International Institute of Tropical Agriculture IITA","Public"
"Malawi",2023,"E0267","G307","L0125",1,0,262.6666667,87.55333333,71,NA,NA,166.3333333,5,0,1,114.0533333,19.66666667,1548.963333,1,1,0,1,2,1,1,1,1,1,1,1,NA,NA,"6/7/2023","11/29/2023",-12.952,33.703,1342,"Irrigation","International Institute of Tropical Agriculture IITA","Public"
"Malawi",2023,"E0267","G311","L0125",1,0,239.3333333,79.78,73,NA,NA,166.3333333,1,0,1.333333333,107.89,17.66666667,3569.653333,1,1,0,1,2,1,1,1,1,1,1,1,NA,NA,"6/7/2023","11/29/2023",-12.952,33.703,1342,"Irrigation","International Institute of Tropical Agriculture IITA","Public"
"Malawi",2023,"E0267","G315","L0125",1,0,256.6666667,85.55333333,76,NA,NA,162.3333333,3,0,1,103.4966667,19.33333333,3646.853333,1,1,0,1,2,1,1,1,1,1,1,1,NA,NA,"6/7/2023","11/29/2023",-12.952,33.703,1342,"Irrigation","International Institute of Tropical Agriculture IITA","Public"
"Malawi",2023,"E0267","G321","L0125",1,0,233,77.66333333,76,NA,NA,160,2,0,1,113.78,20.66666667,2762.53,1,1,0,1,2,1,1,1,1,1,1,1,NA,NA,"6/7/2023","11/29/2023",-12.952,33.703,1342,"Irrigation","International Institute of Tropical Agriculture IITA","Public"
"Malawi",2023,"E0267","G322","L0125",1,0,155.3333333,51.78,76,NA,NA,156,1,0,1,84.72333333,19,3165.056667,1,1,0,1,2,1,1,1,1,1,1,1,NA,NA,"6/7/2023","11/29/2023",-12.952,33.703,1342,"Irrigation","International Institute of Tropical Agriculture IITA","Public"
"Malawi",2023,"E0267","G341","L0125",1,0,191.6666667,63.89,76,NA,NA,156,3,0,1,90.9,18.33333333,3973.026667,1,1,0,1,2,1,1,1,1,1,1,1,NA,NA,"6/7/2023","11/29/2023",-12.952,33.703,1342,"Irrigation","International Institute of Tropical Agriculture IITA","Public"
"Malawi",2023,"E0267","G342","L0125",1,0,237.6666667,79.22,80,NA,NA,166.3333333,5,0,1,124,19.33333333,2213.49,1,1,0,1,2,1,1,1,1,1,1,1,NA,NA,"6/7/2023","11/29/2023",-12.952,33.703,1342,"Irrigation","International Institute of Tropical Agriculture IITA","Public"
"Malawi",2023,"E0267","G359","L0125",1,0,243.6666667,81.22333333,77,NA,NA,166.3333333,5,0,1.333333333,119.4466667,20,2256.23,1,1,0,1,2,1,1,1,1,1,1,1,NA,NA,"6/7/2023","11/29/2023",-12.952,33.703,1342,"Irrigation","International Institute of Tropical Agriculture IITA","Public"
"Malawi",2023,"E0267","G365","L0125",1,0,89.33333333,29.77666667,68,NA,NA,134,1,0,1,86.39,18,3013.853333,1,1,0,1,2,1,1,1,1,1,1,1,NA,NA,"6/7/2023","11/29/2023",-12.952,33.703,1342,"Irrigation","Department of Agricultural Research Services DARS","Public"
"Malawi",2023,"E0273","G006","L0131",2,0,87,29,65,"Purple","Grey",89,1,0,1,35.11,24.66666667,444.4433333,1,1,1,1,1,1,1,1,1,1,0,1,NA,NA,"3/31/2024","7/19/2024",-16.254,34.895,64,"Irrigation","Agricultural Research Council ARC","Public"
"Malawi",2023,"E0273","G056","L0131",2,0,240,80,65,"Purple","Grey",89,1,0,1,35,33.33333333,1988.89,1,1,1,1,1,1,1,1,1,1,0,1,NA,NA,"3/31/2024","7/19/2024",-16.254,34.895,64,"Irrigation","ZamSeed","Private"
"Malawi",2023,"E0273","G057","L0131",2,0,133.3333333,44.44333333,65,"Purple","Grey",89,1,0,1,35,26.33333333,922.2233333,1,1,1,1,1,1,1,1,1,1,0,1,NA,NA,"3/31/2024","7/19/2024",-16.254,34.895,64,"Irrigation","Klein Karoo Seed Marketing Zimbabwe K2 Seed","Private"
"Malawi",2023,"E0273","G072","L0131",2,0,203.6666667,67.89,65,"Purple","Grey",89,1,0,1,34.44333333,25.33333333,1155.553333,1,1,1,1,1,1,1,1,1,1,0,1,NA,NA,"3/31/2024","7/19/2024",-16.254,34.895,64,"Irrigation","Klein Karoo Seed Marketing Zimbabwe K2 Seed","Private"
"Malawi",2023,"E0273","G076","L0131",2,0,59.66666667,19.88666667,65,"Purple","Grey",89,1,0,1,34.33333333,22.66666667,511.1133333,1,1,1,1,1,1,1,1,1,1,0,1,NA,NA,"3/31/2024","7/19/2024",-16.254,34.895,64,"Irrigation","Klein Karoo Seed Marketing Zimbabwe K2 Seed","Private"
"Malawi",2023,"E0273","G077","L0131",2,0,0,0,0,NA,NA,0,0,0,0,24,0,NA,1,1,1,1,1,1,1,1,1,1,0,1,NA,NA,"3/31/2024","8/28/2024",-16.254,34.895,64,"Irrigation","CORTEVAPannar","Private"
"Malawi",2023,"E0273","G137","L0131",2,0,112,37.33,65,"Purple","Grey",89,1,0,1,34.77666667,21,455.5566667,1,1,1,1,1,1,1,1,1,1,0,1,NA,NA,"3/31/2024","7/19/2024",-16.254,34.895,64,"Irrigation","SeedCo","Private"
"Malawi",2023,"E0273","G143","L0131",2,0,128,42.66666667,65,"Purple","Grey",89,1,0,1,35.66666667,26.33333333,911.11,1,1,1,1,1,1,1,1,1,1,0,1,NA,NA,"3/31/2024","7/19/2024",-16.254,34.895,64,"Irrigation","SeedCo","Private"
"Malawi",2023,"E0273","G146","L0131",2,0,112.3333333,37.44333333,65,"Purple","Grey",89,1,0,1,33,28.33333333,799.9966667,1,1,1,1,1,1,1,1,1,1,0,1,NA,NA,"3/31/2024","7/19/2024",-16.254,34.895,64,"Irrigation","SeedCo","Private"
"Malawi",2023,"E0273","G188","L0131",2,0,237,79,65,"Purple","Grey",89,1,0,1,34.44333333,32.33333333,1422.223333,1,1,1,1,1,1,1,1,1,1,0,1,NA,NA,"3/31/2024","7/19/2024",-16.254,34.895,64,"Irrigation","International Institute of Tropical Agriculture IITA","Public"
"Malawi",2023,"E0273","G194","L0131",2,0,233.3333333,77.77666667,65,"Purple","Grey",89,1,0,1,36,32.33333333,1811.11,1,1,1,1,1,1,1,1,1,1,0,1,NA,NA,"3/31/2024","7/19/2024",-16.254,34.895,64,"Irrigation","International Institute of Tropical Agriculture IITA","Public"
"Malawi",2023,"E0273","G198","L0131",2,0,163,54.33,65,"Purple","Grey",89,1,0,1,34.33333333,21.66666667,944.4433333,1,1,1,1,1,1,1,1,1,1,0,1,NA,NA,"3/31/2024","7/19/2024",-16.254,34.895,64,"Irrigation","International Institute of Tropical Agriculture IITA","Public"
"Malawi",2023,"E0273","G204","L0131",2,0,123,41,65,"Purple","Grey",89,1,0,1,34.11,29.66666667,1000,1,1,1,1,1,1,1,1,1,1,0,1,NA,NA,"3/31/2024","7/19/2024",-16.254,34.895,64,"Irrigation","International Institute of Tropical Agriculture IITA","Public"
"Malawi",2023,"E0273","G214","L0131",2,0,199.6666667,66.55333333,65,"Purple","Grey",89,1,0,1,34.89,34.66666667,2077.776667,1,1,1,1,1,1,1,1,1,1,0,1,NA,NA,"3/31/2024","7/19/2024",-16.254,34.895,64,"Irrigation","International Institute of Tropical Agriculture IITA","Public"
"Malawi",2023,"E0273","G215","L0131",2,0,134,44.66666667,65,"Purple","Grey",89,1,0,1,33.22333333,28.33333333,711.11,1,1,1,1,1,1,1,1,1,1,0,1,NA,NA,"3/31/2024","7/19/2024",-16.254,34.895,64,"Irrigation","International Institute of Tropical Agriculture IITA","Public"
"Malawi",2023,"E0273","G216","L0131",2,0,154.3333333,51.44666667,65,"Purple","Grey",89,1,0,1,33.89,29.33333333,1000,1,1,1,1,1,1,1,1,1,1,0,1,NA,NA,"3/31/2024","7/19/2024",-16.254,34.895,64,"Irrigation","International Institute of Tropical Agriculture IITA","Public"
"Malawi",2023,"E0273","G219","L0131",2,0,110,36.66666667,65,"Purple","Grey",89,1,0,1,35.11333333,28.66666667,722.22,1,1,1,1,1,1,1,1,1,1,0,1,NA,NA,"3/31/2024","7/19/2024",-16.254,34.895,64,"Irrigation","International Institute of Tropical Agriculture IITA","Public"
"Malawi",2023,"E0273","G233","L0131",2,0,140,46.66333333,65,"Purple","Grey",89,1,0,1,35.11333333,34,1344.443333,1,1,1,1,1,1,1,1,1,1,0,1,NA,NA,"3/31/2024","7/19/2024",-16.254,34.895,64,"Irrigation","International Institute of Tropical Agriculture IITA","Public"
"Malawi",2023,"E0273","G235","L0131",2,0,180.6666667,60.22333333,65,"Purple","Grey",89,1,0,1,34.22,29,1211.11,1,1,1,1,1,1,1,1,1,1,0,1,NA,NA,"3/31/2024","7/19/2024",-16.254,34.895,64,"Irrigation","International Institute of Tropical Agriculture IITA","Public"
"Malawi",2023,"E0273","G244","L0131",2,0,194,64.66666667,65,"Purple","Grey",89,1,0,1,35.33333333,30.66666667,1033.336667,1,1,1,1,1,1,1,1,1,1,0,1,NA,NA,"3/31/2024","7/19/2024",-16.254,34.895,64,"Irrigation","International Institute of Tropical Agriculture IITA","Public"
"Malawi",2023,"E0273","G245","L0131",2,0,116.3333333,38.77666667,65,"Purple","Grey",89,1,0,1,35.66333333,29.33333333,1500,1,1,1,1,1,1,1,1,1,1,0,1,NA,NA,"3/31/2024","7/19/2024",-16.254,34.895,64,"Irrigation","International Institute of Tropical Agriculture IITA","Public"
"Malawi",2023,"E0273","G246","L0131",2,0,173.3333333,57.77666667,65,"Purple","Grey",89,1,0,1,34.22333333,28.33333333,1322.223333,1,1,1,1,1,1,1,1,1,1,0,1,NA,NA,"3/31/2024","7/19/2024",-16.254,34.895,64,"Irrigation","International Institute of Tropical Agriculture IITA","Public"
"Malawi",2023,"E0273","G255","L0131",2,0,145.6666667,48.55666667,65,"Purple","Grey",89,1,0,1,33.33333333,31.33333333,1144.446667,1,1,1,1,1,1,1,1,1,1,0,1,NA,NA,"3/31/2024","7/19/2024",-16.254,34.895,64,"Irrigation","International Institute of Tropical Agriculture IITA","Public"
"Malawi",2023,"E0273","G263","L0131",2,0,223,74.33333333,43.33333333,"Purple","Grey",89,1,0,1,34.66666667,28.66666667,1222.223333,1,1,1,1,1,1,1,1,1,1,0,1,NA,NA,"3/31/2024","7/19/2024",-16.254,34.895,64,"Irrigation","International Institute of Tropical Agriculture IITA","Public"
"Malawi",2023,"E0273","G311","L0131",2,0,116.6666667,38.88666667,65,"Purple","Grey",89,1,0,1,34.44333333,26.33333333,988.8866667,1,1,1,1,1,1,1,1,1,1,0,1,NA,NA,"3/31/2024","7/19/2024",-16.254,34.895,64,"Irrigation","International Institute of Tropical Agriculture IITA","Public"
"Malawi",2023,"E0273","G315","L0131",2,0,108.6666667,36.22,65,"Purple","Grey",89,1,0,1,35.89,30.66666667,1155.556667,1,1,1,1,1,1,1,1,1,1,0,1,NA,NA,"3/31/2024","7/19/2024",-16.254,34.895,64,"Irrigation","International Institute of Tropical Agriculture IITA","Public"
"Malawi",2023,"E0273","G318","L0131",2,0,249.3333333,83.11,65,"Purple","Grey",89,1,0,1,34.33333333,32.66666667,1311.11,1,1,1,1,1,1,1,1,1,1,0,1,NA,NA,"3/31/2024","7/19/2024",-16.254,34.895,64,"Irrigation","International Institute of Tropical Agriculture IITA","Public"
"Malawi",2023,"E0273","G319","L0131",2,0,134,44.66666667,65,"Purple","Grey",89,1,0,1,35.77666667,25,666.6666667,1,1,1,1,1,1,1,1,1,1,0,1,NA,NA,"3/31/2024","7/19/2024",-16.254,34.895,64,"Irrigation","International Institute of Tropical Agriculture IITA","Public"
"Malawi",2023,"E0273","G321","L0131",2,0,107,35.66666667,65,"Purple","Grey",89,1,0,1,35.27666667,26.83333333,616.665,1,1,1,1,1,1,1,1,1,1,0,1,NA,NA,"3/31/2024","7/19/2024",-16.254,34.895,64,"Irrigation","International Institute of Tropical Agriculture IITA","Public"
"Malawi",2023,"E0273","G335","L0131",2,0,144.3333333,48.11333333,65,"Purple","Grey",89,1,0,1,33.39,28,622.2233333,1,1,1,1,1,1,1,1,1,1,0,1,NA,NA,"3/31/2024","7/19/2024",-16.254,34.895,64,"Irrigation","International Institute of Tropical Agriculture IITA","Public"
"Malawi",2023,"E0273","G359","L0131",2,0,162.3333333,54.11,65,"Purple","Grey",89,1,0,1,34.77666667,24.33333333,1180,1,1,1,1,1,1,1,1,1,1,0,1,NA,NA,"3/31/2024","7/19/2024",-16.254,34.895,64,"Irrigation","International Institute of Tropical Agriculture IITA","Public"
"Malawi",2023,"E0273","G365","L0131",2,0,239.6666667,79.89,65,"Purple","Grey",89,1,0,1,36,33,1377.776667,1,1,1,1,1,1,1,1,1,1,0,1,NA,NA,"3/31/2024","7/19/2024",-16.254,34.895,64,"Irrigation","Department of Agricultural Research Services DARS","Public"
"Malawi",2023,"E0271","G006","L0124",2,0,106.6666667,35.55666667,40,"Purple","Tawny",108,3,0,1,42.89,0,2632.166667,1,1,1,1,2,1,1,1,1,3,0,1,NA,NA,"1/13/2024","5/9/2024",-16.106,34.84,80,"Irrigation","Agricultural Research Council ARC","Public"
"Malawi",2023,"E0271","G056","L0124",2,0,142.3333333,47.44666667,40,"Purple","Grey",108.6666667,1,0,1,48.77666667,0,3199.3,1,1,1,1,2,1,1,1,1,2,0,1,NA,NA,"1/13/2024","5/9/2024",-16.106,34.84,80,"Irrigation","ZamSeed","Private"
"Malawi",2023,"E0271","G057","L0124",2,0,128.3333333,42.77666667,40,"Purple","Grey",108,2,0,1.333333333,71.77666667,0,2991.693333,1,1,1,1,1,1,1,1,1,3,0,1,NA,NA,"1/13/2024","5/9/2024",-16.106,34.84,80,"Irrigation","Klein Karoo Seed Marketing Zimbabwe K2 Seed","Private"
"Malawi",2023,"E0271","G072","L0124",2,0,124,41.33333333,41.33333333,"Purple","Tawny",103,1,0,1,34.33333333,0,2115.403333,1,1,1,1,2,1,1,1,1,3,0,1,NA,NA,"1/13/2024","5/6/2024",-16.106,34.84,80,"Irrigation","Klein Karoo Seed Marketing Zimbabwe K2 Seed","Private"
"Malawi",2023,"E0271","G076","L0124",2,0,104,34.66666667,40,"Purple","Grey",107.6666667,2,0,1,37.33666667,0,2005.933333,1,1,1,1,2,1,1,1,1,3,0,1,NA,NA,"1/13/2024","5/9/2024",-16.106,34.84,80,"Irrigation","Klein Karoo Seed Marketing Zimbabwe K2 Seed","Private"
"Malawi",2023,"E0271","G077","L0124",2,0,0,0,0,NA,NA,0,0,0,0,0,0,NA,1,1,1,1,1,1,1,1,1,1,0,1,NA,NA,"1/13/2024","6/11/2024",-16.106,34.84,80,"Irrigation","CORTEVAPannar","Private"
"Malawi",2023,"E0271","G137","L0124",2,0,129.3333333,43.11,40,"Purple","Grey",101.6666667,1,0,1,79.11,0,3299.57,1,1,1,1,1,1,1,1,1,3,0,1,NA,NA,"1/13/2024","5/9/2024",-16.106,34.84,80,"Irrigation","SeedCo","Private"
"Malawi",2023,"E0271","G143","L0124",2,0,133.3333333,44.44333333,40,"Mixed","Mixed",106.3333333,2,0,1,54.78,0,3105.873333,1,1,1,1,1,1,1,1,1,3,0,1,NA,NA,"1/13/2024","5/9/2024",-16.106,34.84,80,"Irrigation","SeedCo","Private"
"Malawi",2023,"E0271","G146","L0124",2,0,99,33.00333333,40,"Purple","Tawny",106.6666667,2,0,1,76.22333333,0,2324.06,1,1,1,1,1,1,1,1,1,3,0,1,NA,NA,"1/13/2024","5/6/2024",-16.106,34.84,80,"Irrigation","SeedCo","Private"
"Malawi",2023,"E0271","G188","L0124",2,0,118.3333333,39.44666667,41.33333333,"Purple","Tawny",100.3333333,4,0,1,81.44666667,0,2941.71,1,1,1,1,1,1,1,1,1,2,0,1,NA,NA,"1/13/2024","5/6/2024",-16.106,34.84,80,"Irrigation","International Institute of Tropical Agriculture IITA","Public"
"Malawi",2023,"E0271","G194","L0124",2,0,136.3333333,45.44333333,41.33333333,"Purple","Tawny",99.66666667,1,0,1,61.89,0,3088.773333,1,1,1,1,1,1,1,1,1,3,0,1,NA,NA,"1/13/2024","5/3/2024",-16.106,34.84,80,"Irrigation","International Institute of Tropical Agriculture IITA","Public"
"Malawi",2023,"E0271","G198","L0124",2,0,117.6666667,39.22,53.66666667,"Purple","Tawny",97,1,0,1,57.33333333,0,2980.823333,1,1,1,1,2,1,1,1,1,2,0,1,NA,NA,"1/13/2024","5/6/2024",-16.106,34.84,80,"Irrigation","International Institute of Tropical Agriculture IITA","Public"
"Malawi",2023,"E0271","G204","L0124",2,0,118.3333333,39.44666667,44,"Purple","Grey",108.6666667,2,0,1,66.22333333,0,3444.606667,1,1,1,1,2,1,1,1,1,2,0,1,NA,NA,"1/13/2024","5/9/2024",-16.106,34.84,80,"Irrigation","International Institute of Tropical Agriculture IITA","Public"
"Malawi",2023,"E0271","G214","L0124",2,0,116.6666667,38.89,44,"Purple","Tawny",108,3,0,1,63.55333333,0,3058.71,1,1,1,1,1,1,1,1,1,3,0,1,NA,NA,"1/13/2024","5/9/2024",-16.106,34.84,80,"Irrigation","International Institute of Tropical Agriculture IITA","Public"
"Malawi",2023,"E0271","G215","L0124",2,0,125,41.66666667,44,"Purple","Tawny",95,1,0,1,54.22333333,0,2792.136667,1,1,1,1,2,1,1,1,1,3,0,1,NA,NA,"1/13/2024","5/9/2024",-16.106,34.84,80,"Irrigation","International Institute of Tropical Agriculture IITA","Public"
"Malawi",2023,"E0271","G216","L0124",2,0,121,40.33333333,40,"White","Tawny",105.6666667,1,0,1,63.22333333,0,3327.756667,1,1,1,1,2,1,1,1,1,2,0,1,NA,NA,"1/13/2024","5/9/2024",-16.106,34.84,80,"Irrigation","International Institute of Tropical Agriculture IITA","Public"
"Malawi",2023,"E0271","G219","L0124",2,0,82.66666667,27.55666667,40,"White","Tawny",108.6666667,1,0,1,69.33,0,3020.163333,1,1,1,1,1,1,1,1,1,3,0,1,NA,NA,"1/13/2024","5/9/2024",-16.106,34.84,80,"Irrigation","International Institute of Tropical Agriculture IITA","Public"
"Malawi",2023,"E0271","G233","L0124",2,0,107,35.66666667,42.66666667,"White","Tawny",110.6666667,3,0,1,98.22333333,0,2982.806667,1,1,1,1,2,1,1,1,1,2,0,1,NA,NA,"1/13/2024","5/9/2024",-16.106,34.84,80,"Irrigation","International Institute of Tropical Agriculture IITA","Public"
"Malawi",2023,"E0271","G235","L0124",2,0,126.6666667,42.22,41.33333333,"Purple","Tawny",103.6666667,2,0,1,85.22,0,3492.323333,1,1,1,1,1,1,1,1,1,3,0,1,NA,NA,"1/13/2024","5/6/2024",-16.106,34.84,80,"Irrigation","International Institute of Tropical Agriculture IITA","Public"
"Malawi",2023,"E0271","G244","L0124",2,0,105.6666667,35.22333333,40,"Purple","Mixed",103,2,0,1,80.89,0,2470.836667,1,1,1,1,1,1,1,1,1,3,0,1,NA,NA,"1/13/2024","5/9/2024",-16.106,34.84,80,"Irrigation","International Institute of Tropical Agriculture IITA","Public"
"Malawi",2023,"E0271","G245","L0124",2,0,119.6666667,39.88666667,44,"Purple","Tawny",108.6666667,4,0,1,73.67,0,3403.54,1,1,1,1,1,1,1,1,1,3,0,1,NA,NA,"1/13/2024","5/9/2024",-16.106,34.84,80,"Irrigation","International Institute of Tropical Agriculture IITA","Public"
"Malawi",2023,"E0271","G246","L0124",2,0,105.3333333,35.11,40,"White","Tawny",98.33333333,1,0,1,56.66666667,0,4003.816667,1,1,1,1,2,1,1,1,1,4,0,1,NA,NA,"1/13/2024","5/6/2024",-16.106,34.84,80,"Irrigation","International Institute of Tropical Agriculture IITA","Public"
"Malawi",2023,"E0271","G255","L0124",2,0,88,29.33333333,41.33333333,"Purple","Tawny",105.3333333,2,0,1,78.33666667,0,2829.473333,1,1,1,1,1,1,1,1,1,4,0,1,NA,NA,"1/13/2024","5/6/2024",-16.106,34.84,80,"Irrigation","International Institute of Tropical Agriculture IITA","Public"
"Malawi",2023,"E0271","G262","L0124",2,0,121.3333333,40.44333333,40,"Purple","Tawny",95,1,0,1,60.22333333,0,3444.516667,1,1,1,1,2,1,1,1,1,2,0,1,NA,NA,"1/13/2024","5/6/2024",-16.106,34.84,80,"Irrigation","International Institute of Tropical Agriculture IITA","Public"
"Malawi",2023,"E0271","G311","L0124",2,0,76,25.33333333,44,"Purple","Tawny",110.6666667,1,0,1,77.33333333,0,1425.81,1,1,1,1,1,1,1,1,1,2,0,1,NA,NA,"1/13/2024","5/20/2024",-16.106,34.84,80,"Irrigation","International Institute of Tropical Agriculture IITA","Public"
"Malawi",2023,"E0271","G315","L0124",2,0,132.3333333,44.11,42.66666667,"Purple","Tawny",106.3333333,2,0,1,74.66666667,0,2487.753333,1,1,1,1,2,1,1,1,1,2,0,1,NA,NA,"1/13/2024","5/9/2024",-16.106,34.84,80,"Irrigation","International Institute of Tropical Agriculture IITA","Public"
"Malawi",2023,"E0271","G318","L0124",2,0,134.6666667,44.89,44,"Purple","Tawny",107,4,0,1,83.44333333,0,3077.173333,1,1,1,1,2,2,1,1,1,1,0,1,NA,NA,"1/13/2024","5/9/2024",-16.106,34.84,80,"Irrigation","International Institute of Tropical Agriculture IITA","Public"
"Malawi",2023,"E0271","G319","L0124",2,0,106.6666667,35.55666667,44,"Purple","Tawny",110.6666667,2,0,1,82.55666667,0,2529.776667,1,1,1,1,1,2,1,1,1,2,0,1,NA,NA,"1/13/2024","5/15/2024",-16.106,34.84,80,"Irrigation","International Institute of Tropical Agriculture IITA","Public"
"Malawi",2023,"E0271","G321","L0124",2,0,58.16666667,19.38833333,22,"Purple","Tawny",54.66666667,3,0,0.5,47.555,0,3118.653333,1,1,1,1,2,1,1,1,1,1,0,1,NA,NA,"1/13/2024","6/11/2024",-16.106,34.84,80,"Irrigation","International Institute of Tropical Agriculture IITA","Public"
"Malawi",2023,"E0271","G335","L0124",2,0,123,40.99666667,44,"Purple","Mixed",95,1,0,1,68.78,0,2492.316667,1,1,1,1,2,1,1,1,1,3,0,1,NA,NA,"1/13/2024","5/6/2024",-16.106,34.84,80,"Irrigation","International Institute of Tropical Agriculture IITA","Public"
"Malawi",2023,"E0271","G359","L0124",2,0,113,37.66666667,41.33333333,"White","Tawny",103,1,0,1,62.77666667,0,3334.583333,1,1,1,1,2,1,1,1,1,2,0,1,NA,NA,"1/13/2024","5/6/2024",-16.106,34.84,80,"Irrigation","International Institute of Tropical Agriculture IITA","Public"
"Malawi",2023,"E0271","G365","L0124",2,0,126.6666667,42.22333333,42.66666667,"Purple","Tawny",98.33333333,4,0,1,82.22333333,0,3062.033333,1,1,1,1,1,1,1,1,1,3,0,1,NA,NA,"1/13/2024","5/3/2024",-16.106,34.84,80,"Irrigation","Department of Agricultural Research Services DARS","Public"
"Zambia",2023,"E0281","G056","L099",2,0,250,83.33666667,45,"Purple",NA,112,1,0,0,70.77666667,16.55666667,2891.44,3,2,1,1,1,1,1,1,4,1,0,1,NA,NA,"12/18/2023","5/17/2024",-15.409,28.081,1217,"Supplementary","ZamSeed","Private"
"Zambia",2023,"E0281","G057","L099",2,0,168.3333333,56.11,49,"Purple",NA,122.3333333,1,0,0,84.44333333,17.47666667,3424.943333,4,2,1,1,1,1,1,1,2,1,0,1,NA,NA,"12/18/2023","5/17/2024",-15.409,28.081,1217,"Supplementary","Klein Karoo Seed Marketing Zimbabwe K2 Seed","Private"
"Zambia",2023,"E0281","G072","L099",2,0,205,68.33333333,48,"Purple",NA,112.3333333,1,0,0,72,17.51,3506.426667,3,2,1,1,1,1,1,1,3,1,0,1,NA,NA,"12/18/2023","5/17/2024",-15.409,28.081,1217,"Supplementary","Klein Karoo Seed Marketing Zimbabwe K2 Seed","Private"
"Zambia",2023,"E0281","G076","L099",2,0,243,81,46,"Purple",NA,119,1,0,0,61.89,21.68666667,3556.406667,3,2,1,1,1,1,1,1,5,1,0,1,NA,NA,"12/18/2023","5/17/2024",-15.409,28.081,1217,"Supplementary","Klein Karoo Seed Marketing Zimbabwe K2 Seed","Private"
"Zambia",2023,"E0281","G137","L099",2,0,225.3333333,75.11333333,48.66666667,"Purple",NA,111,1,0,0,77.33333333,17.36,3958.79,3,2,1,1,1,1,1,1,4,1,0,1,NA,NA,"12/18/2023","5/17/2024",-15.409,28.081,1217,"Supplementary","SeedCo","Private"
"Zambia",2023,"E0281","G143","L099",2,0,175,58.33333333,47.66666667,"White",NA,114,1,0,0,77,20.56333333,4041.38,3,3,1,1,1,1,1,1,5,1,0,1,NA,NA,"12/18/2023","5/17/2024",-15.409,28.081,1217,"Supplementary","SeedCo","Private"
"Zambia",2023,"E0281","G146","L099",2,0,153,51,44.66666667,"Purple",NA,119.3333333,1,0,0,89.88666667,17.45666667,3110.77,3,2,1,1,1,1,1,1,4,1,0,1,NA,NA,"12/18/2023","5/17/2024",-15.409,28.081,1217,"Supplementary","SeedCo","Private"
"Zambia",2023,"E0281","G188","L099",2,0,298,99.33333333,48.66666667,"Purple",NA,109,2,0,0,84.88666667,15.34666667,3258.493333,2,2,1,1,1,1,1,1,2,1,0,1,NA,NA,"12/18/2023","5/17/2024",-15.409,28.081,1217,"Supplementary","International Institute of Tropical Agriculture IITA","Public"
"Zambia",2023,"E0281","G194","L099",2,0,300,100,49.33333333,"Purple",NA,108.3333333,1,0,0,84.11,14.30666667,2568.07,2,2,1,1,1,1,1,1,2,1,0,1,NA,NA,"12/18/2023","5/17/2024",-15.409,28.081,1217,"Supplementary","International Institute of Tropical Agriculture IITA","Public"
"Zambia",2023,"E0281","G198","L099",2,0,190,63.33333333,55.33333333,"Purple",NA,115,2,0,0,88,16.54333333,2724.903333,2,2,1,1,1,1,1,1,3,1,0,1,NA,NA,"12/18/2023","5/17/2024",-15.409,28.081,1217,"Supplementary","International Institute of Tropical Agriculture IITA","Public"
"Zambia",2023,"E0281","G204","L099",2,0,284.6666667,94.88666667,54.33333333,"Purple",NA,109.6666667,2,0,0,81.44666667,17.26,3178.97,2,3,1,1,1,1,1,1,4,1,0,1,NA,NA,"12/18/2023","5/17/2024",-15.409,28.081,1217,"Supplementary","International Institute of Tropical Agriculture IITA","Public"
"Zambia",2023,"E0281","G214","L099",2,0,274,91.33333333,49.33333333,"Mixed",NA,113.3333333,1,0,0,83.00333333,16.11666667,3186.123333,2,2,1,1,1,1,1,1,2,1,0,1,NA,NA,"12/18/2023","5/17/2024",-15.409,28.081,1217,"Supplementary","International Institute of Tropical Agriculture IITA","Public"
"Zambia",2023,"E0281","G215","L099",2,0,236.3333333,78.77666667,53,"Purple",NA,112.6666667,2,0,0,80.33333333,17.81,2781.096667,3,2,1,1,1,1,1,1,2,1,0,1,NA,NA,"12/18/2023","5/17/2024",-15.409,28.081,1217,"Supplementary","International Institute of Tropical Agriculture IITA","Public"
"Zambia",2023,"E0281","G216","L099",2,0,187,62.33666667,48.33333333,"White",NA,116.6666667,1,0,0,88,22.13666667,4032.526667,5,2,1,1,1,1,1,1,4,1,0,1,NA,NA,"12/18/2023","5/17/2024",-15.409,28.081,1217,"Supplementary","International Institute of Tropical Agriculture IITA","Public"
"Zambia",2023,"E0281","G219","L099",2,0,189.6666667,63.22333333,48.33333333,"Mixed",NA,115,1,0,0,74.44333333,21.44666667,3332.226667,3,2,1,1,1,1,1,1,4,1,0,1,NA,NA,"12/18/2023","5/17/2024",-15.409,28.081,1217,"Supplementary","International Institute of Tropical Agriculture IITA","Public"
"Zambia",2023,"E0281","G233","L099",2,0,242.3333333,80.78,42.33333333,"White",NA,116,3,0,0,93.77666667,17.65666667,3554.533333,2,2,1,1,1,1,1,1,3,1,0,1,NA,NA,"12/18/2023","5/17/2024",-15.409,28.081,1217,"Supplementary","International Institute of Tropical Agriculture IITA","Public"
"Zambia",2023,"E0281","G235","L099",2,0,247.3333333,82.44333333,48.33333333,"Purple",NA,118,1,0,0,83.77666667,16.38,3581.183333,2,2,1,1,1,1,1,1,2,1,0,1,NA,NA,"12/18/2023","5/17/2024",-15.409,28.081,1217,"Supplementary","International Institute of Tropical Agriculture IITA","Public"
"Zambia",2023,"E0281","G244","L099",2,0,264,88,49.33333333,"Purple",NA,108,2,0,0,81.66666667,17.06666667,3180.073333,4,2,1,1,1,1,1,1,2,1,0,1,NA,NA,"12/18/2023","5/17/2024",-15.409,28.081,1217,"Supplementary","International Institute of Tropical Agriculture IITA","Public"
"Zambia",2023,"E0281","G245","L099",2,0,205.6666667,68.55333333,50.33333333,"Purple",NA,115.3333333,2,0,0,81.78,16.51666667,3903.79,2,1,1,1,1,1,1,1,2,1,0,1,NA,NA,"12/18/2023","5/17/2024",-15.409,28.081,1217,"Supplementary","International Institute of Tropical Agriculture IITA","Public"
"Zambia",2023,"E0281","G246","L099",2,0,246,82,51.33333333,"Mixed",NA,117.3333333,1,0,0,89.55333333,19.34333333,3974.113333,4,2,1,1,1,1,1,1,3,1,0,1,NA,NA,"12/18/2023","5/17/2024",-15.409,28.081,1217,"Supplementary","International Institute of Tropical Agriculture IITA","Public"
"Zambia",2023,"E0281","G263","L099",2,0,294,98,53,"Purple",NA,106.6666667,1,0,0,80.44333333,15.66666667,3191.57,2,2,1,1,1,1,1,1,2,1,0,1,NA,NA,"12/18/2023","5/17/2024",-15.409,28.081,1217,"Supplementary","International Institute of Tropical Agriculture IITA","Public"
"Zambia",2023,"E0281","G311","L099",2,0,153.3333333,51.11333333,53.33333333,"Purple",NA,122.3333333,1,0,0,91.55666667,16.19333333,3043.506667,2,1,1,1,1,1,1,1,2,1,0,1,NA,NA,"12/18/2023","5/17/2024",-15.409,28.081,1217,"Supplementary","International Institute of Tropical Agriculture IITA","Public"
"Zambia",2023,"E0281","G315","L099",2,0,238.6666667,79.55666667,55.66666667,"Purple",NA,123,4,0,0,79.44333333,5.713333333,2666.54,2,1,1,1,1,1,1,1,3,1,0,1,NA,NA,"12/18/2023","5/17/2024",-15.409,28.081,1217,"Supplementary","International Institute of Tropical Agriculture IITA","Public"
"Zambia",2023,"E0281","G318","L099",2,0,257.3333333,85.77666667,53.66666667,"Purple",NA,119.6666667,1,0,0,89.77666667,17.04,2802.466667,2,2,1,1,1,1,1,1,2,1,0,1,NA,NA,"12/18/2023","5/17/2024",-15.409,28.081,1217,"Supplementary","International Institute of Tropical Agriculture IITA","Public"
"Zambia",2023,"E0281","G319","L099",2,0,253.6666667,84.55666667,54.66666667,"Purple",NA,120.6666667,3,0,0,89.22333333,19.04666667,3407.746667,2,1,1,1,1,1,1,1,2,1,0,1,NA,NA,"12/18/2023","5/17/2024",-15.409,28.081,1217,"Supplementary","International Institute of Tropical Agriculture IITA","Public"
"Zambia",2023,"E0281","G321","L099",2,0,195.6666667,65.22166667,55.66666667,"Purple",NA,122.8333333,4,0,0,96.665,14.56666667,2322.708,2,1,1,1,1,1,1,1,2,1,0,1,NA,NA,"12/18/2023","5/17/2024",-15.409,28.081,1217,"Supplementary","International Institute of Tropical Agriculture IITA","Public"
"Zambia",2023,"E0281","G335","L099",2,0,198.3333333,66.11333333,49,"Purple",NA,115,1,0,0,82.11,19.14333333,3491.526667,5,2,1,1,1,1,1,1,3,1,0,1,NA,NA,"12/18/2023","5/17/2024",-15.409,28.081,1217,"Supplementary","International Institute of Tropical Agriculture IITA","Public"
"Zambia",2023,"E0281","G359","L099",2,0,182,60.66666667,50.33333333,"White",NA,117,1,0,0,78,16.88,2649.47,4,2,1,1,1,1,1,1,2,1,0,1,NA,NA,"12/18/2023","5/17/2024",-15.409,28.081,1217,"Supplementary","International Institute of Tropical Agriculture IITA","Public"
"Zambia",2023,"E0281","G365","L099",2,0,265.3333333,88.44333333,48.66666667,"Purple",NA,108.3333333,2,0,0,80.77666667,14.06666667,3259.683333,2,2,1,1,1,1,1,1,2,1,0,1,NA,NA,"12/18/2023","5/17/2024",-15.409,28.081,1217,"Supplementary","Department of Agricultural Research Services DARS","Public"
"Zambia",2023,"E0283","G056","L0118",2,0,191,63.66666667,46.33333333,"Purple","Grey",112,1,0,2.666666667,43.44333333,14.33333333,1583.56,2,2,2,2,1,1,2,1,2,1,0,1,NA,NA,"12/18/2023","4/22/2024",-15.34,28.52,1138,"Rainfed","ZamSeed","Private"
"Zambia",2023,"E0283","G057","L0118",2,0,171,57,49,"Purple","Grey",127.6666667,1,0,1.666666667,48.66666667,15,1405.79,2,2,2,2,1,1,2,1,2,1,0,1,NA,NA,"12/18/2023","4/26/2024",-15.34,28.52,1138,"Rainfed","Klein Karoo Seed Marketing Zimbabwe K2 Seed","Private"
"Zambia",2023,"E0283","G072","L0118",2,0,102,34,49.66666667,"Purple","Tawny",112.6666667,1,0,3,38.22,17,1669.84,2,2,3,2,1,2,2,1,3,1,0,1,NA,NA,"12/18/2023","4/22/2024",-15.34,28.52,1138,"Rainfed","Klein Karoo Seed Marketing Zimbabwe K2 Seed","Private"
"Zambia",2023,"E0283","G076","L0118",2,0,102,34,45.33333333,"Purple","Grey",114.6666667,2,0,3,31,16.66666667,1928.803333,2,2,3,2,1,1,2,1,2,1,0,1,NA,NA,"12/18/2023","4/22/2024",-15.34,28.52,1138,"Rainfed","Klein Karoo Seed Marketing Zimbabwe K2 Seed","Private"
"Zambia",2023,"E0283","G137","L0118",2,0,170,56.66666667,51,"Purple","Grey",108,1,0,3.333333333,37.77666667,14.33333333,1685.61,3,2,2,2,1,1,3,1,3,1,0,1,NA,NA,"12/18/2023","4/22/2024",-15.34,28.52,1138,"Rainfed","SeedCo","Private"
"Zambia",2023,"E0283","G143","L0118",2,0,131.3333333,43.8,46.66666667,"White","Tawny",112.6666667,1,0,2,33.66666667,18.33333333,1458.606667,2,2,3,2,1,1,2,1,3,1,0,1,NA,NA,"12/18/2023","4/22/2024",-15.34,28.52,1138,"Rainfed","SeedCo","Private"
"Zambia",2023,"E0283","G146","L0118",2,0,113.3333333,37.76666667,47,"Purple","Tawny",121.6666667,1,0,2,56.55666667,15.66666667,1849.74,2,2,2,2,2,1,3,1,2,1,0,1,NA,NA,"12/18/2023","4/26/2024",-15.34,28.52,1138,"Rainfed","SeedCo","Private"
"Zambia",2023,"E0283","G188","L0118",2,0,246,82,49.66666667,"Purple","Tawny",118.3333333,1,0,3,47.11333333,11.33333333,1158.986667,2,2,2,2,1,1,2,1,3,1,0,1,NA,NA,"12/18/2023","4/26/2024",-15.34,28.52,1138,"Rainfed","International Institute of Tropical Agriculture IITA","Public"
"Zambia",2023,"E0283","G194","L0118",2,0,234.6666667,78.23333333,49.33333333,"Purple","Tawny",112.6666667,1,0,2,44.78,11.33333333,1407.14,3,3,2,3,1,1,3,1,3,1,0,1,NA,NA,"12/18/2023","4/22/2024",-15.34,28.52,1138,"Rainfed","International Institute of Tropical Agriculture IITA","Public"
"Zambia",2023,"E0283","G198","L0118",2,0,165.6666667,55.2,56,"Purple","Tawny",137,2,0,3,58.44666667,14.33333333,874.8833333,2,2,2,2,2,1,2,1,2,1,0,1,NA,NA,"12/18/2023","5/13/2024",-15.34,28.52,1138,"Rainfed","International Institute of Tropical Agriculture IITA","Public"
"Zambia",2023,"E0283","G204","L0118",2,0,163.3333333,54.43333333,54.66666667,"Purple","Grey",125,1,0,2,46.77666667,14.66666667,1538.726667,2,2,2,2,1,1,2,1,2,1,0,1,NA,NA,"12/18/2023","4/30/2024",-15.34,28.52,1138,"Rainfed","International Institute of Tropical Agriculture IITA","Public"
"Zambia",2023,"E0283","G214","L0118",2,0,198.6666667,66.23333333,49.66666667,"Purple","Tawny",129.3333333,1,0,2,49.33333333,11.66666667,1082.853333,2,2,2,2,1,1,2,1,2,1,0,1,NA,NA,"12/18/2023","5/2/2024",-15.34,28.52,1138,"Rainfed","International Institute of Tropical Agriculture IITA","Public"
"Zambia",2023,"E0283","G215","L0118",2,0,175,58.33333333,54,"Purple","Tawny",127,1,0,2.666666667,49.11,14.66666667,819.8933333,3,2,3,2,1,1,2,1,3,1,0,1,NA,NA,"12/18/2023","4/26/2024",-15.34,28.52,1138,"Rainfed","International Institute of Tropical Agriculture IITA","Public"
"Zambia",2023,"E0283","G216","L0118",2,0,131.6666667,43.9,47.33333333,"White","Tawny",122.6666667,1,0,2,46.55333333,18,1440.276667,2,2,3,2,1,1,2,1,2,1,0,1,NA,NA,"12/18/2023","5/2/2024",-15.34,28.52,1138,"Rainfed","International Institute of Tropical Agriculture IITA","Public"
"Zambia",2023,"E0283","G219","L0118",2,0,134.6666667,44.9,49,"White","Tawny",116.6666667,1,0,1.666666667,41.44333333,18,1602.573333,2,2,3,2,1,1,2,1,2,1,0,1,NA,NA,"12/18/2023","4/22/2024",-15.34,28.52,1138,"Rainfed","International Institute of Tropical Agriculture IITA","Public"
"Zambia",2023,"E0283","G233","L0118",2,0,178,59.33333333,44.66666667,"White","Tawny",126.6666667,1,0,2,56.55666667,13.66666667,2105.123333,2,2,2,2,1,1,2,1,2,1,0,1,NA,NA,"12/18/2023","4/26/2024",-15.34,28.52,1138,"Rainfed","International Institute of Tropical Agriculture IITA","Public"
"Zambia",2023,"E0283","G235","L0118",2,0,210.6666667,70.23333333,49.66666667,"Purple","Tawny",118,1,0,2.666666667,37.77666667,13.66666667,1250.713333,2,2,2,2,1,1,2,1,2,1,0,1,NA,NA,"12/18/2023","4/26/2024",-15.34,28.52,1138,"Rainfed","International Institute of Tropical Agriculture IITA","Public"
"Zambia",2023,"E0283","G244","L0118",2,0,218.3333333,72.8,48.66666667,"Purple","Mixed",116.6666667,1,0,3.666666667,63.89,13.66666667,1511.163333,2,2,2,2,1,1,3,1,3,1,0,1,NA,NA,"12/18/2023","4/26/2024",-15.34,28.52,1138,"Rainfed","International Institute of Tropical Agriculture IITA","Public"
"Zambia",2023,"E0283","G245","L0118",2,0,164.6666667,54.9,48.33333333,"Purple","Tawny",126.6666667,1,0,2,40.88666667,12.66666667,1429.67,2,2,2,2,1,1,2,1,2,1,0,1,NA,NA,"12/18/2023","4/26/2024",-15.34,28.52,1138,"Rainfed","International Institute of Tropical Agriculture IITA","Public"
"Zambia",2023,"E0283","G246","L0118",2,0,150.6666667,50.23333333,50.66666667,"White","Grey",126.6666667,1,0,4,48.22333333,15.33333333,1573.636667,2,2,3,2,1,1,2,1,2,1,0,1,NA,NA,"12/18/2023","5/2/2024",-15.34,28.52,1138,"Rainfed","International Institute of Tropical Agriculture IITA","Public"
"Zambia",2023,"E0283","G263","L0118",2,0,245.6666667,81.9,51,"Purple","Grey",108,1,0,2.333333333,46.33333333,14,1674.796667,2,2,2,2,1,1,3,1,4,1,0,1,NA,NA,"12/18/2023","4/22/2024",-15.34,28.52,1138,"Rainfed","International Institute of Tropical Agriculture IITA","Public"
"Zambia",2023,"E0283","G311","L0118",2,0,91.66666667,30.56666667,54,"Purple","Tawny",134,1,0,1.333333333,46.55333333,13.33333333,564.13,1,1,2,1,1,1,2,1,2,1,0,1,NA,NA,"12/18/2023","5/13/2024",-15.34,28.52,1138,"Rainfed","International Institute of Tropical Agriculture IITA","Public"
"Zambia",2023,"E0283","G315","L0118",2,0,200,66.66666667,52.33333333,"Purple","Tawny",132.3333333,1,0,1,49.11333333,14,1296.366667,2,2,2,2,1,1,2,1,2,1,0,1,NA,NA,"12/18/2023","5/13/2024",-15.34,28.52,1138,"Rainfed","International Institute of Tropical Agriculture IITA","Public"
"Zambia",2023,"E0283","G318","L0118",2,0,181,60.33333333,51.66666667,"Purple","Tawny",132.3333333,1,0,1.333333333,57.11,14.66666667,1187.186667,2,2,2,2,1,1,2,1,2,1,0,1,NA,NA,"12/18/2023","5/13/2024",-15.34,28.52,1138,"Rainfed","International Institute of Tropical Agriculture IITA","Public"
"Zambia",2023,"E0283","G319","L0118",2,0,148,49.33333333,53.33333333,"Purple","Tawny",137,1,0,1.666666667,59.11,15,1378.236667,2,2,2,2,1,1,2,1,2,1,0,1,NA,NA,"12/18/2023","5/13/2024",-15.34,28.52,1138,"Rainfed","International Institute of Tropical Agriculture IITA","Public"
"Zambia",2023,"E0283","G321","L0118",2,0,130.5,43.51666667,55.83333333,"Purple","Tawny",137.3333333,1,0,1.166666667,102.275,14.83333333,924.7016667,2,2,2,2,1,1,2,1,2,1,0,1,NA,NA,"12/18/2023","5/13/2024",-15.34,28.52,1138,"Rainfed","International Institute of Tropical Agriculture IITA","Public"
"Zambia",2023,"E0283","G335","L0118",2,0,145.6666667,48.53333333,50.66666667,"Purple","Tawny",112.6666667,1,0,2,62.44666667,15.66666667,1799.633333,2,2,4,2,1,1,2,1,2,1,0,1,NA,NA,"12/18/2023","4/26/2024",-15.34,28.52,1138,"Rainfed","International Institute of Tropical Agriculture IITA","Public"
"Zambia",2023,"E0283","G359","L0118",2,0,124.6666667,41.53333333,50.66666667,"White","Tawny",122.6666667,1,0,3.666666667,41.44666667,14.66666667,1935.956667,2,2,2,2,1,1,2,1,2,1,0,1,NA,NA,"12/18/2023","4/26/2024",-15.34,28.52,1138,"Rainfed","International Institute of Tropical Agriculture IITA","Public"
"Zambia",2023,"E0283","G365","L0118",2,0,187.6666667,62.56666667,48.33333333,"Purple","Tawny",121.3333333,1,0,2,53.22333333,11.33333333,1026.45,2,2,2,2,1,1,2,1,2,1,0,1,NA,NA,"12/18/2023","4/26/2024",-15.34,28.52,1138,"Rainfed","Department of Agricultural Research Services DARS","Public"
"Zambia",2023,"E0278","G056","L0133",2,0,76.33333333,25.44333333,54.66666667,"Purple","Grey",125,2,0,1.666666667,73.66666667,20.53333333,3535.096667,1,1,5,1,1,1,1,1,1,1,0,1,NA,NA,"12/2/2023","4/19/2024",-15.333,28.391,1174,"Irrigation","ZamSeed","Private"
"Zambia",2023,"E0278","G057","L0133",2,0,78.66666667,26.22333333,55,"Purple","Grey",128.6666667,2,0,1,79.55666667,20.56666667,3903.636667,1,1,4,1,1,1,1,1,1,3,0,1,NA,NA,"12/2/2023","4/25/2024",-15.333,28.391,1174,"Irrigation","Klein Karoo Seed Marketing Zimbabwe K2 Seed","Private"
"Zambia",2023,"E0278","G072","L0133",2,0,147.6666667,49.22333333,54.33333333,"Purple","Tawny",123.3333333,3,0,1,68.88666667,22.1,4767.546667,1,1,5,1,1,1,1,1,1,1,0,1,NA,NA,"12/2/2023","4/20/2024",-15.333,28.391,1174,"Irrigation","Klein Karoo Seed Marketing Zimbabwe K2 Seed","Private"
"Zambia",2023,"E0278","G076","L0133",2,0,62.66666667,20.88666667,54.33333333,"Purple","Grey",124.6666667,1,0,1,50.77666667,26,4630.883333,1,1,4,1,3,1,1,1,1,1,0,1,NA,NA,"12/2/2023","4/13/2024",-15.333,28.391,1174,"Irrigation","Klein Karoo Seed Marketing Zimbabwe K2 Seed","Private"
"Zambia",2023,"E0278","G137","L0133",2,0,94.66666667,31.55333333,53.33333333,"Purple","Grey",119.3333333,2,0,1,75.44333333,21.2,4773.18,1,1,2,1,1,1,1,1,1,1,0,1,NA,NA,"12/2/2023","4/13/2024",-15.333,28.391,1174,"Irrigation","SeedCo","Private"
"Zambia",2023,"E0278","G143","L0133",2,0,45,15,56.33333333,"Mixed","Mixed",129,2,0,1,71.55333333,26.46666667,4372.26,1,1,4,1,1,1,1,1,1,1,0,1,NA,NA,"12/2/2023","4/25/2024",-15.333,28.391,1174,"Irrigation","SeedCo","Private"
"Zambia",2023,"E0278","G146","L0133",2,0,65,21.66333333,53,"Purple","Tawny",129.3333333,1,0,1,90.99666667,20.43333333,2736.436667,1,1,4,1,1,1,1,1,1,1,0,1,NA,NA,"12/2/2023","4/19/2024",-15.333,28.391,1174,"Irrigation","SeedCo","Private"
"Zambia",2023,"E0278","G188","L0133",2,0,114.3333333,38.11333333,55.66666667,"Purple","Tawny",126.3333333,3,0,1,87.22,17.66666667,3724.98,1,1,2,1,1,1,1,1,1,1,0,1,NA,NA,"12/2/2023","5/25/2024",-15.333,28.391,1174,"Irrigation","International Institute of Tropical Agriculture IITA","Public"
"Zambia",2023,"E0278","G194","L0133",2,0,101.3333333,33.77666667,55.66666667,"Purple","Tawny",123,4,0,1,82.89,16.86666667,4521.836667,1,1,3,1,1,1,1,1,1,1,0,1,NA,NA,"12/2/2023","4/13/2024",-15.333,28.391,1174,"Irrigation","International Institute of Tropical Agriculture IITA","Public"
"Zambia",2023,"E0278","G198","L0133",2,0,104,34.66666667,66.66666667,"Purple","Tawny",134,2,0,1.333333333,90.22333333,20.2,2733.83,1,1,4,1,2,1,1,1,1,1,0,1,NA,NA,"12/2/2023","5/3/2024",-15.333,28.391,1174,"Irrigation","International Institute of Tropical Agriculture IITA","Public"
"Zambia",2023,"E0278","G204","L0133",2,0,147.3333333,49.11,58,"Purple","Grey",124.6666667,3,0,1.333333333,83.77666667,21.26666667,3823.83,1,1,2,1,1,1,1,1,1,1,0,1,NA,NA,"12/2/2023","4/25/2024",-15.333,28.391,1174,"Irrigation","International Institute of Tropical Agriculture IITA","Public"
"Zambia",2023,"E0278","G214","L0133",2,0,84.33333333,28.11,59.33333333,"Mixed","Tawny",139,4,0,1,91.66333333,18.2,3433.566667,1,1,2,1,1,1,1,1,1,1,0,1,NA,NA,"12/2/2023","4/25/2024",-15.333,28.391,1174,"Irrigation","International Institute of Tropical Agriculture IITA","Public"
"Zambia",2023,"E0278","G215","L0133",2,0,96,32,59,"Purple","Tawny",124.3333333,3,0,1.333333333,90,20.36666667,3684.1,1,1,3,1,1,1,1,1,1,1,0,1,NA,NA,"12/2/2023","4/19/2024",-15.333,28.391,1174,"Irrigation","International Institute of Tropical Agriculture IITA","Public"
"Zambia",2023,"E0278","G216","L0133",2,0,98,32.66666667,54.33333333,"White","Grey",131.3333333,2,0,1,83,27.53333333,4960.23,1,1,5,1,1,1,1,1,1,1,0,1,NA,NA,"12/2/2023","4/25/2024",-15.333,28.391,1174,"Irrigation","International Institute of Tropical Agriculture IITA","Public"
"Zambia",2023,"E0278","G219","L0133",2,0,81.66666667,27.22333333,53.66666667,"Mixed","Mixed",128.3333333,1,0,1,83.55333333,27.43333333,4411.226667,1,1,5,1,1,1,1,1,1,3,0,1,NA,NA,"12/2/2023","4/25/2024",-15.333,28.391,1174,"Irrigation","International Institute of Tropical Agriculture IITA","Public"
"Zambia",2023,"E0278","G233","L0133",2,0,69.66666667,23.22,53.66666667,"White","Tawny",135,4,0,1.333333333,95.55666667,20.03333333,3614.366667,1,1,3,1,1,1,1,1,1,1,0,1,NA,NA,"12/2/2023","5/3/2024",-15.333,28.391,1174,"Irrigation","International Institute of Tropical Agriculture IITA","Public"
"Zambia",2023,"E0278","G235","L0133",2,0,61,20.33,60.66666667,"Purple","Tawny",135.6666667,2,0,1,87.88666667,20.13333333,3169.543333,1,1,2,1,1,1,1,1,1,1,0,1,NA,NA,"12/2/2023","5/3/2024",-15.333,28.391,1174,"Irrigation","International Institute of Tropical Agriculture IITA","Public"
"Zambia",2023,"E0278","G244","L0133",2,0,122.6666667,40.88666667,53.33333333,"Mixed","Mixed",122.6666667,5,0,1,108.1133333,19.93333333,3040.206667,1,1,4,1,2,1,1,1,1,1,0,1,NA,NA,"12/2/2023","4/18/2024",-15.333,28.391,1174,"Irrigation","International Institute of Tropical Agriculture IITA","Public"
"Zambia",2023,"E0278","G245","L0133",2,0,105.6666667,35.22333333,56.33333333,"Purple","Tawny",127,4,0,1,86.88666667,16.66666667,3468.736667,1,1,3,1,1,1,1,1,1,1,0,1,NA,NA,"12/2/2023","4/25/2024",-15.333,28.391,1174,"Irrigation","International Institute of Tropical Agriculture IITA","Public"
"Zambia",2023,"E0278","G246","L0133",2,0,105.3333333,35.11,55.66666667,"White","Mixed",128.6666667,2,0,1,82.55666667,21.56666667,4551.646667,1,1,3,1,1,1,1,1,1,1,0,1,NA,NA,"12/2/2023","4/20/2024",-15.333,28.391,1174,"Irrigation","International Institute of Tropical Agriculture IITA","Public"
"Zambia",2023,"E0278","G263","L0133",2,0,76.33333333,25.44333333,58.33333333,"Purple","Grey",120,3,0,1,69.55333333,19.96666667,3821.84,1,1,2,1,1,1,1,1,1,1,0,1,NA,NA,"12/2/2023","4/13/2024",-15.333,28.391,1174,"Irrigation","International Institute of Tropical Agriculture IITA","Public"
"Zambia",2023,"E0278","G311","L0133",2,0,41.66666667,13.89,49,"Purple","Tawny",139,3,0,1,100.11,18.73333333,3020.996667,1,1,1,1,1,1,1,1,1,1,0,1,NA,NA,"12/2/2023","4/25/2024",-15.333,28.391,1174,"Irrigation","International Institute of Tropical Agriculture IITA","Public"
"Zambia",2023,"E0278","G315","L0133",2,0,94.66666667,31.55666667,61.66666667,"Purple","Tawny",141.3333333,4,0,1,97.22333333,18.26666667,2516.513333,1,1,1,1,1,1,1,1,1,1,0,1,NA,NA,"12/2/2023","4/25/2024",-15.333,28.391,1174,"Irrigation","International Institute of Tropical Agriculture IITA","Public"
"Zambia",2023,"E0278","G318","L0133",2,0,72.66666667,24.22,59.33333333,"Purple","Tawny",139,5,0,1,103.5566667,19.76666667,2658.886667,1,1,2,1,1,1,1,1,1,1,0,1,NA,NA,"12/2/2023","4/25/2024",-15.333,28.391,1174,"Irrigation","International Institute of Tropical Agriculture IITA","Public"
"Zambia",2023,"E0278","G319","L0133",2,0,64.66666667,21.55333333,57.66666667,"Purple","Tawny",136,5,0,1,100.7766667,18.86666667,2956.553333,1,1,2,1,1,1,1,1,1,1,0,1,NA,NA,"12/2/2023","4/25/2024",-15.333,28.391,1174,"Irrigation","International Institute of Tropical Agriculture IITA","Public"
"Zambia",2023,"E0278","G321","L0133",2,0,63.66666667,21.22166667,60.66666667,"Purple","Tawny",139.8333333,2,0,1,102.7233333,20.1,2772.355,1,1,2,1,1,1,1,1,1,2,0,1,NA,NA,"12/2/2023","5/3/2024",-15.333,28.391,1174,"Irrigation","International Institute of Tropical Agriculture IITA","Public"
"Zambia",2023,"E0278","G335","L0133",2,0,53.66666667,17.88666667,57.66666667,"Purple","Tawny",127.6666667,2,0,1,74.66333333,22.36666667,4049.733333,1,1,5,1,1,1,1,1,1,1,0,1,NA,NA,"12/2/2023","4/19/2024",-15.333,28.391,1174,"Irrigation","International Institute of Tropical Agriculture IITA","Public"
"Zambia",2023,"E0278","G359","L0133",2,0,84.66666667,28.22333333,58.66666667,"White","Grey",128.6666667,2,0,1,81.55333333,20.9,4511.8,1,1,2,1,1,1,1,1,1,1,0,1,NA,NA,"12/2/2023","4/19/2024",-15.333,28.391,1174,"Irrigation","International Institute of Tropical Agriculture IITA","Public"
"Zambia",2023,"E0278","G365","L0133",2,0,129.6666667,43.22333333,55.66666667,"Purple","Tawny",122.3333333,3,0,1.333333333,87.78,17.06666667,3356.663333,1,1,2,1,1,1,1,1,1,1,0,1,NA,NA,"12/2/2023","4/19/2024",-15.333,28.391,1174,"Irrigation","Department of Agricultural Research Services DARS","Public"
"Zambia",2023,"E0280","G056","L098",2,0,148.3333333,49.44333333,48.66666667,"Purple","Grey",108.3333333,1,0,2,65.44333333,14.03333333,2544.216667,0,0,0,0,0,0,0,0,0,0,0,0,NA,NA,"12/8/2023","4/9/2024",-15.301,28.306,1176,"Irrigation","ZamSeed","Private"
"Zambia",2023,"E0280","G057","L098",2,0,87,29.00333333,52,"Purple",NA,112,1,0,1,92.33333333,14.16666667,2422.366667,0,0,0,0,0,0,0,0,0,0,0,0,NA,NA,"12/8/2023","4/9/2024",-15.301,28.306,1176,"Irrigation","Klein Karoo Seed Marketing Zimbabwe K2 Seed","Private"
"Zambia",2023,"E0280","G072","L098",2,0,181.6666667,60.55666667,52.33333333,"Purple",NA,106.6666667,1,0,1,63.44333333,15.53333333,3318.79,0,0,0,0,0,0,0,0,0,0,0,0,NA,NA,"12/8/2023","4/9/2024",-15.301,28.306,1176,"Irrigation","Klein Karoo Seed Marketing Zimbabwe K2 Seed","Private"
"Zambia",2023,"E0280","G076","L098",2,0,139.3333333,46.44333333,45.66666667,"Purple",NA,105,1,0,1,54.66666667,18.96666667,2850.786667,0,0,0,0,0,0,0,0,0,0,0,0,NA,NA,"12/8/2023","4/9/2024",-15.301,28.306,1176,"Irrigation","Klein Karoo Seed Marketing Zimbabwe K2 Seed","Private"
"Zambia",2023,"E0280","G137","L098",2,0,248.6666667,82.89,45.66666667,"Purple",NA,104,1,0,1,76.33333333,17.16666667,4034.87,0,0,0,0,0,0,0,0,0,0,0,0,NA,NA,"12/8/2023","4/9/2024",-15.301,28.306,1176,"Irrigation","SeedCo","Private"
"Zambia",2023,"E0280","G143","L098",2,0,143,47.66666667,45,"White",NA,106.6666667,1,0,1,75.44666667,19.33333333,2876.056667,0,0,0,0,0,0,0,0,0,0,0,0,NA,NA,"12/8/2023","4/9/2024",-15.301,28.306,1176,"Irrigation","SeedCo","Private"
"Zambia",2023,"E0280","G146","L098",2,0,146,48.66666667,46,"Purple",NA,110,1,0,1,97.66666667,16.03333333,3231.46,0,0,0,0,0,0,0,0,0,0,0,0,NA,NA,"12/8/2023","4/24/2024",-15.301,28.306,1176,"Irrigation","SeedCo","Private"
"Zambia",2023,"E0280","G188","L098",2,0,110,36.66666667,45.33333333,"Purple",NA,107,1,0,1,77.22333333,13.2,3208.87,0,0,0,0,0,0,0,0,0,0,0,0,NA,NA,"12/8/2023","4/9/2024",-15.301,28.306,1176,"Irrigation","International Institute of Tropical Agriculture IITA","Public"
"Zambia",2023,"E0280","G194","L098",2,0,213,71,45.66666667,"Purple",NA,105.3333333,1,0,1,72.33333333,12.3,3194.5,0,0,0,0,0,0,0,0,0,0,0,0,NA,NA,"12/8/2023","4/8/2024",-15.301,28.306,1176,"Irrigation","International Institute of Tropical Agriculture IITA","Public"
"Zambia",2023,"E0280","G204","L098",2,0,156.3333333,52.11333333,46.33333333,"Purple",NA,105,1,0,1,70,12.9,2492.68,0,0,0,0,0,0,0,0,0,0,0,0,NA,NA,"12/8/2023","4/8/2024",-15.301,28.306,1176,"Irrigation","International Institute of Tropical Agriculture IITA","Public"
"Zambia",2023,"E0280","G214","L098",2,0,145.6666667,48.55666667,46.33333333,"Purple",NA,105.3333333,1,0,1,78.44333333,11.26666667,2893.45,0,0,0,0,0,0,0,0,0,0,0,0,NA,NA,"12/8/2023","4/9/2024",-15.301,28.306,1176,"Irrigation","International Institute of Tropical Agriculture IITA","Public"
"Zambia",2023,"E0280","G215","L098",2,0,143.6666667,47.89,45.66666667,"Purple",NA,107.3333333,1,0,1,80.89,13.56666667,3112.78,0,0,0,0,0,0,0,0,0,0,0,0,NA,NA,"12/8/2023","4/9/2024",-15.301,28.306,1176,"Irrigation","International Institute of Tropical Agriculture IITA","Public"
"Zambia",2023,"E0280","G216","L098",2,0,118.3333333,39.44666667,46.33333333,"White",NA,108,1,0,1,78.89,17.1,2772.773333,0,0,0,0,0,0,0,0,0,0,0,0,NA,NA,"12/8/2023","4/9/2024",-15.301,28.306,1176,"Irrigation","International Institute of Tropical Agriculture IITA","Public"
"Zambia",2023,"E0280","G219","L098",2,0,123.6666667,41.22,47.66666667,"White",NA,108,1,0,1,77.55666667,17.8,2749.336667,0,0,0,0,0,0,0,0,0,0,0,0,NA,NA,"12/8/2023","4/9/2024",-15.301,28.306,1176,"Irrigation","International Institute of Tropical Agriculture IITA","Public"
"Zambia",2023,"E0280","G233","L098",2,0,97,32.33333333,45.66666667,"White",NA,109.6666667,1,0,1,84.89,12.83333333,2829.856667,0,0,0,0,0,0,0,0,0,0,0,0,NA,NA,"12/8/2023","4/9/2024",-15.301,28.306,1176,"Irrigation","International Institute of Tropical Agriculture IITA","Public"
"Zambia",2023,"E0280","G235","L098",2,0,144.6666667,48.22333333,51.33333333,"Purple",NA,111.3333333,1,0,1,67.77666667,11.4,4702.03,0,0,0,0,0,0,0,0,0,0,0,0,NA,NA,"12/8/2023","4/9/2024",-15.301,28.306,1176,"Irrigation","International Institute of Tropical Agriculture IITA","Public"
"Zambia",2023,"E0280","G244","L098",2,0,167.3333333,55.78,47.66666667,"Purple",NA,106.3333333,1,0,1,87.77666667,14.66666667,3152.976667,0,0,0,0,0,0,0,0,0,0,0,0,NA,NA,"12/8/2023","4/8/2024",-15.301,28.306,1176,"Irrigation","International Institute of Tropical Agriculture IITA","Public"
"Zambia",2023,"E0280","G245","L098",2,0,190,63.33,57.33333333,"Purple",NA,107.6666667,1,0,1,72.89,11.36666667,3102.183333,0,0,0,0,0,0,0,0,0,0,0,0,NA,NA,"12/8/2023","4/8/2024",-15.301,28.306,1176,"Irrigation","International Institute of Tropical Agriculture IITA","Public"
"Zambia",2023,"E0280","G246","L098",2,0,103,34.33333333,46.66666667,"White",NA,110.6666667,1,0,1,82.11,14.23333333,2677.476667,0,0,0,0,0,0,0,0,0,0,0,0,NA,NA,"12/8/2023","4/8/2024",-15.301,28.306,1176,"Irrigation","International Institute of Tropical Agriculture IITA","Public"
"Zambia",2023,"E0280","G263","L098",2,0,177.6666667,59.22,54.66666667,"Purple",NA,105.6666667,1,0,1,87.89,14.93333333,3348.293333,0,0,0,0,0,0,0,0,0,0,0,0,NA,NA,"12/8/2023","4/9/2024",-15.301,28.306,1176,"Irrigation","International Institute of Tropical Agriculture IITA","Public"
"Zambia",2023,"E0280","G311","L098",2,0,109.3333333,36.44666667,45.66666667,"Purple",NA,114,1,0,1,78,12.46666667,2669.523333,0,0,0,0,0,0,0,0,0,0,0,0,NA,NA,"12/8/2023","4/24/2024",-15.301,28.306,1176,"Irrigation","International Institute of Tropical Agriculture IITA","Public"
"Zambia",2023,"E0280","G315","L098",2,0,109.6666667,36.55666667,56,"Purple",NA,106,1,0,1,67.22333333,15.33333333,2330.463333,0,0,0,0,0,0,0,0,0,0,0,0,NA,NA,"12/8/2023","4/24/2024",-15.301,28.306,1176,"Irrigation","International Institute of Tropical Agriculture IITA","Public"
"Zambia",2023,"E0280","G318","L098",2,0,143.3333333,47.78,53.33333333,"Purple",NA,112.6666667,1,0,1,85.55333333,13.63333333,3185.43,0,0,0,0,0,0,0,0,0,0,0,0,NA,NA,"12/8/2023","4/24/2024",-15.301,28.306,1176,"Irrigation","International Institute of Tropical Agriculture IITA","Public"
"Zambia",2023,"E0280","G319","L098",2,0,124.3333333,41.44333333,52,"Purple",NA,117,1,0,1,96.33333333,14.6,2808.176667,0,0,0,0,0,0,0,0,0,0,0,0,NA,NA,"12/8/2023","4/24/2024",-15.301,28.306,1176,"Irrigation","International Institute of Tropical Agriculture IITA","Public"
"Zambia",2023,"E0280","G321","L098",2,0,126.1666667,42.055,57.16666667,"Purple",NA,111.1666667,1,0,1,92.61333333,14.23333333,2674.153333,0,0,0,0,0,0,0,0,0,0,0,0,NA,NA,"12/8/2023","5/14/2024",-15.301,28.306,1176,"Irrigation","International Institute of Tropical Agriculture IITA","Public"
"Zambia",2023,"E0280","G323","L098",2,0,56,18.66666667,56.33333333,"Purple",NA,110,1,0,1,79.89,15.9,2023.416667,0,0,0,0,0,0,0,0,0,0,0,0,NA,NA,"12/8/2023","4/24/2024",-15.301,28.306,1176,"Irrigation","International Institute of Tropical Agriculture IITA","Public"
"Zambia",2023,"E0280","G335","L098",2,0,103.6666667,34.55666667,51.33333333,"Purple",NA,107,1,0,1,85,16.4,3376.963333,0,0,0,0,0,0,0,0,0,0,0,0,NA,NA,"12/8/2023","4/9/2024",-15.301,28.306,1176,"Irrigation","International Institute of Tropical Agriculture IITA","Public"
"Zambia",2023,"E0280","G359","L098",2,0,133.6666667,44.55666667,51,"White",NA,108,1,0,1,78.22333333,15.2,3687.48,0,0,0,0,0,0,0,0,0,0,0,0,NA,NA,"12/8/2023","4/24/2024",-15.301,28.306,1176,"Irrigation","International Institute of Tropical Agriculture IITA","Public"
"Zambia",2023,"E0280","G365","L098",2,0,149.3333333,49.78,45,"Purple",NA,106.3333333,1,0,1,80.44666667,13.36666667,3173.566667,0,0,0,0,0,0,0,0,0,0,0,0,NA,NA,"12/8/2023","4/9/2024",-15.301,28.306,1176,"Irrigation","Department of Agricultural Research Services DARS","Public"
"Zambia",2023,"E0284","G056","L0135",2,0,0,0,41.66666667,"Purple",NA,112.3333333,1,0,1,92.8,12.66666667,4277.38,0,0,0,0,0,0,0,0,0,0,0,0,NA,NA,"12/20/2023","4/28/2024",-15.29,28.299,1187,"Supplementary","ZamSeed","Private"
"Zambia",2023,"E0284","G057","L0135",2,0,0,0,44,"Purple",NA,124.3333333,1,0,1,100.3333333,16.66666667,3423.266667,0,0,0,0,0,0,0,0,0,0,0,0,NA,NA,"12/20/2023","5/8/2024",-15.29,28.299,1187,"Supplementary","Klein Karoo Seed Marketing Zimbabwe K2 Seed","Private"
"Zambia",2023,"E0284","G072","L0135",2,0,0,0,46,"Purple",NA,116.3333333,1,0,1,77.13333333,17,4849.436667,0,0,0,0,0,0,0,0,0,0,0,0,NA,NA,"12/20/2023","5/3/2024",-15.29,28.299,1187,"Supplementary","Klein Karoo Seed Marketing Zimbabwe K2 Seed","Private"
"Zambia",2023,"E0284","G076","L0135",2,0,0,0,42.33333333,"Purple",NA,111.3333333,1,0,1,58.13333333,19,4074.416667,0,0,0,0,0,0,0,0,0,0,0,0,NA,NA,"12/20/2023","4/28/2024",-15.29,28.299,1187,"Supplementary","Klein Karoo Seed Marketing Zimbabwe K2 Seed","Private"
"Zambia",2023,"E0284","G137","L0135",2,0,0,0,43.66666667,"Purple",NA,110,1,0,1,88.93333333,16,4563.093333,0,0,0,0,0,0,0,0,0,0,0,0,NA,NA,"12/20/2023","4/28/2024",-15.29,28.299,1187,"Supplementary","SeedCo","Private"
"Zambia",2023,"E0284","G143","L0135",2,0,0,0,42.66666667,"White",NA,117.3333333,1,0,1,88.26666667,22,3917.356667,0,0,0,0,0,0,0,0,0,0,0,0,NA,NA,"12/20/2023","5/10/2024",-15.29,28.299,1187,"Supplementary","SeedCo","Private"
"Zambia",2023,"E0284","G146","L0135",2,0,0,0,42,"Purple",NA,126,1,0,1,113,17,3583.753333,0,0,0,0,0,0,0,0,0,0,0,0,NA,NA,"12/20/2023","5/10/2024",-15.29,28.299,1187,"Supplementary","SeedCo","Private"
"Zambia",2023,"E0284","G188","L0135",2,0,0,0,45,"Purple",NA,114.3333333,3,0,1,96.53333333,13.33333333,4062.763333,0,0,0,0,0,0,0,0,0,0,0,0,NA,NA,"12/20/2023","5/30/2024",-15.29,28.299,1187,"Supplementary","International Institute of Tropical Agriculture IITA","Public"
"Zambia",2023,"E0284","G194","L0135",2,0,0,0,45.33333333,"Purple",NA,119,3,0,1,90.8,12,3904.133333,0,0,0,0,0,0,0,0,0,0,0,0,NA,NA,"12/20/2023","5/4/2024",-15.29,28.299,1187,"Supplementary","International Institute of Tropical Agriculture IITA","Public"
"Zambia",2023,"E0284","G198","L0135",2,0,0,0,49,"Purple",NA,139.3333333,2,0,1,102.9333333,16.66666667,2452.073333,0,0,0,0,0,0,0,0,0,0,0,0,NA,NA,"12/20/2023","5/24/2024",-15.29,28.299,1187,"Supplementary","International Institute of Tropical Agriculture IITA","Public"
"Zambia",2023,"E0284","G204","L0135",2,0,0,0,48.33333333,"Purple",NA,125.3333333,3,0,1,88.33333333,15,2719.703333,0,0,0,0,0,0,0,0,0,0,0,0,NA,NA,"12/20/2023","5/3/2024",-15.29,28.299,1187,"Supplementary","International Institute of Tropical Agriculture IITA","Public"
"Zambia",2023,"E0284","G214","L0135",2,0,0,0,42.66666667,"Purple",NA,120.3333333,5,0,1,90.06666667,13,3261.06,0,0,0,0,0,0,0,0,0,0,0,0,NA,NA,"12/20/2023","5/8/2024",-15.29,28.299,1187,"Supplementary","International Institute of Tropical Agriculture IITA","Public"
"Zambia",2023,"E0284","G215","L0135",2,0,0,0,49,"Purple",NA,121.3333333,2,0,1.666666667,97.46666667,15.66666667,3537.676667,0,0,0,0,0,0,0,0,0,0,0,0,NA,NA,"12/20/2023","5/3/2024",-15.29,28.299,1187,"Supplementary","International Institute of Tropical Agriculture IITA","Public"
"Zambia",2023,"E0284","G216","L0135",2,0,0,0,42,"White",NA,122,1,0,1,95.33333333,19,4322.026667,0,0,0,0,0,0,0,0,0,0,0,0,NA,NA,"12/20/2023","5/4/2024",-15.29,28.299,1187,"Supplementary","International Institute of Tropical Agriculture IITA","Public"
"Zambia",2023,"E0284","G219","L0135",2,0,0,0,44.66666667,"White",NA,118,1,0,1,89,21.66666667,4065.953333,0,0,0,0,0,0,0,0,0,0,0,0,NA,NA,"12/20/2023","5/4/2024",-15.29,28.299,1187,"Supplementary","International Institute of Tropical Agriculture IITA","Public"
"Zambia",2023,"E0284","G233","L0135",2,0,0,0,38.66666667,"White",NA,120.3333333,2,0,1,97.93333333,13.33333333,3928.61,0,0,0,0,0,0,0,0,0,0,0,0,NA,NA,"12/20/2023","5/8/2024",-15.29,28.299,1187,"Supplementary","International Institute of Tropical Agriculture IITA","Public"
"Zambia",2023,"E0284","G235","L0135",2,0,0,0,44,"Purple",NA,122,3,0,1,95.8,13.66666667,3171.386667,0,0,0,0,0,0,0,0,0,0,0,0,NA,NA,"12/20/2023","5/12/2024",-15.29,28.299,1187,"Supplementary","International Institute of Tropical Agriculture IITA","Public"
"Zambia",2023,"E0284","G244","L0135",2,0,0,0,46,"Purple",NA,114.6666667,3,0,1,96,14,3802.013333,0,0,0,0,0,0,0,0,0,0,0,0,NA,NA,"12/20/2023","5/3/2024",-15.29,28.299,1187,"Supplementary","International Institute of Tropical Agriculture IITA","Public"
"Zambia",2023,"E0284","G245","L0135",2,0,0,0,47.33333333,"Purple",NA,122,5,0,1,85.3,11.66666667,3105.983333,0,0,0,0,0,0,0,0,0,0,0,0,NA,NA,"12/20/2023","5/12/2024",-15.29,28.299,1187,"Supplementary","International Institute of Tropical Agriculture IITA","Public"
"Zambia",2023,"E0284","G246","L0135",2,0,0,0,48.33333333,"White",NA,128,2,0,1,90.2,17.33333333,3795.896667,0,0,0,0,0,0,0,0,0,0,0,0,NA,NA,"12/20/2023","5/14/2024",-15.29,28.299,1187,"Supplementary","International Institute of Tropical Agriculture IITA","Public"
"Zambia",2023,"E0284","G263","L0135",2,0,0,0,44.66666667,"Purple",NA,112.6666667,3,0,1,85.33333333,15.66666667,4051.51,0,0,0,0,0,0,0,0,0,0,0,0,NA,NA,"12/20/2023","5/3/2024",-15.29,28.299,1187,"Supplementary","International Institute of Tropical Agriculture IITA","Public"
"Zambia",2023,"E0284","G311","L0135",2,0,0,0,53,"Purple",NA,132.6666667,4,0,1,101.9333333,14.33333333,2844.12,0,0,0,0,0,0,0,0,0,0,0,0,NA,NA,"12/20/2023","5/20/2024",-15.29,28.299,1187,"Supplementary","International Institute of Tropical Agriculture IITA","Public"
"Zambia",2023,"E0284","G315","L0135",2,0,0,0,51,"Purple",NA,138.3333333,5,0,1,96.23333333,13.33333333,2600.886667,0,0,0,0,0,0,0,0,0,0,0,0,NA,NA,"12/20/2023","5/28/2024",-15.29,28.299,1187,"Supplementary","International Institute of Tropical Agriculture IITA","Public"
"Zambia",2023,"E0284","G318","L0135",2,0,0,0,52.66666667,"Purple",NA,142,3,0,1,99.86666667,15,2932.626667,0,0,0,0,0,0,0,0,0,0,0,0,NA,NA,"12/20/2023","5/28/2024",-15.29,28.299,1187,"Supplementary","International Institute of Tropical Agriculture IITA","Public"
"Zambia",2023,"E0284","G319","L0135",2,0,0,0,55.33333333,"Purple",NA,141,5,0,1,95.83333333,15,2523.336667,0,0,0,0,0,0,0,0,0,0,0,0,NA,NA,"12/20/2023","5/28/2024",-15.29,28.299,1187,"Supplementary","International Institute of Tropical Agriculture IITA","Public"
"Zambia",2023,"E0284","G321","L0135",2,0,0,0,55.66666667,"Purple",NA,148.5,5,0,1,107.3666667,15.16666667,2129.093333,0,0,0,0,0,0,0,0,0,0,0,0,NA,NA,"12/20/2023","6/3/2024",-15.29,28.299,1187,"Supplementary","International Institute of Tropical Agriculture IITA","Public"
"Zambia",2023,"E0284","G335","L0135",2,0,0,0,44.33333333,"Purple",NA,120.6666667,1,0,1,93.06666667,16.66666667,3745.553333,0,0,0,0,0,0,0,0,0,0,0,0,NA,NA,"12/20/2023","5/4/2024",-15.29,28.299,1187,"Supplementary","International Institute of Tropical Agriculture IITA","Public"
"Zambia",2023,"E0284","G359","L0135",2,0,0,0,46.33333333,"White",NA,124,2,0,1,82.66666667,14,3510.143333,0,0,0,0,0,0,0,0,0,0,0,0,NA,NA,"12/20/2023","5/8/2024",-15.29,28.299,1187,"Supplementary","International Institute of Tropical Agriculture IITA","Public"
"Zambia",2023,"E0284","G365","L0135",2,0,0,0,41.33333333,"Purple",NA,112,1,0,1,57.4,22,3871.503333,0,0,0,0,0,0,0,0,0,0,0,0,NA,NA,"12/20/2023","4/28/2024",-15.29,28.299,1187,"Supplementary","Department of Agricultural Research Services DARS","Public"
"Zambia",2023,"E0279","G056","L0134",2,0,123.3333333,41.11,44,"Purple","Grey",109,1,0,1,82,21,4622.76,1,1,1,1,1,1,1,1,1,1,0,1,NA,NA,"12/22/2023","3/5/2024",-13.879,29.106,1163,"Supplementary","ZamSeed","Private"
"Zambia",2023,"E0279","G057","L0134",2,0,224.3333333,74.77666667,44,"Purple","Mixed",114,2,0,1,105.5566667,16.66666667,6632.53,1,1,1,1,1,1,1,1,1,1,0,1,NA,NA,"12/22/2023","3/5/2024",-13.879,29.106,1163,"Supplementary","Klein Karoo Seed Marketing Zimbabwe K2 Seed","Private"
"Zambia",2023,"E0279","G072","L0134",2,0,102.6666667,34.22,41,"Purple","Tawny",113.6666667,1,0,1,72.77666667,25,4907.973333,1,1,1,1,1,1,1,1,1,1,0,1,NA,NA,"12/22/2023","4/5/2024",-13.879,29.106,1163,"Supplementary","Klein Karoo Seed Marketing Zimbabwe K2 Seed","Private"
"Zambia",2023,"E0279","G076","L0134",2,0,126.3333333,42.11,42,"Purple","Mixed",112.3333333,1,0,1,55.44333333,28,4774.636667,1,1,1,1,1,1,1,1,1,1,0,1,NA,NA,"12/22/2023","3/5/2024",-13.879,29.106,1163,"Supplementary","Klein Karoo Seed Marketing Zimbabwe K2 Seed","Private"
"Zambia",2023,"E0279","G137","L0134",2,0,136.6666667,45.55333333,42,"Purple","Grey",109,2,0,1,89.77666667,20.66666667,6570.803333,1,1,1,1,1,1,1,1,1,1,0,1,NA,NA,"12/22/2023","3/5/2024",-13.879,29.106,1163,"Supplementary","SeedCo","Private"
"Zambia",2023,"E0279","G143","L0134",2,0,152.6666667,50.89,40,"White","Tawny",107.6666667,1,0,1,81.77666667,25.66666667,5112.566667,1,1,1,1,1,1,1,1,1,1,0,1,NA,NA,"12/22/2023","3/5/2024",-13.879,29.106,1163,"Supplementary","SeedCo","Private"
"Zambia",2023,"E0279","G146","L0134",2,0,143.6666667,47.89,42,"Purple","Tawny",114,1,0,1,106.6666667,21.66666667,5697.316667,1,1,1,1,1,1,1,1,1,1,0,1,NA,NA,"12/22/2023","3/5/2024",-13.879,29.106,1163,"Supplementary","SeedCo","Private"
"Zambia",2023,"E0279","G188","L0134",2,0,190.3333333,63.44666667,42,"Purple","Tawny",100,4,0,1,91,17.33333333,4407.353333,1,1,1,1,1,1,1,1,1,1,0,1,NA,NA,"12/22/2023","4/30/2024",-13.879,29.106,1163,"Supplementary","International Institute of Tropical Agriculture IITA","Public"
"Zambia",2023,"E0279","G194","L0134",2,0,247,82.33333333,43,"Purple","Tawny",102,4,0,1,86.88666667,15,4637.623333,1,1,1,1,1,1,1,1,1,1,0,1,NA,NA,"12/22/2023","4/30/2024",-13.879,29.106,1163,"Supplementary","International Institute of Tropical Agriculture IITA","Public"
"Zambia",2023,"E0279","G198","L0134",2,0,116.3333333,38.77666667,44,"Mixed","Mixed",109.3333333,1,0,1,79.66666667,25,5093.64,1,1,1,1,1,1,3,1,1,1,0,1,NA,NA,"12/22/2023","3/5/2024",-13.879,29.106,1163,"Supplementary","International Institute of Tropical Agriculture IITA","Public"
"Zambia",2023,"E0279","G204","L0134",2,0,187,62.33333333,47,"Purple","Grey",100,3,0,1,77.55666667,18.66666667,3337.7,1,1,1,1,1,1,1,1,1,1,0,1,NA,NA,"12/22/2023","4/25/2024",-13.879,29.106,1163,"Supplementary","International Institute of Tropical Agriculture IITA","Public"
"Zambia",2023,"E0279","G214","L0134",2,0,243,81,47,"Mixed","Tawny",102,5,0,1,82.99666667,16.66666667,4258.85,1,1,1,1,1,1,1,1,1,1,0,1,NA,NA,"12/22/2023","4/25/2024",-13.879,29.106,1163,"Supplementary","International Institute of Tropical Agriculture IITA","Public"
"Zambia",2023,"E0279","G215","L0134",2,0,136,45.33666667,46,"Purple","Tawny",103,2,0,1,90,21,3407.893333,1,1,1,1,1,1,1,1,1,1,0,1,NA,NA,"12/22/2023","4/30/2024",-13.879,29.106,1163,"Supplementary","International Institute of Tropical Agriculture IITA","Public"
"Zambia",2023,"E0279","G216","L0134",2,0,181.3333333,60.44666667,41,"White","Tawny",109.3333333,1,0,1,80.55666667,18.33333333,4695.86,1,1,1,1,1,1,3,1,1,1,0,1,NA,NA,"12/22/2023","3/5/2024",-13.879,29.106,1163,"Supplementary","International Institute of Tropical Agriculture IITA","Public"
"Zambia",2023,"E0279","G219","L0134",2,0,121,40.33333333,45,"Mixed","Mixed",107.3333333,2,0,1,86.44333333,22.33333333,5461.686667,1,1,1,1,1,1,3,1,1,1,0,1,NA,NA,"12/22/2023","3/5/2024",-13.879,29.106,1163,"Supplementary","International Institute of Tropical Agriculture IITA","Public"
"Zambia",2023,"E0279","G233","L0134",2,0,116,38.67,40,"White","Tawny",111,5,0,1,79.77666667,19.33333333,3784.37,1,1,1,2,1,1,1,1,1,1,0,1,NA,NA,"12/22/2023","3/5/2024",-13.879,29.106,1163,"Supplementary","International Institute of Tropical Agriculture IITA","Public"
"Zambia",2023,"E0279","G235","L0134",2,0,162.3333333,54.11333333,47,"Purple","Mixed",110.6666667,1,0,1,81.55666667,19.66666667,5408.43,1,1,1,1,1,1,1,1,1,1,0,1,NA,NA,"12/22/2023","3/5/2024",-13.879,29.106,1163,"Supplementary","International Institute of Tropical Agriculture IITA","Public"
"Zambia",2023,"E0279","G244","L0134",2,0,221.3333333,73.78,43,"Mixed","Grey",102,3,0,1,89.55333333,17.33333333,3839.08,1,1,1,1,1,1,1,1,1,1,0,1,NA,NA,"12/22/2023","4/30/2024",-13.879,29.106,1163,"Supplementary","International Institute of Tropical Agriculture IITA","Public"
"Zambia",2023,"E0279","G245","L0134",2,0,199,66.33666667,45,"Purple","Tawny",101,5,0,1,85,17.66666667,4503.22,1,1,1,1,1,1,1,1,1,1,0,1,NA,NA,"12/22/2023","4/30/2024",-13.879,29.106,1163,"Supplementary","International Institute of Tropical Agriculture IITA","Public"
"Zambia",2023,"E0279","G246","L0134",2,0,150.6666667,50.22,48,"White","Grey",109,2,0,1,89.00333333,20,5104.75,1,1,1,1,1,1,1,1,1,1,0,1,NA,NA,"12/22/2023","3/5/2024",-13.879,29.106,1163,"Supplementary","International Institute of Tropical Agriculture IITA","Public"
"Zambia",2023,"E0279","G263","L0134",2,0,159.3333333,53.11,44,"Purple","Grey",100,2,0,1.333333333,85.77666667,17,3621.456667,1,1,1,1,1,1,1,1,1,1,0,1,NA,NA,"12/22/2023","4/25/2024",-13.879,29.106,1163,"Supplementary","International Institute of Tropical Agriculture IITA","Public"
"Zambia",2023,"E0279","G311","L0134",2,0,174.6666667,58.22,46,"Purple","Tawny",114,3,0,1,95.89,17.33333333,5326.053333,1,1,1,1,1,1,1,1,1,1,0,1,NA,NA,"12/22/2023","3/5/2024",-13.879,29.106,1163,"Supplementary","International Institute of Tropical Agriculture IITA","Public"
"Zambia",2023,"E0279","G315","L0134",2,0,191,63.66666667,45,"Purple","Tawny",113.3333333,3,0,1,81.55666667,19,4635.936667,1,1,1,1,1,1,1,1,1,1,0,1,NA,NA,"12/22/2023","3/5/2024",-13.879,29.106,1163,"Supplementary","International Institute of Tropical Agriculture IITA","Public"
"Zambia",2023,"E0279","G318","L0134",2,0,163.6666667,54.55333333,48,"Purple","Tawny",110.6666667,1,0,1,98.89,18.33333333,5494.333333,1,1,1,1,1,1,1,1,1,1,0,1,NA,NA,"12/22/2023","3/5/2024",-13.879,29.106,1163,"Supplementary","International Institute of Tropical Agriculture IITA","Public"
"Zambia",2023,"E0279","G319","L0134",2,0,110.3333333,36.78,47,"Purple","Tawny",112,2,0,1,93,22.66666667,4643.756667,1,1,1,1,1,1,1,1,1,1,0,1,NA,NA,"12/22/2023","4/5/2024",-13.879,29.106,1163,"Supplementary","International Institute of Tropical Agriculture IITA","Public"
"Zambia",2023,"E0279","G321","L0134",2,0,161.1666667,53.72166667,46,"Purple","Tawny",114.5,3,0,1,95.61,16.83333333,3929.884,1,1,1,1,1,1,1,1,1,1,0,1,NA,NA,"12/22/2023","3/5/2024",-13.879,29.106,1163,"Supplementary","International Institute of Tropical Agriculture IITA","Public"
"Zambia",2023,"E0279","G335","L0134",2,0,151.3333333,50.44333333,45,"Purple","Tawny",111.6666667,1,0,1,84.77666667,20,5626.82,1,1,1,1,1,1,1,1,1,1,0,1,NA,NA,"12/22/2023","3/5/2024",-13.879,29.106,1163,"Supplementary","International Institute of Tropical Agriculture IITA","Public"
"Zambia",2023,"E0279","G359","L0134",2,0,163,54.33333333,47,"White","Grey",109.3333333,2,0,1,88.44333333,19.66666667,5052.646667,1,1,1,1,1,1,1,1,1,1,0,1,NA,NA,"12/22/2023","4/5/2024",-13.879,29.106,1163,"Supplementary","International Institute of Tropical Agriculture IITA","Public"
"Zambia",2023,"E0279","G365","L0134",2,0,188.6666667,62.89,41,"Purple","Tawny",102,3,0,1,94.89,16.33333333,4482.606667,1,1,1,1,1,1,1,1,1,1,0,1,NA,NA,"12/22/2023","4/30/2024",-13.879,29.106,1163,"Supplementary","Department of Agricultural Research Services DARS","Public"
"Malawi",2023,"E0272","G056","L017",2,0,143,47.66666667,41.33333333,"Purple","Grey",109,4,0,2,40.89,13.79666667,2070.46,1,1,1,1,1,1,1,1,1,1,0,1,NA,NA,"1/2/2024","5/1/2024",-13.631,32.544,1004,"Rainfed","ZamSeed","Private"
"Malawi",2023,"E0272","G057","L017",2,0,159.6666667,53.22333333,45,"Purple","Grey",108,2,0,1,44.11333333,19.58666667,2278.86,1,1,1,1,1,1,1,1,1,1,0,1,NA,NA,"1/2/2024","5/1/2024",-13.631,32.544,1004,"Rainfed","Klein Karoo Seed Marketing Zimbabwe K2 Seed","Private"
"Malawi",2023,"E0272","G072","L017",2,0,154.3333333,51.44333333,41.33333333,"Purple","Grey",109,2,0,1.666666667,44.78,17.89666667,1743.163333,1,1,1,1,1,1,1,1,1,1,0,1,NA,NA,"1/2/2024","5/1/2024",-13.631,32.544,1004,"Rainfed","Klein Karoo Seed Marketing Zimbabwe K2 Seed","Private"
"Malawi",2023,"E0272","G076","L017",2,0,143.6666667,47.88666667,40.33333333,"Purple","Grey",110,1,0,1.333333333,37.44333333,20.90666667,2359.743333,1,1,1,1,1,1,1,1,1,1,0,1,NA,NA,"1/2/2024","5/1/2024",-13.631,32.544,1004,"Rainfed","Klein Karoo Seed Marketing Zimbabwe K2 Seed","Private"
"Malawi",2023,"E0272","G137","L017",2,0,150,50.00333333,41,"Purple","Grey",108,1,0,1,34.66666667,15.55333333,2308.706667,1,1,1,1,1,1,1,1,1,1,0,1,NA,NA,"1/2/2024","5/1/2024",-13.631,32.544,1004,"Rainfed","SeedCo","Private"
"Malawi",2023,"E0272","G143","L017",2,0,169.3333333,56.44333333,44,"White","Tawny",111,1,0,1,54.55666667,20.6,2459.326667,1,1,1,1,1,1,1,1,1,1,0,1,NA,NA,"1/2/2024","5/1/2024",-13.631,32.544,1004,"Rainfed","SeedCo","Private"
"Malawi",2023,"E0272","G146","L017",2,0,133.3333333,44.44333333,42,"Purple","Tawny",111,3,0,1,47.11333333,16.78,2313.7,1,1,1,1,1,1,1,1,1,1,0,1,NA,NA,"1/2/2024","5/1/2024",-13.631,32.544,1004,"Rainfed","SeedCo","Private"
"Malawi",2023,"E0272","G188","L017",2,0,203.3333333,67.78,47.33333333,"Purple","Tawny",108,1,0,2.666666667,46.77666667,11.65,1899.62,1,1,1,1,1,1,1,1,1,1,0,1,NA,NA,"1/2/2024","5/1/2024",-13.631,32.544,1004,"Rainfed","International Institute of Tropical Agriculture IITA","Public"
"Malawi",2023,"E0272","G194","L017",2,0,117.6666667,39.22333333,68,"Purple","Tawny",108,4,0,1,48.89,12.32333333,2225.796667,1,1,1,1,1,1,1,1,1,1,0,1,NA,NA,"1/2/2024","5/1/2024",-13.631,32.544,1004,"Rainfed","International Institute of Tropical Agriculture IITA","Public"
"Malawi",2023,"E0272","G198","L017",2,0,191.3333333,63.77666667,47.33333333,"Purple","Tawny",111,1,0,1.666666667,58.77666667,14.09333333,1995.613333,1,1,1,1,1,1,1,1,1,1,0,1,NA,NA,"1/2/2024","5/1/2024",-13.631,32.544,1004,"Rainfed","International Institute of Tropical Agriculture IITA","Public"
"Malawi",2023,"E0272","G204","L017",2,0,152.3333333,50.77666667,47.33333333,"Purple","Grey",108,1,0,1,44.78,13.40333333,1747.446667,1,1,1,1,1,1,1,1,1,1,0,1,NA,NA,"1/2/2024","5/1/2024",-13.631,32.544,1004,"Rainfed","International Institute of Tropical Agriculture IITA","Public"
"Malawi",2023,"E0272","G214","L017",2,0,207,69.00333333,45,"Purple","Tawny",111,2,0,1,49.77666667,11.74333333,2275.443333,1,1,1,1,1,1,1,1,1,1,0,1,NA,NA,"1/2/2024","5/1/2024",-13.631,32.544,1004,"Rainfed","International Institute of Tropical Agriculture IITA","Public"
"Malawi",2023,"E0272","G215","L017",2,0,111.3333333,37.11,47.33333333,"Purple","Tawny",111,4,0,2,52.78,15.04666667,1706,1,1,1,1,1,1,1,1,1,1,0,1,NA,NA,"1/2/2024","5/1/2024",-13.631,32.544,1004,"Rainfed","International Institute of Tropical Agriculture IITA","Public"
"Malawi",2023,"E0272","G216","L017",2,0,145.6666667,48.55666667,45,"White","Tawny",111,3,0,1.333333333,45.89,19.22666667,2290.853333,1,1,1,1,1,1,1,1,1,1,0,1,NA,NA,"1/2/2024","5/1/2024",-13.631,32.544,1004,"Rainfed","International Institute of Tropical Agriculture IITA","Public"
"Malawi",2023,"E0272","G219","L017",2,0,144,48,43,"White","Tawny",111,1,0,1,46.77666667,20.37333333,2148.283333,1,1,1,1,1,1,1,1,1,1,0,1,NA,NA,"1/2/2024","5/1/2024",-13.631,32.544,1004,"Rainfed","International Institute of Tropical Agriculture IITA","Public"
"Malawi",2023,"E0272","G233","L017",2,0,145.6666667,48.55666667,43.66666667,"White","Tawny",114,1,0,1,54.22333333,14.96333333,2307.286667,1,1,1,1,1,1,1,1,1,1,0,1,NA,NA,"1/2/2024","5/1/2024",-13.631,32.544,1004,"Rainfed","International Institute of Tropical Agriculture IITA","Public"
"Malawi",2023,"E0272","G235","L017",2,0,144.6666667,48.22333333,44.33333333,"Purple","Grey",108,2,0,1.666666667,40.66666667,36.20666667,1572.743333,1,1,1,1,1,1,1,1,1,1,0,1,NA,NA,"1/2/2024","5/1/2024",-13.631,32.544,1004,"Rainfed","International Institute of Tropical Agriculture IITA","Public"
"Malawi",2023,"E0272","G244","L017",2,0,132,44.00333333,43,"Purple","Tawny",111,2,0,2,59.66333333,14.26666667,2049.16,1,1,1,1,1,1,1,1,1,1,0,1,NA,NA,"1/2/2024","5/1/2024",-13.631,32.544,1004,"Rainfed","International Institute of Tropical Agriculture IITA","Public"
"Malawi",2023,"E0272","G245","L017",2,0,143.3333333,47.77666667,45.33333333,"Purple","Tawny",108,2,0,1.333333333,68.99666667,11.33666667,2440.106667,1,1,1,1,1,1,1,1,1,1,0,1,NA,NA,"1/2/2024","5/1/2024",-13.631,32.544,1004,"Rainfed","International Institute of Tropical Agriculture IITA","Public"
"Malawi",2023,"E0272","G246","L017",2,0,173.6666667,57.89,46.66666667,"White","Grey",109,2,0,1.333333333,41.55666667,15.61666667,2228.776667,1,1,1,1,1,1,1,1,1,1,0,1,NA,NA,"1/2/2024","5/1/2024",-13.631,32.544,1004,"Rainfed","International Institute of Tropical Agriculture IITA","Public"
"Malawi",2023,"E0272","G263","L017",2,0,132.3333333,44.11333333,48.66666667,"Purple","Grey",108,2,0,1,37.22333333,14.15666667,2359.363333,1,1,1,1,1,1,1,1,1,1,0,1,NA,NA,"1/2/2024","5/1/2024",-13.631,32.544,1004,"Rainfed","International Institute of Tropical Agriculture IITA","Public"
"Malawi",2023,"E0272","G311","L017",2,0,118.3333333,39.44333333,48,"Purple","Tawny",113,1,0,1,52.89,14.02,2233.383333,1,1,1,1,1,1,1,1,1,1,0,1,NA,NA,"1/2/2024","5/1/2024",-13.631,32.544,1004,"Rainfed","International Institute of Tropical Agriculture IITA","Public"
"Malawi",2023,"E0272","G315","L017",2,0,173.3333333,57.77666667,48,"Purple","Tawny",112,1,0,1,56.88666667,15.39333333,2587.91,1,1,1,1,1,1,1,1,1,1,0,1,NA,NA,"1/2/2024","5/1/2024",-13.631,32.544,1004,"Rainfed","International Institute of Tropical Agriculture IITA","Public"
"Malawi",2023,"E0272","G318","L017",2,0,168.3333333,56.11,46.33333333,"Purple","Tawny",108,1,0,1,51.55666667,16.19333333,1790.5,1,1,1,1,1,1,1,1,1,1,0,1,NA,NA,"1/2/2024","5/1/2024",-13.631,32.544,1004,"Rainfed","International Institute of Tropical Agriculture IITA","Public"
"Malawi",2023,"E0272","G319","L017",2,0,145.6666667,48.55666667,47.33333333,"Purple","Tawny",111,1,0,1,57,15.77333333,2567.813333,1,1,1,1,1,1,1,1,1,1,0,1,NA,NA,"1/2/2024","5/1/2024",-13.631,32.544,1004,"Rainfed","International Institute of Tropical Agriculture IITA","Public"
"Malawi",2023,"E0272","G321","L017",2,0,156.8333333,52.27833333,51.5,"Purple","Tawny",111.5,1,0,1.5,59.38666667,15.345,2522.246667,1,1,1,1,1,1,1,1,1,1,0,1,NA,NA,"1/2/2024","5/1/2024",-13.631,32.544,1004,"Rainfed","International Institute of Tropical Agriculture IITA","Public"
"Malawi",2023,"E0272","G335","L017",2,0,135,45.00333333,43,"Purple","Grey",109,2,0,1.333333333,53.55666667,14.84666667,1989.286667,1,1,1,1,1,1,1,1,1,1,0,1,NA,NA,"1/2/2024","5/1/2024",-13.631,32.544,1004,"Rainfed","International Institute of Tropical Agriculture IITA","Public"
"Malawi",2023,"E0272","G359","L017",2,0,152,50.66666667,46.66666667,"White","Grey",108,3,0,1.333333333,47.89,14.09333333,2439.343333,1,1,1,1,1,1,1,1,1,1,0,1,NA,NA,"1/2/2024","5/1/2024",-13.631,32.544,1004,"Rainfed","International Institute of Tropical Agriculture IITA","Public"
"Malawi",2023,"E0272","G365","L017",2,0,92.66666667,30.88666667,39.66666667,"Purple","Grey",108,4,0,1.666666667,41.11333333,20.36666667,1679.733333,1,1,1,1,1,1,1,1,1,1,0,1,NA,NA,"1/2/2024","5/1/2024",-13.631,32.544,1004,"Rainfed","Department of Agricultural Research Services DARS","Public"
"Malawi",2023,"E0275","G056","L0132",2,0,115.3333333,38.44333333,41.66666667,"Purple","Grey",97,1,0,2.333333333,25.44666667,11,1200.24,1,1,1,1,2,1,1,1,1,1,0,1,NA,NA,"2/13/2024","6/1/2024",-13.628,34.394,475,"Irrigation","ZamSeed","Private"
"Malawi",2023,"E0275","G057","L0132",2,0,87.66666667,29.22,42.33333333,"Purple","Grey",97,1,0,1,30.22,15.66666667,1579.936667,1,1,1,1,2,1,1,1,1,1,0,1,NA,NA,"2/13/2024","6/1/2024",-13.628,34.394,475,"Irrigation","Klein Karoo Seed Marketing Zimbabwe K2 Seed","Private"
"Malawi",2023,"E0275","G072","L0132",2,0,112.3333333,37.44666667,43.33333333,"Purple","Grey",97,1,0,1,26.22333333,15,794.7766667,1,1,1,1,1,1,1,1,1,5,0,1,NA,NA,"2/13/2024","6/1/2024",-13.628,34.394,475,"Irrigation","Klein Karoo Seed Marketing Zimbabwe K2 Seed","Private"
"Malawi",2023,"E0275","G076","L0132",2,0,63.66666667,21.22333333,44,"Purple","Grey",103,1,0,1,23.66666667,20,893.1233333,1,1,1,1,5,1,1,1,3,1,0,1,NA,NA,"2/13/2024","6/1/2024",-13.628,34.394,475,"Irrigation","Klein Karoo Seed Marketing Zimbabwe K2 Seed","Private"
"Malawi",2023,"E0275","G137","L0132",2,0,109.6666667,36.55666667,42,"Purple","Grey",97,1,0,1,27.55333333,7.333333333,1520.755,1,1,1,1,1,1,1,1,1,5,0,1,NA,NA,"2/13/2024","6/1/2024",-13.628,34.394,475,"Irrigation","SeedCo","Private"
"Malawi",2023,"E0275","G143","L0132",2,0,153.3333333,51.11,42,"White","Tawny",97,1,0,1,40.77666667,17.33333333,2072.826667,1,1,1,1,1,1,1,1,4,1,0,1,NA,NA,"2/13/2024","6/1/2024",-13.628,34.394,475,"Irrigation","SeedCo","Private"
"Malawi",2023,"E0275","G146","L0132",2,0,115.6666667,38.55666667,42,"Purple","Tawny",97,1,0,1,43.77666667,9.333333333,1290.95,1,1,1,1,1,1,1,1,1,3,0,1,NA,NA,"2/13/2024","6/1/2024",-13.628,34.394,475,"Irrigation","SeedCo","Private"
"Malawi",2023,"E0275","G188","L0132",2,0,129.6666667,43.22333333,44,"Purple","Tawny",97,1,0,1,33,12.33333333,1572.846667,1,1,1,1,1,1,1,1,1,4,0,1,NA,NA,"2/13/2024","6/1/2024",-13.628,34.394,475,"Irrigation","International Institute of Tropical Agriculture IITA","Public"
"Malawi",2023,"E0275","G194","L0132",2,0,165.6666667,55.22333333,42,"Purple","Tawny",97,1,0,1,37,11.33333333,1759.726667,1,1,1,1,1,1,1,1,1,5,0,1,NA,NA,"2/13/2024","6/1/2024",-13.628,34.394,475,"Irrigation","International Institute of Tropical Agriculture IITA","Public"
"Malawi",2023,"E0275","G204","L0132",2,0,134,44.66666667,43.33333333,"Purple","Mixed",97,1,0,1,39.88666667,12.33333333,2179.706667,1,1,1,1,1,1,1,1,1,5,0,1,NA,NA,"2/13/2024","6/1/2024",-13.628,34.394,475,"Irrigation","International Institute of Tropical Agriculture IITA","Public"
"Malawi",2023,"E0275","G214","L0132",2,0,90.66666667,30.22333333,43.33333333,"Purple","Tawny",97,1,0,1,46.55666667,10,2196.306667,1,1,1,1,1,1,1,1,1,3,0,1,NA,NA,"2/13/2024","6/1/2024",-13.628,34.394,475,"Irrigation","International Institute of Tropical Agriculture IITA","Public"
"Malawi",2023,"E0275","G215","L0132",2,0,104.3333333,34.78,44,"Purple","Tawny",97,1,0,1,45.77666667,12,2703.31,1,1,1,1,1,1,1,1,1,4,0,1,NA,NA,"2/13/2024","6/1/2024",-13.628,34.394,475,"Irrigation","International Institute of Tropical Agriculture IITA","Public"
"Malawi",2023,"E0275","G216","L0132",2,0,120.3333333,40.11,41.33333333,"White","Tawny",100,1,0,1,34.88666667,19.33333333,1160.136667,1,1,1,1,2,1,1,1,1,1,0,1,NA,NA,"2/13/2024","6/1/2024",-13.628,34.394,475,"Irrigation","International Institute of Tropical Agriculture IITA","Public"
"Malawi",2023,"E0275","G219","L0132",2,0,143,47.67,41,"White","Tawny",97,1,0,1,29.55333333,17.66666667,2076.036667,1,1,1,1,3,1,1,1,1,1,0,1,NA,NA,"2/13/2024","6/1/2024",-13.628,34.394,475,"Irrigation","International Institute of Tropical Agriculture IITA","Public"
"Malawi",2023,"E0275","G233","L0132",2,0,106.3333333,35.44333333,42.66666667,"White","Tawny",97,1,0,1,37,13.66666667,1604.713333,1,1,1,1,1,1,1,1,1,4,0,1,NA,NA,"2/13/2024","6/1/2024",-13.628,34.394,475,"Irrigation","International Institute of Tropical Agriculture IITA","Public"
"Malawi",2023,"E0275","G235","L0132",2,0,166.6666667,55.55333333,42,"Purple","Grey",97,1,0,1,36.22333333,12.33333333,1885.753333,1,1,1,1,1,1,1,1,1,5,0,1,NA,NA,"2/13/2024","6/1/2024",-13.628,34.394,475,"Irrigation","International Institute of Tropical Agriculture IITA","Public"
"Malawi",2023,"E0275","G244","L0132",2,0,168.6666667,56.22333333,41.33333333,"Purple","Grey",97,1,0,1,45.44666667,14.66666667,2113.02,1,1,1,1,1,1,1,1,1,4,0,1,NA,NA,"2/13/2024","6/1/2024",-13.628,34.394,475,"Irrigation","International Institute of Tropical Agriculture IITA","Public"
"Malawi",2023,"E0275","G245","L0132",2,0,66.66666667,22.22333333,44,"Purple","Tawny",97,1,0,1,42.00333333,13,1961.796667,1,1,1,1,1,1,1,1,1,2,0,1,NA,NA,"2/13/2024","6/1/2024",-13.628,34.394,475,"Irrigation","International Institute of Tropical Agriculture IITA","Public"
"Malawi",2023,"E0275","G246","L0132",2,0,138,46,42.66666667,"White","Grey",97,1,0,1,37.33333333,14,1843.14,1,1,1,1,1,1,1,1,1,5,0,1,NA,NA,"2/13/2024","6/1/2024",-13.628,34.394,475,"Irrigation","International Institute of Tropical Agriculture IITA","Public"
"Malawi",2023,"E0275","G263","L0132",2,0,115.6666667,38.55333333,44,"Purple","Tawny",97,1,0,1,36,10.33333333,1417.12,1,2,1,1,1,1,1,1,1,5,0,1,NA,NA,"2/13/2024","6/1/2024",-13.628,34.394,475,"Irrigation","International Institute of Tropical Agriculture IITA","Public"
"Malawi",2023,"E0275","G311","L0132",2,0,84.66666667,28.22,44,"Purple","Tawny",97.66666667,1,0,1,34,11.66666667,1477.483333,1,1,1,1,1,1,1,1,2,1,0,1,NA,NA,"2/13/2024","6/1/2024",-13.628,34.394,475,"Irrigation","International Institute of Tropical Agriculture IITA","Public"
"Malawi",2023,"E0275","G315","L0132",2,0,115,38.33333333,43.33333333,"Purple","Tawny",97,1,0,1,37.44333333,12,1661.54,1,1,1,1,1,1,1,1,1,4,0,1,NA,NA,"2/13/2024","6/1/2024",-13.628,34.394,475,"Irrigation","International Institute of Tropical Agriculture IITA","Public"
"Malawi",2023,"E0275","G318","L0132",2,0,174.6666667,58.22333333,42,"Purple","Tawny",97,1,0,1,38,15.66666667,2062.553333,1,1,1,1,1,1,1,1,3,2,0,1,NA,NA,"2/13/2024","6/1/2024",-13.628,34.394,475,"Irrigation","International Institute of Tropical Agriculture IITA","Public"
"Malawi",2023,"E0275","G319","L0132",2,0,107.6666667,35.89,43.33333333,"Purple","Grey",97,1,0,1,50,14,2213.36,1,1,1,1,1,1,1,1,1,3,0,1,NA,NA,"2/13/2024","6/1/2024",-13.628,34.394,475,"Irrigation","International Institute of Tropical Agriculture IITA","Public"
"Malawi",2023,"E0275","G321","L0132",2,0,92.5,30.83333333,43.5,"Purple","Tawny",97.33333333,1,0,1,45.05666667,14.66666667,1615.9,1,1,1,1,2,1,1,1,1,1,0,1,NA,NA,"2/13/2024","6/1/2024",-13.628,34.394,475,"Irrigation","International Institute of Tropical Agriculture IITA","Public"
"Malawi",2023,"E0275","G323","L0132",2,0,115.6666667,38.55666667,42.66666667,"Purple","Grey",97,1,0,1,43.22333333,14.66666667,1315.296667,1,1,1,1,1,1,1,1,1,5,0,1,NA,NA,"2/13/2024","6/1/2024",-13.628,34.394,475,"Irrigation","International Institute of Tropical Agriculture IITA","Public"
"Malawi",2023,"E0275","G335","L0132",2,0,68.66666667,22.89,43,"Purple","Grey",100,1,0,1,29.88666667,15.66666667,676.07,1,1,1,1,5,1,1,1,4,1,0,1,NA,NA,"2/13/2024","6/1/2024",-13.628,34.394,475,"Irrigation","International Institute of Tropical Agriculture IITA","Public"
"Malawi",2023,"E0275","G359","L0132",2,0,139.3333333,46.44333333,42,"White","Grey",97,1,0,1,23.22333333,13.66666667,1632.13,1,1,1,1,1,1,1,1,1,5,0,1,NA,NA,"2/13/2024","6/1/2024",-13.628,34.394,475,"Irrigation","International Institute of Tropical Agriculture IITA","Public"
"Malawi",2023,"E0275","G365","L0132",2,0,136.3333333,45.44333333,44,"Purple","Tawny",97,1,0,1,37.55666667,11.66666667,2120.093333,1,1,1,1,1,1,1,1,1,4,0,1,NA,NA,"2/13/2024","6/1/2024",-13.628,34.394,475,"Irrigation","Department of Agricultural Research Services DARS","Public"
"Zambia",2023,"E0282","G056","L074",2,0,160.3333333,53.44666667,45.33333333,"Purple","Grey",114.3333333,1,0,1,74.55333333,20,3877.393333,3,1,1,1,1,1,1,1,4,1,0,1,NA,NA,"12/24/2023","5/6/2024",-13.547,28.06,1210,"Irrigation","ZamSeed","Private"
"Zambia",2023,"E0282","G057","L074",2,0,164.3333333,54.77666667,46.66666667,"Purple","Grey",111,2,0,1,83.89,13.33333333,2529.043333,4,4,1,1,1,1,1,1,3,1,0,1,NA,NA,"12/24/2023","5/6/2024",-13.547,28.06,1210,"Irrigation","Klein Karoo Seed Marketing Zimbabwe K2 Seed","Private"
"Zambia",2023,"E0282","G072","L074",2,0,168.6666667,56.22333333,45.33333333,"Purple","Tawny",108.6666667,5,0,1,64.77666667,18.33333333,2528.813333,1,4,1,1,1,1,3,1,3,1,0,1,NA,NA,"12/24/2023","5/6/2024",-13.547,28.06,1210,"Irrigation","Klein Karoo Seed Marketing Zimbabwe K2 Seed","Private"
"Zambia",2023,"E0282","G076","L074",2,0,146,48.66666667,45,"Purple","Grey",106.6666667,1,0,1,53.00333333,18.33333333,2929.426667,4,4,1,1,1,1,1,1,3,1,0,1,NA,NA,"12/24/2023","5/6/2024",-13.547,28.06,1210,"Irrigation","Klein Karoo Seed Marketing Zimbabwe K2 Seed","Private"
"Zambia",2023,"E0282","G137","L074",2,0,146,48.66666667,46.66666667,"Purple","Grey",108.3333333,2,0,1,80,13.33333333,2516.476667,2,3,1,1,1,1,1,1,3,1,0,1,NA,NA,"12/24/2023","5/6/2024",-13.547,28.06,1210,"Irrigation","SeedCo","Private"
"Zambia",2023,"E0282","G143","L074",2,0,162,54,45.66666667,"White","Tawny",109.6666667,1,0,1,78.77666667,15,1965.056667,2,4,1,1,1,1,1,1,3,1,0,1,NA,NA,"12/24/2023","5/6/2024",-13.547,28.06,1210,"Irrigation","SeedCo","Private"
"Zambia",2023,"E0282","G146","L074",2,0,147.3333333,49.11,46,"Purple","Tawny",109.3333333,2,0,1,91,16.66666667,2102.453333,5,4,1,1,1,1,1,2,3,1,0,1,NA,NA,"12/24/2023","5/6/2024",-13.547,28.06,1210,"Irrigation","SeedCo","Private"
"Zambia",2023,"E0282","G188","L074",2,0,272.3333333,90.77666667,46.33333333,"Purple","Tawny",109.3333333,5,0,1.333333333,75.66666667,15,3653.1,1,1,1,1,1,1,1,1,3,1,0,1,NA,NA,"12/24/2023","5/6/2024",-13.547,28.06,1210,"Irrigation","International Institute of Tropical Agriculture IITA","Public"
"Zambia",2023,"E0282","G194","L074",2,0,193,64.33333333,46.33333333,"Purple","Tawny",109,5,0,1,73.22333333,15,4124.52,1,1,1,1,1,1,1,1,2,1,0,1,NA,NA,"12/24/2023","5/6/2024",-13.547,28.06,1210,"Irrigation","International Institute of Tropical Agriculture IITA","Public"
"Zambia",2023,"E0282","G198","L074",2,0,138,45.99666667,46.33333333,"Mixed","Mixed",113.6666667,1,0,1,79.44333333,20,1972.646667,2,3,1,1,1,1,1,1,4,1,0,1,NA,NA,"12/24/2023","5/6/2024",-13.547,28.06,1210,"Irrigation","International Institute of Tropical Agriculture IITA","Public"
"Zambia",2023,"E0282","G204","L074",2,0,265.6666667,88.55333333,49,"Purple","Grey",110,5,0,2,78.22333333,20,3302.146667,1,1,1,1,1,1,1,1,2,1,0,1,NA,NA,"12/24/2023","5/6/2024",-13.547,28.06,1210,"Irrigation","International Institute of Tropical Agriculture IITA","Public"
"Zambia",2023,"E0282","G214","L074",2,0,239.6666667,79.89,47.33333333,"Mixed","Tawny",112.3333333,5,0,1.333333333,72.55666667,15,4066.976667,1,1,1,1,1,1,1,3,2,1,0,1,NA,NA,"12/24/2023","5/6/2024",-13.547,28.06,1210,"Irrigation","International Institute of Tropical Agriculture IITA","Public"
"Zambia",2023,"E0282","G215","L074",2,0,190.3333333,63.44333333,48.66666667,"Purple","Tawny",114.3333333,3,0,1,84.44333333,15,2871.723333,1,1,1,1,1,1,1,1,2,1,0,1,NA,NA,"12/24/2023","5/6/2024",-13.547,28.06,1210,"Irrigation","International Institute of Tropical Agriculture IITA","Public"
"Zambia",2023,"E0282","G216","L074",2,0,65.33333333,21.77666667,30.33333333,"White","Tawny",73.33333333,1,0,0.666666667,49.88666667,11.66666667,2207.01,4,5,1,3,1,5,3,1,3,1,0,1,NA,NA,"12/24/2023","5/6/2024",-13.547,28.06,1210,"Irrigation","International Institute of Tropical Agriculture IITA","Public"
"Zambia",2023,"E0282","G219","L074",2,0,161.3333333,53.77666667,47.33333333,"White","Mixed",109.6666667,4,0,1,83.99666667,16.66666667,2531.646667,3,4,1,1,1,1,1,1,3,1,0,1,NA,NA,"12/24/2023","5/6/2024",-13.547,28.06,1210,"Irrigation","International Institute of Tropical Agriculture IITA","Public"
"Zambia",2023,"E0282","G233","L074",2,0,140,46.66666667,45.33333333,"White","Tawny",116.6666667,5,0,1,84.44333333,18.33333333,4007.74,1,1,1,1,1,1,1,1,2,1,0,1,NA,NA,"12/24/2023","5/6/2024",-13.547,28.06,1210,"Irrigation","International Institute of Tropical Agriculture IITA","Public"
"Zambia",2023,"E0282","G235","L074",2,0,137.6666667,45.88666667,46.66666667,"Purple","Tawny",112,3,0,1,78.77666667,16.66666667,3516.013333,4,1,1,1,1,5,1,1,3,1,0,1,NA,NA,"12/24/2023","5/6/2024",-13.547,28.06,1210,"Irrigation","International Institute of Tropical Agriculture IITA","Public"
"Zambia",2023,"E0282","G244","L074",2,0,191.6666667,63.89,46.33333333,"Purple","Mixed",110.3333333,5,0,1.333333333,87.22,15,2595.02,1,3,1,1,1,1,1,1,3,1,0,1,NA,NA,"12/24/2023","5/6/2024",-13.547,28.06,1210,"Irrigation","International Institute of Tropical Agriculture IITA","Public"
"Zambia",2023,"E0282","G245","L074",2,0,206.6666667,68.89,47.66666667,"Purple","Tawny",112,5,0,1,79,16.66666667,3858.006667,1,1,1,1,1,1,1,1,2,1,0,1,NA,NA,"12/24/2023","5/6/2024",-13.547,28.06,1210,"Irrigation","International Institute of Tropical Agriculture IITA","Public"
"Zambia",2023,"E0282","G246","L074",2,0,188.6666667,62.89,48,"White","Grey",119.6666667,4,0,1,80.44333333,16.66666667,3228.353333,1,1,1,1,1,1,1,1,4,1,0,1,NA,NA,"12/24/2023","5/6/2024",-13.547,28.06,1210,"Irrigation","International Institute of Tropical Agriculture IITA","Public"
"Zambia",2023,"E0282","G263","L074",2,0,280.6666667,93.55666667,48.33333333,"Purple","Grey",108.3333333,4,0,1.333333333,73.55333333,16.66666667,3228.813333,1,1,1,1,1,1,1,1,2,1,0,1,NA,NA,"12/24/2023","5/6/2024",-13.547,28.06,1210,"Irrigation","International Institute of Tropical Agriculture IITA","Public"
"Zambia",2023,"E0282","G311","L074",2,0,141,47,50.33333333,"Purple","Tawny",121,2,0,1,84.22333333,16.66666667,3856.473333,1,1,1,1,1,1,1,1,3,1,0,1,NA,NA,"12/24/2023","5/6/2024",-13.547,28.06,1210,"Irrigation","International Institute of Tropical Agriculture IITA","Public"
"Zambia",2023,"E0282","G315","L074",2,0,193.6666667,64.55333333,49.33333333,"Purple","Tawny",120,4,0,1,80,20,3225.44,1,1,1,1,1,1,1,1,3,1,0,1,NA,NA,"12/24/2023","5/6/2024",-13.547,28.06,1210,"Irrigation","International Institute of Tropical Agriculture IITA","Public"
"Zambia",2023,"E0282","G318","L074",2,0,216.3333333,72.11,47.66666667,"Purple","Tawny",122,2,0,1,88.11333333,20,3827.2,1,1,1,1,1,1,1,2,3,1,0,1,NA,NA,"12/24/2023","5/6/2024",-13.547,28.06,1210,"Irrigation","International Institute of Tropical Agriculture IITA","Public"
"Zambia",2023,"E0282","G319","L074",2,0,124.6666667,41.55333333,50,"Purple","Tawny",116.6666667,4,0,1,81.66666667,15,3220.306667,2,1,1,1,1,1,1,1,2,1,0,1,NA,NA,"12/24/2023","5/6/2024",-13.547,28.06,1210,"Irrigation","International Institute of Tropical Agriculture IITA","Public"
"Zambia",2023,"E0282","G321","L074",2,0,145.1666667,48.39,42.33333333,"Purple","Tawny",119,4,0,1,93.33166667,18.33333333,3915.035,1,1,1,1,1,1,1,4,2,1,0,1,NA,NA,"12/24/2023","5/6/2024",-13.547,28.06,1210,"Irrigation","International Institute of Tropical Agriculture IITA","Public"
"Zambia",2023,"E0282","G335","L074",2,0,180,60,47.33333333,"Purple","Tawny",118.3333333,3,0,1,80,18.33333333,3985.056667,1,1,1,1,1,1,1,1,2,1,0,1,NA,NA,"12/24/2023","5/6/2024",-13.547,28.06,1210,"Irrigation","International Institute of Tropical Agriculture IITA","Public"
"Zambia",2023,"E0282","G359","L074",2,0,139.3333333,46.44666667,48.66666667,"White","Grey",117,2,0,1.333333333,71.11,16.66666667,3734.866667,1,1,1,1,1,1,1,1,3,1,0,1,NA,NA,"12/24/2023","5/6/2024",-13.547,28.06,1210,"Irrigation","International Institute of Tropical Agriculture IITA","Public"
"Zambia",2023,"E0282","G365","L074",2,0,204.6666667,68.22,47.33333333,"Purple","Tawny",112.3333333,5,0,1,81.66666667,11.66666667,2952.873333,1,1,1,1,1,1,1,1,2,1,0,1,NA,NA,"12/24/2023","5/6/2024",-13.547,28.06,1210,"Irrigation","Department of Agricultural Research Services DARS","Public"
"Malawi",2023,"E0276","G006","L0105",2,0,201.6666667,50.41666667,0,"Purple",NA,0,1,0,1,50.26666667,27.33333333,3722.99,1,1,1,1,1,1,1,3,1,1,0,1,NA,NA,"12/27/2023","4/13/2024",-13.41,33.612,1114,"Irrigation","Agricultural Research Council ARC","Public"
"Malawi",2023,"E0276","G056","L0105",2,0,253.6666667,63.41666667,0,"Purple",NA,0,1,0,1,58.2,19,3797.686667,1,1,1,1,1,1,1,1,1,1,0,1,NA,NA,"12/27/2023","4/22/2024",-13.41,33.612,1114,"Irrigation","ZamSeed","Private"
"Malawi",2023,"E0276","G057","L0105",2,0,181.6666667,45.41666667,0,"Purple",NA,0,1,0,1,60.2,18,2360.266667,1,1,1,1,1,1,1,2,1,1,0,1,NA,NA,"12/27/2023","4/22/2024",-13.41,33.612,1114,"Irrigation","Klein Karoo Seed Marketing Zimbabwe K2 Seed","Private"
"Malawi",2023,"E0276","G072","L0105",2,0,219.6666667,54.91666667,0,"Purple",NA,0,1,0,1,52.73333333,20,3591.923333,1,1,1,1,1,1,1,2,1,1,0,1,NA,NA,"12/27/2023","4/22/2024",-13.41,33.612,1114,"Irrigation","Klein Karoo Seed Marketing Zimbabwe K2 Seed","Private"
"Malawi",2023,"E0276","G076","L0105",2,0,137,34.25,0,"Purple",NA,0,1,0,1,38,22,3185.786667,1,1,1,1,1,1,1,1,1,1,0,1,NA,NA,"12/27/2023","4/13/2024",-13.41,33.612,1114,"Irrigation","Klein Karoo Seed Marketing Zimbabwe K2 Seed","Private"
"Malawi",2023,"E0276","G077","L0105",2,0,0,0,0,NA,NA,0,0,0,0,0,0,NA,0,0,0,0,0,0,0,0,0,0,0,0,NA,NA,"12/28/2023","5/26/2024",-13.41,33.612,1114,"Irrigation","CORTEVAPannar","Private"
"Malawi",2023,"E0276","G137","L0105",2,0,168.3333333,42.08333333,0,"Purple",NA,0,1,0,1,56.6,18.66666667,3912.803333,1,1,1,1,1,1,1,1,1,1,0,1,NA,NA,"12/27/2023","4/22/2024",-13.41,33.612,1114,"Irrigation","SeedCo","Private"
"Malawi",2023,"E0276","G143","L0105",2,0,212.3333333,53.08333333,0,"White",NA,0,1,0,1,61.53333333,26.66666667,3300.293333,1,1,1,1,1,1,1,1,1,1,0,1,NA,NA,"12/27/2023","4/22/2024",-13.41,33.612,1114,"Irrigation","SeedCo","Private"
"Malawi",2023,"E0276","G146","L0105",2,0,172,43,0,"Purple",NA,0,1,0,1,61.46666667,18,2243.716667,1,1,1,1,1,1,1,2,1,1,0,1,NA,NA,"12/27/2023","4/22/2024",-13.41,33.612,1114,"Irrigation","SeedCo","Private"
"Malawi",2023,"E0276","G188","L0105",2,0,351.6666667,87.91666667,0,"Purple",NA,0,1,0,1,67.6,17.66666667,3213.396667,1,1,1,1,1,1,1,1,1,1,0,1,NA,NA,"12/27/2023","4/13/2024",-13.41,33.612,1114,"Irrigation","International Institute of Tropical Agriculture IITA","Public"
"Malawi",2023,"E0276","G194","L0105",2,0,275,68.75,0,"Purple",NA,0,1,0,1,64.73333333,17,3885.196667,1,1,1,1,1,1,1,1,1,1,0,1,NA,NA,"12/27/2023","4/13/2024",-13.41,33.612,1114,"Irrigation","International Institute of Tropical Agriculture IITA","Public"
"Malawi",2023,"E0276","G198","L0105",2,0,239,59.75,0,"Purple",NA,0,1,0,1,78.46666667,18.66666667,3045.21,1,1,1,1,1,1,1,2,1,1,0,1,NA,NA,"12/27/2023","4/22/2024",-13.41,33.612,1114,"Irrigation","International Institute of Tropical Agriculture IITA","Public"
"Malawi",2023,"E0276","G204","L0105",2,0,274.6666667,68.66666667,0,"Purple",NA,0,1,0,1,70.86666667,19.66666667,2879.026667,1,1,1,1,1,1,1,1,1,1,0,1,NA,NA,"12/27/2023","4/22/2024",-13.41,33.612,1114,"Irrigation","International Institute of Tropical Agriculture IITA","Public"
"Malawi",2023,"E0276","G214","L0105",2,0,213.3333333,53.33333333,0,"White",NA,0,1,0,1,69.13333333,17.33333333,3595.61,1,1,1,1,1,1,1,1,1,1,0,1,NA,NA,"12/27/2023","4/22/2024",-13.41,33.612,1114,"Irrigation","International Institute of Tropical Agriculture IITA","Public"
"Malawi",2023,"E0276","G215","L0105",2,0,194.3333333,48.58333333,0,"Purple",NA,0,1,0,1,72.93333333,18,2438.506667,1,1,1,1,1,1,1,1,1,1,0,1,NA,NA,"12/27/2023","4/22/2024",-13.41,33.612,1114,"Irrigation","International Institute of Tropical Agriculture IITA","Public"
"Malawi",2023,"E0276","G216","L0105",2,0,166.6666667,41.66666667,0,"White",NA,0,1,0,1,58.8,25,3847.64,1,1,1,1,1,1,1,2,1,1,0,1,NA,NA,"12/27/2023","4/22/2024",-13.41,33.612,1114,"Irrigation","International Institute of Tropical Agriculture IITA","Public"
"Malawi",2023,"E0276","G219","L0105",2,0,177.6666667,44.41666667,0,"White",NA,0,1,0,1,58.73333333,25.33333333,3608.666667,1,1,1,1,1,1,1,1,1,1,0,1,NA,NA,"12/27/2023","4/22/2024",-13.41,33.612,1114,"Irrigation","International Institute of Tropical Agriculture IITA","Public"
"Malawi",2023,"E0276","G233","L0105",2,0,156.6666667,39.16666667,0,"White",NA,0,1,0,1,69,18.66666667,2434.813333,1,1,1,1,1,1,1,1,1,1,0,1,NA,NA,"12/27/2023","4/13/2024",-13.41,33.612,1114,"Irrigation","International Institute of Tropical Agriculture IITA","Public"
"Malawi",2023,"E0276","G235","L0105",2,0,170.3333333,42.58333333,0,"Purple",NA,0,1,0,1,55.93333333,17.33333333,3299.333333,1,1,1,1,1,1,1,1,1,1,0,1,NA,NA,"12/27/2023","4/13/2024",-13.41,33.612,1114,"Irrigation","International Institute of Tropical Agriculture IITA","Public"
"Malawi",2023,"E0276","G244","L0105",2,0,175.3333333,43.83333333,0,"White",NA,0,1,0,1,62.53333333,16.66666667,1787.303333,1,1,1,1,1,1,1,1,1,1,0,1,NA,NA,"12/27/2023","4/22/2024",-13.41,33.612,1114,"Irrigation","International Institute of Tropical Agriculture IITA","Public"
"Malawi",2023,"E0276","G245","L0105",2,0,266.6666667,66.66666667,0,"Purple",NA,0,1,0,1,69.53333333,15.66666667,3351.143333,1,1,1,1,1,1,1,1,1,1,0,1,NA,NA,"12/27/2023","4/13/2024",-13.41,33.612,1114,"Irrigation","International Institute of Tropical Agriculture IITA","Public"
"Malawi",2023,"E0276","G246","L0105",2,0,239.3333333,59.83333333,0,"White",NA,0,1,0,1,55.66666667,20,3651.01,1,1,1,1,1,1,1,1,1,1,0,1,NA,NA,"12/27/2023","4/22/2024",-13.41,33.612,1114,"Irrigation","International Institute of Tropical Agriculture IITA","Public"
"Malawi",2023,"E0276","G255","L0105",2,0,216,54,0,"Purple",NA,0,1,0,1,51.33333333,17.66666667,3098.653333,1,1,1,1,1,1,1,1,1,1,0,1,NA,NA,"12/27/2023","4/22/2024",-13.41,33.612,1114,"Irrigation","International Institute of Tropical Agriculture IITA","Public"
"Malawi",2023,"E0276","G262","L0105",2,0,191.3333333,47.83333333,0,"Purple",NA,0,1,0,1,55.8,17,3219.876667,1,1,1,1,1,1,1,1,1,1,0,1,NA,NA,"12/27/2023","4/13/2024",-13.41,33.612,1114,"Irrigation","International Institute of Tropical Agriculture IITA","Public"
"Malawi",2023,"E0276","G311","L0105",2,0,85.66666667,21.41666667,0,"Purple",NA,0,1,0,1,63.8,19,2151.066667,1,1,1,1,1,1,1,1,1,1,0,1,NA,NA,"12/27/2023","4/22/2024",-13.41,33.612,1114,"Irrigation","International Institute of Tropical Agriculture IITA","Public"
"Malawi",2023,"E0276","G315","L0105",2,0,205.3333333,51.33333333,0,"Purple",NA,0,1,0,1,59.13333333,16.66666667,3942.796667,1,1,1,1,3,1,1,1,1,1,0,1,NA,NA,"12/27/2023","4/22/2024",-13.41,33.612,1114,"Irrigation","International Institute of Tropical Agriculture IITA","Public"
"Malawi",2023,"E0276","G318","L0105",2,0,207,51.75,0,"Purple",NA,0,1,0,1,68.66666667,21.33333333,3652.933333,1,1,1,1,1,1,1,1,1,1,0,1,NA,NA,"12/27/2023","4/22/2024",-13.41,33.612,1114,"Irrigation","International Institute of Tropical Agriculture IITA","Public"
"Malawi",2023,"E0276","G319","L0105",2,0,172.3333333,43.08333333,0,"Purple",NA,0,1,0,1,67.4,18,2404.666667,1,1,1,1,1,1,1,1,1,1,0,1,NA,NA,"12/27/2023","4/22/2024",-13.41,33.612,1114,"Irrigation","International Institute of Tropical Agriculture IITA","Public"
"Malawi",2023,"E0276","G321","L0105",2,0,183.1666667,45.79166667,0,"Purple",NA,0,1,0,1,76.7,21.33333333,3325.711667,1,1,1,1,1,1,1,1,1,1,0,1,NA,NA,"12/27/2023","4/22/2024",-13.41,33.612,1114,"Irrigation","International Institute of Tropical Agriculture IITA","Public"
"Malawi",2023,"E0276","G335","L0105",2,0,187.3333333,46.83333333,0,"Purple",NA,0,1,0,1,61.86666667,19.66666667,3102.566667,1,1,1,1,1,1,1,3,1,1,0,1,NA,NA,"12/27/2023","4/22/2024",-13.41,33.612,1114,"Irrigation","International Institute of Tropical Agriculture IITA","Public"
"Malawi",2023,"E0276","G359","L0105",2,0,154.6666667,38.66666667,0,"White",NA,0,1,0,1,50.13333333,17.33333333,3233.426667,1,1,1,1,1,1,1,1,1,1,0,1,NA,NA,"12/27/2023","4/22/2024",-13.41,33.612,1114,"Irrigation","International Institute of Tropical Agriculture IITA","Public"
"Malawi",2023,"E0276","G365","L0105",2,0,327,81.75,0,"Purple",NA,0,1,0,1,78.33333333,16.33333333,3045.663333,1,1,1,1,1,1,1,1,1,1,0,1,NA,NA,"12/27/2023","4/13/2024",-13.41,33.612,1114,"Irrigation","Department of Agricultural Research Services DARS","Public"
"Malawi",2023,"E0274","G006","L0125",2,0,207,69,42,"Purple","Grey",118,1,0,1,58.17,23.33333333,4203.586667,1,5,1,1,1,1,1,1,1,1,0,1,NA,NA,"12/28/2023","4/24/2024",-12.952,33.703,1070,"Rainfed","Agricultural Research Council ARC","Public"
"Malawi",2023,"E0274","G056","L0125",2,0,254,84.66666667,43,"Purple","Tawny",111,1,0,1,65.77666667,20,4284.2,1,3,1,1,1,1,1,1,1,1,0,1,NA,NA,"12/28/2023","4/17/2024",-12.952,33.703,1070,"Rainfed","ZamSeed","Private"
"Malawi",2023,"E0274","G057","L0125",2,0,191,63.66666667,43,"Purple","Tawny",111,1,0,1,74.22333333,20,4465.546667,1,5,1,1,1,1,1,1,1,1,0,1,NA,NA,"12/28/2023","4/17/2024",-12.952,33.703,1070,"Rainfed","Klein Karoo Seed Marketing Zimbabwe K2 Seed","Private"
"Malawi",2023,"E0274","G072","L0125",2,0,237.6666667,79.22,44,"Purple","Tawny",111,1,0,1,62.88666667,20,4391.97,1,5,1,1,1,1,1,1,1,1,0,1,NA,NA,"12/28/2023","4/17/2024",-12.952,33.703,1070,"Rainfed","Klein Karoo Seed Marketing Zimbabwe K2 Seed","Private"
"Malawi",2023,"E0274","G076","L0125",2,0,235.6666667,78.55666667,44,"Purple","Grey",125,1,0,1,55.89,20,3886.253333,1,2,1,1,1,1,1,1,1,1,0,1,NA,NA,"12/28/2023","5/1/2024",-12.952,33.703,1070,"Rainfed","Klein Karoo Seed Marketing Zimbabwe K2 Seed","Private"
"Malawi",2023,"E0274","G077","L0125",2,0,239.3333333,79.78,49,"Purple","Mixed",111,3,0,1,62.94333333,20,3994.47,1,3,1,1,1,1,1,3,1,1,0,1,NA,NA,"12/28/2023","4/17/2024",-12.952,33.703,1070,"Rainfed","CORTEVAPannar","Private"
"Malawi",2023,"E0274","G137","L0125",2,0,276.3333333,92.11333333,44,"Purple","Tawny",110.6666667,1,0,1,65.33333333,20,5028.506667,1,2,1,1,1,1,1,2,1,1,0,1,NA,NA,"12/28/2023","4/17/2024",-12.952,33.703,1070,"Rainfed","SeedCo","Private"
"Malawi",2023,"E0274","G143","L0125",2,0,231.3333333,77.11,46,"White","Mixed",111,1,0,1,71.39,23.33333333,4338.913333,1,3,1,1,1,1,1,1,1,1,0,1,NA,NA,"12/28/2023","4/17/2024",-12.952,33.703,1070,"Rainfed","SeedCo","Private"
"Malawi",2023,"E0274","G146","L0125",2,0,254.3333333,84.77666667,43,"Purple","Mixed",118,1,0,1,67.39,20,4099.693333,1,5,1,1,1,1,1,2,1,1,0,1,NA,NA,"12/28/2023","4/24/2024",-12.952,33.703,1070,"Rainfed","SeedCo","Private"
"Malawi",2023,"E0274","G188","L0125",2,0,225.6666667,75.22,46,"Purple","Grey",111,1,0,1,76.94333333,20,4252.6,1,2,1,1,1,1,1,3,1,1,0,1,NA,NA,"12/28/2023","4/17/2024",-12.952,33.703,1070,"Rainfed","International Institute of Tropical Agriculture IITA","Public"
"Malawi",2023,"E0274","G194","L0125",2,0,250.3333333,83.44333333,44,"Purple","Grey",111,1,0,1,71.89,20,4998.01,1,5,1,1,1,1,1,3,1,1,0,1,NA,NA,"12/28/2023","4/17/2024",-12.952,33.703,1070,"Rainfed","International Institute of Tropical Agriculture IITA","Public"
"Malawi",2023,"E0274","G198","L0125",2,0,234.6666667,78.22,49,"Purple","Grey",118,2,0,1,77.11,20,3639.11,1,1,1,1,1,1,1,1,1,1,0,1,NA,NA,"12/28/2023","4/24/2024",-12.952,33.703,1070,"Rainfed","International Institute of Tropical Agriculture IITA","Public"
"Malawi",2023,"E0274","G204","L0125",2,0,233.6666667,77.89,49,"Purple","Tawny",111,1,0,1,62.94333333,20,4605.703333,1,5,1,1,1,1,1,3,1,1,0,1,NA,NA,"12/28/2023","4/17/2024",-12.952,33.703,1070,"Rainfed","International Institute of Tropical Agriculture IITA","Public"
"Malawi",2023,"E0274","G214","L0125",2,0,230.3333333,76.78,43,"Purple","Grey",111,3,0,1,70.94333333,20,4196.46,1,2,1,1,1,1,1,1,1,1,0,1,NA,NA,"12/28/2023","4/17/2024",-12.952,33.703,1070,"Rainfed","International Institute of Tropical Agriculture IITA","Public"
"Malawi",2023,"E0274","G215","L0125",2,0,228.6666667,76.22333333,49,"Purple","Grey",111,1,0,1,64.67,20,4492.236667,1,5,1,1,1,1,1,1,1,1,0,1,NA,NA,"12/28/2023","4/17/2024",-12.952,33.703,1070,"Rainfed","International Institute of Tropical Agriculture IITA","Public"
"Malawi",2023,"E0274","G216","L0125",2,0,210.6666667,70.22333333,44,"White","Mixed",118,1,0,1,64.11,23.33333333,4254.94,1,4,1,1,1,1,1,1,1,1,0,1,NA,NA,"12/28/2023","4/24/2024",-12.952,33.703,1070,"Rainfed","International Institute of Tropical Agriculture IITA","Public"
"Malawi",2023,"E0274","G219","L0125",2,0,202.3333333,67.44333333,43,"White","Mixed",118,1,0,1,59.72333333,20,4841.883333,1,5,1,1,1,1,1,1,1,1,0,1,NA,NA,"12/28/2023","4/17/2024",-12.952,33.703,1070,"Rainfed","International Institute of Tropical Agriculture IITA","Public"
"Malawi",2023,"E0274","G233","L0125",2,0,226.6666667,75.55666667,42.33333333,"White","Mixed",118,2,0,1,77,20,4099.186667,1,5,1,1,1,1,1,4,1,1,0,1,NA,NA,"12/28/2023","4/17/2024",-12.952,33.703,1070,"Rainfed","International Institute of Tropical Agriculture IITA","Public"
"Malawi",2023,"E0274","G235","L0125",2,0,224,74.66666667,44,"Purple","Mixed",118,1,0,1,67.55666667,20,5122.3,1,3,1,1,1,1,1,1,1,1,0,1,NA,NA,"12/28/2023","4/24/2024",-12.952,33.703,1070,"Rainfed","International Institute of Tropical Agriculture IITA","Public"
"Malawi",2023,"E0274","G244","L0125",2,0,209.6666667,69.89,49,"Purple","Mixed",118,1,0,1,67,20,4194.143333,1,5,1,1,1,1,1,1,1,1,0,1,NA,NA,"12/28/2023","4/17/2024",-12.952,33.703,1070,"Rainfed","International Institute of Tropical Agriculture IITA","Public"
"Malawi",2023,"E0274","G245","L0125",2,0,182,60.66333333,51,"Purple","Grey",118,5,0,1,77.88666667,20,3029.993333,1,3,1,1,1,1,1,4,1,1,0,1,NA,NA,"12/28/2023","4/24/2024",-12.952,33.703,1070,"Rainfed","International Institute of Tropical Agriculture IITA","Public"
"Malawi",2023,"E0274","G246","L0125",2,0,239.3333333,79.78,49.66666667,"White","Tawny",111,1,0,1,73.05666667,20,4037.026667,1,3,1,1,1,1,1,2,1,1,0,1,NA,NA,"12/28/2023","4/17/2024",-12.952,33.703,1070,"Rainfed","International Institute of Tropical Agriculture IITA","Public"
"Malawi",2023,"E0274","G255","L0125",2,0,211.3333333,70.44333333,42,"Purple","Mixed",111,1,0,1,74.77666667,20,4540.106667,1,2,1,1,1,1,1,1,1,1,0,1,NA,NA,"12/28/2023","4/17/2024",-12.952,33.703,1070,"Rainfed","International Institute of Tropical Agriculture IITA","Public"
"Malawi",2023,"E0274","G262","L0125",2,0,250,83.33333333,49,"Purple","Mixed",118,1,0,1,56.88666667,20,4585.963333,1,5,1,1,1,1,1,1,1,1,0,1,NA,NA,"12/28/2023","4/24/2024",-12.952,33.703,1070,"Rainfed","International Institute of Tropical Agriculture IITA","Public"
"Malawi",2023,"E0274","G311","L0125",2,0,186.6666667,62.22333333,51,"Purple","Tawny",118,1,0,1,75.11333333,20,4158.39,1,3,1,1,1,1,1,1,1,1,0,1,NA,NA,"12/28/2023","4/24/2024",-12.952,33.703,1070,"Rainfed","International Institute of Tropical Agriculture IITA","Public"
"Malawi",2023,"E0274","G315","L0125",2,0,248.3333333,82.77666667,42,"Purple","Mixed",118,1,0,1,70.22333333,20,4233.61,1,2,1,1,1,1,1,1,1,1,0,1,NA,NA,"12/28/2023","4/24/2024",-12.952,33.703,1070,"Rainfed","International Institute of Tropical Agriculture IITA","Public"
"Malawi",2023,"E0274","G318","L0125",2,0,254,84.66666667,49,"Purple","Mixed",118,1,0,1,85.83333333,20,4373.393333,1,2,1,1,1,1,1,1,1,1,0,1,NA,NA,"12/28/2023","4/24/2024",-12.952,33.703,1070,"Rainfed","International Institute of Tropical Agriculture IITA","Public"
"Malawi",2023,"E0274","G319","L0125",2,0,222.3333333,74.11,51,"Purple","Mixed",118,1,0,1,74.72333333,20,4191.45,1,4,1,1,1,1,1,2,1,1,0,1,NA,NA,"12/28/2023","4/17/2024",-12.952,33.703,1070,"Rainfed","International Institute of Tropical Agriculture IITA","Public"
"Malawi",2023,"E0274","G321","L0125",2,0,223,74.33333333,49,"Purple","Mixed",118,1,0,1,77.335,20,3978.431667,1,3,1,1,1,1,1,5,1,1,0,1,NA,NA,"12/28/2023","4/24/2024",-12.952,33.703,1070,"Rainfed","International Institute of Tropical Agriculture IITA","Public"
"Malawi",2023,"E0274","G335","L0125",2,0,155.6666667,51.89,46,"Purple","Grey",111,1,0,1,61.77666667,20,4050.563333,1,5,1,1,1,1,1,1,1,1,0,1,NA,NA,"12/28/2023","4/17/2024",-12.952,33.703,1070,"Rainfed","International Institute of Tropical Agriculture IITA","Public"
"Malawi",2023,"E0274","G359","L0125",2,0,211.3333333,70.44333333,42,"White","Tawny",118,1,0,1,61.88666667,20,4710.223333,1,2,1,1,1,1,1,1,1,1,0,1,NA,NA,"12/28/2023","4/24/2024",-12.952,33.703,1070,"Rainfed","International Institute of Tropical Agriculture IITA","Public"
"Malawi",2023,"E0274","G365","L0125",2,0,265.3333333,88.44333333,44,"Purple","Mixed",111,1,0,1,67.61333333,20,4023.68,1,3,1,1,1,1,1,4,1,1,0,1,NA,NA,"12/28/2023","4/24/2024",-12.952,33.703,1070,"Rainfed","Department of Agricultural Research Services DARS","Public"
"Zambia",2023,"E0285","G056","L0136",2,0,187.6666667,62.55666667,47.66666667,"Purple","Grey",111,4,0,1,45,14.02333333,1158.646667,1,1,1,1,1,1,1,1,1,1,0,1,NA,NA,"12/31/2023","5/12/2024",-12.423,26.217,1326,"Rainfed","ZamSeed","Private"
"Zambia",2023,"E0285","G057","L0136",2,0,109,36.33333333,49,"Purple","Grey",113.6666667,1,0,1,50.99666667,16.32666667,1666.07,1,1,1,1,1,1,1,1,1,1,0,1,NA,NA,"12/31/2023","5/5/2024",-12.423,26.217,1326,"Rainfed","Klein Karoo Seed Marketing Zimbabwe K2 Seed","Private"
"Zambia",2023,"E0285","G072","L0136",2,0,143,47.66333333,48.33333333,"Purple","Tawny",111.3333333,1,0,1,42.99666667,16.51666667,1393.296667,1,1,1,1,1,1,1,1,1,1,0,1,NA,NA,"12/31/2023","5/12/2024",-12.423,26.217,1326,"Rainfed","Klein Karoo Seed Marketing Zimbabwe K2 Seed","Private"
"Zambia",2023,"E0285","G076","L0136",2,0,101.3333333,33.77666667,47.66666667,"Purple","Grey",112.6666667,1,0,1,29.99666667,16.23,766.1033333,1,1,1,1,1,1,1,1,1,3,0,1,NA,NA,"12/31/2023","5/5/2024",-12.423,26.217,1326,"Rainfed","Klein Karoo Seed Marketing Zimbabwe K2 Seed","Private"
"Zambia",2023,"E0285","G137","L0136",2,0,188,62.66666667,49,"Purple","Grey",104.3333333,1,0,1,42.89,14.36333333,1427.856667,1,1,1,1,1,1,1,1,1,1,0,1,NA,NA,"12/31/2023","4/29/2024",-12.423,26.217,1326,"Rainfed","SeedCo","Private"
"Zambia",2023,"E0285","G143","L0136",2,0,121,40.33333333,46,"White","Tawny",113.6666667,1,0,1,50.89,21.05333333,1640.78,1,1,1,1,1,1,1,1,1,1,0,1,NA,NA,"12/31/2023","5/12/2024",-12.423,26.217,1326,"Rainfed","SeedCo","Private"
"Zambia",2023,"E0285","G146","L0136",2,0,130.3333333,43.44333333,47,"Purple","Tawny",114,1,0,1,61.22333333,13.85,1534.896667,1,1,1,1,1,1,1,1,1,1,0,1,NA,NA,"12/31/2023","5/5/2024",-12.423,26.217,1326,"Rainfed","SeedCo","Private"
"Zambia",2023,"E0285","G188","L0136",2,0,167.3333333,55.77666667,50.33333333,"Purple","Tawny",104.6666667,1,0,1,58.77666667,11.81333333,1363.016667,1,1,1,1,1,1,1,1,1,1,0,1,NA,NA,"12/31/2023","4/29/2024",-12.423,26.217,1326,"Rainfed","International Institute of Tropical Agriculture IITA","Public"
"Zambia",2023,"E0285","G194","L0136",2,0,232,77.33333333,49,"Purple","Tawny",104,1,0,1,46.55666667,12.21666667,1564.866667,1,1,1,1,1,1,1,1,1,1,0,1,NA,NA,"12/31/2023","4/29/2024",-12.423,26.217,1326,"Rainfed","International Institute of Tropical Agriculture IITA","Public"
"Zambia",2023,"E0285","G204","L0136",2,0,164,54.66666667,50.66666667,"Purple","Mixed",105.3333333,1,0,1,44.11333333,12.63,1216.18,1,1,1,1,1,1,1,1,1,1,0,1,NA,NA,"12/31/2023","4/29/2024",-12.423,26.217,1326,"Rainfed","International Institute of Tropical Agriculture IITA","Public"
"Zambia",2023,"E0285","G214","L0136",2,0,214.6666667,71.55333333,51,"Purple","Tawny",110.6666667,3,0,1,49.55333333,12.59,1470.283333,1,1,1,1,1,1,1,1,1,1,0,1,NA,NA,"12/31/2023","5/12/2024",-12.423,26.217,1326,"Rainfed","International Institute of Tropical Agriculture IITA","Public"
"Zambia",2023,"E0285","G215","L0136",2,0,240.3333333,80.11,50.33333333,"Purple","Tawny",109.3333333,3,0,1,56.77666667,12.53666667,1672.226667,1,1,1,1,1,1,1,1,1,1,0,1,NA,NA,"12/31/2023","5/12/2024",-12.423,26.217,1326,"Rainfed","International Institute of Tropical Agriculture IITA","Public"
"Zambia",2023,"E0285","G216","L0136",2,0,120.6666667,40.22333333,48.66666667,"White","Tawny",114.6666667,1,0,1,47.78,19.50666667,1412.773333,1,1,1,1,1,1,4,1,1,1,0,1,NA,NA,"12/31/2023","5/5/2024",-12.423,26.217,1326,"Rainfed","International Institute of Tropical Agriculture IITA","Public"
"Zambia",2023,"E0285","G219","L0136",2,0,134.6666667,44.89,49,"White","Tawny",115.6666667,1,0,1,48.66666667,18.25,1594.083333,1,1,1,1,1,1,4,1,1,1,0,1,NA,NA,"12/31/2023","5/5/2024",-12.423,26.217,1326,"Rainfed","International Institute of Tropical Agriculture IITA","Public"
"Zambia",2023,"E0285","G233","L0136",2,0,176.3333333,58.77666667,44.66666667,"White","Tawny",112.6666667,1,0,1,59.22333333,16.54666667,1782.473333,1,1,1,1,1,1,1,1,1,1,0,1,NA,NA,"12/31/2023","5/12/2024",-12.423,26.217,1326,"Rainfed","International Institute of Tropical Agriculture IITA","Public"
"Zambia",2023,"E0285","G235","L0136",2,0,228,76,49,"Purple","Tawny",105,1,0,1,47.67,12.95333333,1467.553333,1,1,1,1,1,1,1,1,1,1,0,1,NA,NA,"12/31/2023","4/29/2024",-12.423,26.217,1326,"Rainfed","International Institute of Tropical Agriculture IITA","Public"
"Zambia",2023,"E0285","G244","L0136",2,0,172.3333333,57.44333333,50.66666667,"Purple","Mixed",105,3,0,1,62.33333333,13.92666667,749.3,1,1,1,1,1,1,1,1,1,1,0,1,NA,NA,"12/31/2023","4/29/2024",-12.423,26.217,1326,"Rainfed","International Institute of Tropical Agriculture IITA","Public"
"Zambia",2023,"E0285","G245","L0136",2,0,205,68.33333333,51.66666667,"Purple","Tawny",109.3333333,1,0,1,53.88666667,12.93333333,1559.766667,1,1,1,1,1,1,1,1,1,1,0,1,NA,NA,"12/31/2023","5/12/2024",-12.423,26.217,1326,"Rainfed","International Institute of Tropical Agriculture IITA","Public"
"Zambia",2023,"E0285","G246","L0136",2,0,106.3333333,35.44333333,53.33333333,"White","Tawny",115,1,0,1,53.33333333,16.92666667,1708.07,1,1,1,1,1,1,1,1,1,1,0,1,NA,NA,"12/31/2023","5/12/2024",-12.423,26.217,1326,"Rainfed","International Institute of Tropical Agriculture IITA","Public"
"Zambia",2023,"E0285","G263","L0136",2,0,197.3333333,65.77666667,56.33333333,"Purple","Tawny",108,4,0,1,62.77666667,51.87666667,1657.26,1,1,1,1,1,1,1,1,1,3,0,1,NA,NA,"12/31/2023","5/12/2024",-12.423,26.217,1326,"Rainfed","International Institute of Tropical Agriculture IITA","Public"
"Zambia",2023,"E0285","G311","L0136",2,0,110,36.66666667,52,"Purple","Tawny",116,1,0,1,56.66333333,13.32666667,996.1866667,1,1,1,1,1,1,1,1,1,1,0,1,NA,NA,"12/31/2023","5/12/2024",-12.423,26.217,1326,"Rainfed","International Institute of Tropical Agriculture IITA","Public"
"Zambia",2023,"E0285","G315","L0136",2,0,173.6666667,57.89,52.66666667,"Purple","Tawny",115.6666667,1,0,1,58.55333333,15.58333333,1521.253333,1,1,1,1,1,1,1,1,1,1,0,1,NA,NA,"12/31/2023","5/12/2024",-12.423,26.217,1326,"Rainfed","International Institute of Tropical Agriculture IITA","Public"
"Zambia",2023,"E0285","G318","L0136",2,0,160.3333333,53.44333333,50.33333333,"Purple","Tawny",111,1,0,1,57.00333333,16.36,1963.906667,1,1,1,1,1,1,1,1,1,1,0,1,NA,NA,"12/31/2023","5/5/2024",-12.423,26.217,1326,"Rainfed","International Institute of Tropical Agriculture IITA","Public"
"Zambia",2023,"E0285","G319","L0136",2,0,148.3333333,49.44333333,52.33333333,"Purple","Tawny",115.6666667,1,0,1,67.44333333,15.50666667,1780.036667,1,1,1,1,1,1,1,1,1,2,0,1,NA,NA,"12/31/2023","5/12/2024",-12.423,26.217,1326,"Rainfed","International Institute of Tropical Agriculture IITA","Public"
"Zambia",2023,"E0285","G321","L0136",2,0,121.8333333,40.61,44,"Purple","Tawny",112.3333333,1,0,1,67.22166667,16.14833333,1281.313333,1,1,1,1,1,1,1,1,1,1,0,1,NA,NA,"12/31/2023","5/12/2024",-12.423,26.217,1326,"Rainfed","International Institute of Tropical Agriculture IITA","Public"
"Zambia",2023,"E0285","G323","L0136",2,0,147.3333333,49.11,51,"Purple","Tawny",107,1,0,1.666666667,55.11333333,15.67,1572.703333,1,1,1,1,1,1,1,1,1,1,0,1,NA,NA,"12/31/2023","5/5/2024",-12.423,26.217,1326,"Rainfed","International Institute of Tropical Agriculture IITA","Public"
"Zambia",2023,"E0285","G335","L0136",2,0,132.3333333,44.11,48.66666667,"Purple","Tawny",110.6666667,2,0,1,46.33333333,16.18666667,1374.536667,1,1,1,1,1,1,1,1,1,2,0,1,NA,NA,"12/31/2023","5/12/2024",-12.423,26.217,1326,"Rainfed","International Institute of Tropical Agriculture IITA","Public"
"Zambia",2023,"E0285","G359","L0136",2,0,178,59.33333333,54,"White","Tawny",113.3333333,1,0,1,52.55666667,15.09333333,1891.586667,1,1,1,1,1,1,1,1,1,2,0,1,NA,NA,"12/31/2023","5/12/2024",-12.423,26.217,1326,"Rainfed","International Institute of Tropical Agriculture IITA","Public"
"Zambia",2023,"E0285","G365","L0136",2,0,187.6666667,62.55333333,49,"Purple","Tawny",101.6666667,1,0,1,55.55333333,12.22,1268.703333,1,1,1,1,1,1,1,1,1,1,0,1,NA,NA,"12/31/2023","4/29/2024",-12.423,26.217,1326,"Rainfed","Department of Agricultural Research Services DARS","Public"
"Malawi",2024,"E0289","G002","L0124",1,0,166,55.33333333,38.66666667,"White","Tawny",106,1,0,1,33.88666667,19.66666667,3205.563333,1,1,1,1,2,1,1,1,1,1,0,1,NA,NA,"7/24/2024","12/9/2024",-16.146,34.874,80,"Irrigation","CSIRO Agriculture and Food","Public"
"Malawi",2024,"E0289","G006","L0124",1,0,179,59.66666667,38,"Purple","Tawny",121,1,0,1,45.77666667,29.33333333,4289.023333,1,1,1,1,3,1,1,1,1,1,0,1,NA,NA,"7/24/2024","12/11/2024",-16.146,34.874,80,"Irrigation","Agricultural Research Council ARC","Public"
"Malawi",2024,"E0289","G018","L0124",1,0,156.6666667,52.22,38.66666667,"Purple","Tawny",106,2,0,1,38.33333333,25.33333333,5197.526667,1,1,1,1,2,1,1,1,1,1,0,1,NA,NA,"7/24/2024","12/11/2024",-16.146,34.874,80,"Irrigation","Ethiopian Institute of Agricultural Research EIAR","Public"
"Malawi",2024,"E0289","G056","L0124",1,0,180.3333333,60.11333333,39.33333333,"Purple","Tawny",121,2,0,1,48.78,29.66666667,7933.403333,1,1,1,1,3,2,1,1,2,1,0,1,NA,NA,"7/24/2024","12/11/2024",-16.146,34.874,80,"Irrigation","ZamSeed","Private"
"Malawi",2024,"E0289","G063","L0124",1,0,160.3333333,53.44333333,42,"Purple","Tawny",116,4,0,1,101.89,21.66666667,3380.466667,1,1,1,1,2,1,1,1,1,1,0,1,NA,NA,"7/24/2024","12/9/2024",-16.146,34.874,80,"Irrigation","Makerere University","Public"
"Malawi",2024,"E0289","G068","L0124",1,0,74.33333333,24.77666667,38,"White","Tawny",103,1,0,1,29,20.66666667,2302.783333,1,1,1,1,2,1,1,1,1,1,0,1,NA,NA,"7/24/2024","12/9/2024",-16.146,34.874,80,"Irrigation","Crop Breeding Institute CBI","Public"
"Malawi",2024,"E0289","G121","L0124",1,0,161.3333333,53.77666667,38.66666667,"Purple","Tawny",121,4,0,1,97.22333333,22.33333333,4035.33,1,1,1,1,2,1,1,1,1,1,0,1,NA,NA,"7/24/2024","12/10/2024",-16.146,34.874,80,"Irrigation","CSIRO Agriculture and Food","Public"
"Malawi",2024,"E0289","G132","L0124",1,0,139.3333333,46.44333333,38,"Purple","Tawny",121,2,0,1,100.78,23.66666667,4524.196667,1,1,1,1,2,2,1,1,1,1,0,1,NA,NA,"7/24/2024","12/11/2024",-16.146,34.874,80,"Irrigation","SeedCo","Private"
"Malawi",2024,"E0289","G142","L0124",1,0,147.3333333,49.11,38,"Purple","Tawny",117,2,0,1,53.11,26.33333333,5148.69,1,1,1,1,2,1,1,1,1,1,0,1,NA,NA,"7/24/2024","12/4/2024",-16.146,34.874,80,"Irrigation","SeedCo","Private"
"Malawi",2024,"E0289","G148","L0124",1,0,177.6666667,59.22333333,37.33333333,"Purple","Tawny",117,1,0,1,35.55333333,19.66666667,3901.563333,1,1,1,1,3,1,1,1,1,1,0,1,NA,NA,"7/24/2024","12/11/2024",-16.146,34.874,80,"Irrigation","SeedCo","Private"
"Malawi",2024,"E0289","G160","L0124",1,0,146,48.66333333,39.33333333,"White","Tawny",113,2,0,1,45.33333333,22,5763.966667,1,1,1,1,2,1,1,1,1,1,0,1,NA,NA,"7/24/2024","12/10/2024",-16.146,34.874,80,"Irrigation","CSIRO Agriculture and Food","Public"
"Malawi",2024,"E0289","G182","L0124",1,0,168,56,38,"Purple","Tawny",121,4,0,1.333333333,92.99666667,19.66666667,2428.13,1,1,1,1,2,1,1,1,1,1,0,1,NA,NA,"7/24/2024","12/9/2024",-16.146,34.874,80,"Irrigation","International Institute of Tropical Agriculture IITA","Public"
"Malawi",2024,"E0289","G188","L0124",1,0,174,57.99666667,39.33333333,"Purple","Tawny",108.6666667,4,0,1,80.22333333,19,3646.713333,1,1,1,1,2,1,1,1,1,1,0,1,NA,NA,"7/24/2024","12/11/2024",-16.146,34.874,80,"Irrigation","International Institute of Tropical Agriculture IITA","Public"
"Malawi",2024,"E0289","G191","L0124",1,0,153,51,40,"Purple","Tawny",102.6666667,2,0,1,61.44666667,21,3868.466667,1,1,1,1,2,2,1,1,1,1,0,1,NA,NA,"7/24/2024","12/4/2024",-16.146,34.874,80,"Irrigation","International Institute of Tropical Agriculture IITA","Public"
"Malawi",2024,"E0289","G193","L0124",1,0,147.3333333,49.11333333,40,"Purple","Grey",105,2,0,1,57.33333333,19,3661.486667,1,1,1,1,2,1,1,1,1,1,0,1,NA,NA,"7/24/2024","12/10/2024",-16.146,34.874,80,"Irrigation","International Institute of Tropical Agriculture IITA","Public"
"Malawi",2024,"E0289","G196","L0124",1,0,164,54.66666667,38.66666667,"White","Tawny",121,4,0,1,86.11333333,18.66666667,4061.803333,1,1,1,1,2,2,1,1,1,1,0,1,NA,NA,"7/24/2024","12/9/2024",-16.146,34.874,80,"Irrigation","International Institute of Tropical Agriculture IITA","Public"
"Malawi",2024,"E0289","G199","L0124",1,0,158.3333333,52.77666667,39.33333333,"Purple","Tawny",111,3,0,1,64.55666667,21.33333333,4825.673333,1,1,1,1,2,1,1,1,1,1,0,1,NA,NA,"7/24/2024","12/11/2024",-16.146,34.874,80,"Irrigation","International Institute of Tropical Agriculture IITA","Public"
"Malawi",2024,"E0289","G204","L0124",1,0,170.6666667,56.89,38.66666667,"Purple","Tawny",105,2,0,1,56.66333333,21.33333333,3849.82,1,1,1,1,2,2,1,1,1,1,0,1,NA,NA,"7/24/2024","12/11/2024",-16.146,34.874,80,"Irrigation","International Institute of Tropical Agriculture IITA","Public"
"Malawi",2024,"E0289","G214","L0124",1,0,169,56.33333333,39.33333333,"Purple","Tawny",110,2,0,1,64.22333333,18,4847.863333,1,1,1,1,2,1,1,1,1,1,0,1,NA,NA,"7/24/2024","12/9/2024",-16.146,34.874,80,"Irrigation","International Institute of Tropical Agriculture IITA","Public"
"Malawi",2024,"E0289","G215","L0124",1,0,129.3333333,43.11333333,36.66666667,"Purple","Tawny",111,2,0,1,44.11,21.33333333,5114.083333,1,1,1,1,2,1,1,1,1,1,0,1,NA,NA,"7/24/2024","12/10/2024",-16.146,34.874,80,"Irrigation","International Institute of Tropical Agriculture IITA","Public"
"Malawi",2024,"E0289","G216","L0124",1,0,183.6666667,61.22,38,"White","Tawny",121,2,0,1,72.44333333,27,5506.193333,1,1,1,1,2,1,1,1,1,1,0,1,NA,NA,"7/24/2024","12/9/2024",-16.146,34.874,80,"Irrigation","International Institute of Tropical Agriculture IITA","Public"
"Malawi",2024,"E0289","G233","L0124",1,0,153.3333333,51.11,37.33333333,"White","Tawny",121,3,0,1,88.33333333,18.33333333,4617.05,1,1,1,1,2,1,1,1,1,1,0,1,NA,NA,"7/24/2024","12/9/2024",-16.146,34.874,80,"Irrigation","International Institute of Tropical Agriculture IITA","Public"
"Malawi",2024,"E0289","G235","L0124",1,0,182.3333333,60.77666667,39.33333333,"Purple","Tawny",106,2,0,1,60.66333333,21,3470.706667,1,1,1,1,2,2,1,1,1,1,0,1,NA,NA,"7/24/2024","12/11/2024",-16.146,34.874,80,"Irrigation","International Institute of Tropical Agriculture IITA","Public"
"Malawi",2024,"E0289","G244","L0124",1,0,157.6666667,52.55333333,40,"Purple","Tawny",106,2,0,1,72,21.33333333,4074.92,1,1,1,1,2,1,1,1,1,1,0,1,NA,NA,"7/24/2024","12/9/2024",-16.146,34.874,80,"Irrigation","International Institute of Tropical Agriculture IITA","Public"
"Malawi",2024,"E0289","G246","L0124",1,0,105.3333333,35.11,40,"Purple","Tawny",113,2,0,1,57.44333333,21.33333333,3361.273333,1,1,1,1,2,2,1,1,1,1,0,1,NA,NA,"7/24/2024","12/10/2024",-16.146,34.874,80,"Irrigation","International Institute of Tropical Agriculture IITA","Public"
"Malawi",2024,"E0289","G285","L0124",1,0,137.3333333,45.77666667,40,"Purple","Tawny",126,2,0,1,110.5566667,18.66666667,3789.913333,1,1,1,1,2,1,1,1,1,1,0,1,NA,NA,"7/24/2024","12/11/2024",-16.146,34.874,80,"Irrigation","International Institute of Tropical Agriculture IITA","Public"
"Malawi",2024,"E0289","G319","L0124",1,0,176,58.67,38,"Purple","Tawny",112,4,0,1,58.00333333,23,4126.91,1,1,1,1,2,1,1,1,1,1,0,1,NA,NA,"7/24/2024","12/10/2024",-16.146,34.874,80,"Irrigation","International Institute of Tropical Agriculture IITA","Public"
"Malawi",2024,"E0289","G338","L0124",1,0,172,57.33333333,36.66666667,"Purple","Tawny",118,2,0,1,73,23.33333333,5492.42,1,1,1,1,2,1,1,1,1,1,0,1,NA,NA,"7/24/2024","12/11/2024",-16.146,34.874,80,"Irrigation","International Institute of Tropical Agriculture IITA","Public"
"Malawi",2024,"E0289","G359","L0124",1,0,142,47.33,36.66666667,"White","Tawny",109,1,0,1,39.66333333,21,3763.453333,1,1,1,1,2,1,1,1,1,1,0,1,NA,NA,"7/24/2024","12/9/2024",-16.146,34.874,80,"Irrigation","International Institute of Tropical Agriculture IITA","Public"
"Malawi",2024,"E0289","G365","L0124",1,0,176.3333333,58.77666667,38,"Purple","Tawny",111,3,0,1,85.77666667,16.33333333,4405.156667,1,1,1,1,2,1,1,1,1,1,0,1,NA,NA,"7/24/2024","12/11/2024",-16.146,34.874,80,"Irrigation","Department of Agricultural Research Services DARS","Public"
"Malawi",2024,"E0290","G002","L0105",1,0,247,82.33333333,56.66666667,"White","Tawny",115.3333333,1,0,1,44.55666667,20,2185.493333,1,1,1,1,2,1,1,1,1,1,0,1,NA,NA,"7/15/2024","12/2/2024",-13.407,33.62,1116,"Irrigation","CSIRO Agriculture and Food","Public"
"Malawi",2024,"E0290","G006","L0105",1,0,182,60.66666667,57,"Purple","Tawny",119.6666667,1,0,1,45.22333333,22.33333333,3057.37,1,1,1,1,1,1,1,1,1,1,0,1,NA,NA,"7/15/2024","12/12/2024",-13.407,33.62,1116,"Irrigation","Agricultural Research Council ARC","Public"
"Malawi",2024,"E0290","G018","L0105",1,0,222.3333333,74.11,59.33333333,"Purple","Grey",122.6666667,1,0,1,51.33333333,18.66666667,2201.216667,1,1,1,1,1,1,1,1,1,1,0,1,NA,NA,"7/15/2024","12/12/2024",-13.407,33.62,1116,"Irrigation","Ethiopian Institute of Agricultural Research EIAR","Public"
"Malawi",2024,"E0290","G056","L0105",1,0,225,75,59.66666667,"Purple","Tawny",84,1,0,0.666666667,34.89,22.66666667,2469.356667,1,1,1,1,1,1,1,1,1,1,0,1,NA,NA,"7/15/2024","12/12/2024",-13.407,33.62,1116,"Irrigation","ZamSeed","Private"
"Malawi",2024,"E0290","G063","L0105",1,0,259.3333333,86.44333333,68,"Purple","Grey",84,4,0,0.666666667,64.22333333,21.33333333,3132.336667,1,1,1,1,1,1,1,1,1,1,0,1,NA,NA,"7/15/2024","12/10/2024",-13.407,33.62,1116,"Irrigation","Makerere University","Public"
"Malawi",2024,"E0290","G068","L0105",1,0,163.3333333,54.44333333,56.66666667,"White","Grey",118.6666667,1,0,1,42.22,23,3257.47,1,1,1,1,1,1,1,1,1,1,0,1,NA,NA,"7/15/2024","12/2/2024",-13.407,33.62,1116,"Irrigation","Crop Breeding Institute CBI","Public"
"Malawi",2024,"E0290","G121","L0105",1,0,229,76.33333333,60.33333333,"Purple","Grey",126,2,0,1.333333333,65.44333333,20.33333333,1896.123333,1,1,1,1,2,1,1,1,1,1,0,1,NA,NA,"7/15/2024","12/2/2024",-13.407,33.62,1116,"Irrigation","CSIRO Agriculture and Food","Public"
"Malawi",2024,"E0290","G132","L0105",1,0,280.3333333,93.44333333,57.66666667,"Purple","Grey",122.6666667,1,0,1,63.33333333,19,2424.116667,1,1,1,1,2,1,1,1,1,1,0,1,NA,NA,"7/15/2024","12/12/2024",-13.407,33.62,1116,"Irrigation","SeedCo","Private"
"Malawi",2024,"E0290","G142","L0105",1,0,187.6666667,62.55666667,59.66666667,"Purple","Tawny",40.33333333,0,0,0.333333333,22.89,23,4249.953333,1,1,1,1,2,1,1,1,1,1,0,1,NA,NA,"7/15/2024","12/12/2024",-13.407,33.62,1116,"Irrigation","SeedCo","Private"
"Malawi",2024,"E0290","G148","L0105",1,0,230,76.66666667,59.66666667,"Purple","Tawny",120,1,0,1,47.89,22.66666667,3023.523333,1,1,1,1,1,1,1,1,1,1,0,1,NA,NA,"7/15/2024","12/2/2024",-13.407,33.62,1116,"Irrigation","SeedCo","Private"
"Malawi",2024,"E0290","G160","L0105",1,0,229.3333333,76.44666667,56,"White","Tawny",116.6666667,1,0,1,40.77666667,20.33333333,2758.56,1,1,1,1,2,1,1,1,1,1,0,1,NA,NA,"7/15/2024","12/2/2024",-13.407,33.62,1116,"Irrigation","CSIRO Agriculture and Food","Public"
"Malawi",2024,"E0290","G182","L0105",1,0,283.6666667,94.55666667,68,"Purple","Grey",126,2,0,1,69.33333333,22.33333333,2231.703333,1,1,1,1,1,1,1,1,1,1,0,1,NA,NA,"7/15/2024","12/2/2024",-13.407,33.62,1116,"Irrigation","International Institute of Tropical Agriculture IITA","Public"
"Malawi",2024,"E0290","G188","L0105",1,0,300,100,56,"Purple","Grey",113,1,0,1,55.11333333,20.33333333,3567.096667,1,1,1,1,1,1,1,1,1,1,0,1,NA,NA,"7/15/2024","11/22/2024",-13.407,33.62,1116,"Irrigation","International Institute of Tropical Agriculture IITA","Public"
"Malawi",2024,"E0290","G191","L0105",1,0,271.6666667,90.55333333,61,"Purple","Grey",118.3333333,2,0,1,56.44333333,23.33333333,3336.603333,1,1,1,1,1,1,1,1,1,1,0,1,NA,NA,"7/15/2024","11/22/2024",-13.407,33.62,1116,"Irrigation","International Institute of Tropical Agriculture IITA","Public"
"Malawi",2024,"E0290","G193","L0105",1,0,231,77,65.33333333,"Purple","Tawny",77.66666667,3,0,0.666666667,45.89,20,2296.106667,1,1,1,1,1,1,1,1,1,1,0,1,NA,NA,"7/15/2024","12/2/2024",-13.407,33.62,1116,"Irrigation","International Institute of Tropical Agriculture IITA","Public"
"Malawi",2024,"E0290","G196","L0105",1,0,253,84.33333333,54.66666667,"White","Grey",122.6666667,2,0,1,61.89,24.33333333,3518.153333,1,1,1,1,1,1,1,1,1,1,0,1,NA,NA,"7/15/2024","12/2/2024",-13.407,33.62,1116,"Irrigation","International Institute of Tropical Agriculture IITA","Public"
"Malawi",2024,"E0290","G199","L0105",1,0,209.3333333,69.77666667,60.33333333,"Purple","Grey",124.3333333,3,0,1,74.89,21.33333333,2722.376667,1,1,1,1,1,1,1,1,1,1,0,1,NA,NA,"7/15/2024","12/2/2024",-13.407,33.62,1116,"Irrigation","International Institute of Tropical Agriculture IITA","Public"
"Malawi",2024,"E0290","G204","L0105",1,0,249.6666667,83.22333333,66,"Purple","Tawny",122.6666667,1,0,1,65.66666667,23.66666667,3776.76,1,1,1,1,1,1,1,1,1,1,0,1,NA,NA,"7/15/2024","12/2/2024",-13.407,33.62,1116,"Irrigation","International Institute of Tropical Agriculture IITA","Public"
"Malawi",2024,"E0290","G214","L0105",1,0,271.6666667,90.55666667,61.33333333,"Purple","Grey",118,1,0,1,59.88666667,21.66666667,3262.753333,1,1,1,1,1,1,1,1,1,1,0,1,NA,NA,"7/15/2024","12/2/2024",-13.407,33.62,1116,"Irrigation","International Institute of Tropical Agriculture IITA","Public"
"Malawi",2024,"E0290","G215","L0105",1,0,196,65.33333333,60.66666667,"White","Grey",121,1,0,1,61.89,22,3333.25,1,1,1,1,1,1,1,1,1,1,0,1,NA,NA,"7/15/2024","12/2/2024",-13.407,33.62,1116,"Irrigation","International Institute of Tropical Agriculture IITA","Public"
"Malawi",2024,"E0290","G216","L0105",1,0,176.3333333,58.77666667,60.33333333,"White","Tawny",82.33333333,1,0,0.666666667,46.33333333,21,3156.053333,1,1,1,1,2,1,1,1,1,1,0,1,NA,NA,"7/15/2024","12/10/2024",-13.407,33.62,1116,"Irrigation","International Institute of Tropical Agriculture IITA","Public"
"Malawi",2024,"E0290","G233","L0105",1,0,228,76,56,"White","Grey",122.6666667,1,0,1,59.00333333,18.66666667,3594.076667,1,1,1,1,1,1,1,1,1,1,0,1,NA,NA,"7/15/2024","12/2/2024",-13.407,33.62,1116,"Irrigation","International Institute of Tropical Agriculture IITA","Public"
"Malawi",2024,"E0290","G235","L0105",1,0,191,63.66666667,59.33333333,"Purple","Grey",120.3333333,1,0,1,50.44333333,21.33333333,3194.383333,1,1,1,1,1,1,1,1,1,1,0,1,NA,NA,"7/15/2024","12/2/2024",-13.407,33.62,1116,"Irrigation","International Institute of Tropical Agriculture IITA","Public"
"Malawi",2024,"E0290","G244","L0105",1,0,300,100,60,"Purple","Tawny",114.3333333,2,0,1,62.33333333,19.66666667,3573.356667,1,1,1,1,1,1,1,1,1,1,0,1,NA,NA,"7/15/2024","11/22/2024",-13.407,33.62,1116,"Irrigation","International Institute of Tropical Agriculture IITA","Public"
"Malawi",2024,"E0290","G246","L0105",1,0,102,34,59,"Purple","Tawny",120,1,0,1,51.33,23.33333333,3731.816667,1,1,1,1,1,1,1,1,1,1,0,1,NA,NA,"7/15/2024","11/22/2024",-13.407,33.62,1116,"Irrigation","International Institute of Tropical Agriculture IITA","Public"
"Malawi",2024,"E0290","G285","L0105",1,0,221,73.66666667,70.33333333,"Purple",NA,0,0,0,0,0,21.33333333,1974.753333,1,1,1,1,1,1,1,1,1,1,0,1,NA,NA,"7/15/2024","12/19/2024",-13.407,33.62,1116,"Irrigation","International Institute of Tropical Agriculture IITA","Public"
"Malawi",2024,"E0290","G319","L0105",1,0,268.6666667,89.55333333,60.33333333,"Purple","Tawny",126,2,0,1,65.22,19.33333333,3147.126667,1,1,1,1,1,1,1,1,1,1,0,1,NA,NA,"7/15/2024","12/10/2024",-13.407,33.62,1116,"Irrigation","International Institute of Tropical Agriculture IITA","Public"
"Malawi",2024,"E0290","G338","L0105",1,0,265.3333333,88.44333333,59.66666667,"Purple","Tawny",119.3333333,1,0,1,59.22333333,23.66666667,6673.906667,1,1,1,1,1,1,1,1,1,1,0,1,NA,NA,"7/15/2024","12/2/2024",-13.407,33.62,1116,"Irrigation","International Institute of Tropical Agriculture IITA","Public"
"Malawi",2024,"E0290","G359","L0105",1,0,261.6666667,87.22,62.33333333,"White","Tawny",122.6666667,1,0,1,55.99666667,22.66666667,3659.45,1,1,1,1,1,1,1,1,1,1,0,1,NA,NA,"7/15/2024","12/2/2024",-13.407,33.62,1116,"Irrigation","International Institute of Tropical Agriculture IITA","Public"
"Malawi",2024,"E0290","G365","L0105",1,0,297,99,54.66666667,"Purple","Grey",114,2,0,1,54.89,21.66666667,2962.483333,1,1,1,1,1,1,1,1,1,1,0,1,NA,NA,"7/15/2024","11/22/2024",-13.407,33.62,1116,"Irrigation","Department of Agricultural Research Services DARS","Public"
"Malawi",2024,"E0292","G002","L0138",2,0,166.3333333,83.16666667,45,"White","Grey",99,3,0,1,62.88666667,29,2154.94,1,1,1,1,1,1,1,1,1,1,0,1,NA,NA,"1/3/2025","5/7/2025",-12.947,33.688,1070,"Rainfed","CSIRO Agriculture and Food","Public"
"Malawi",2024,"E0292","G018","L0138",2,0,90.33333333,45.16666667,130,"Purple","Tawny",102,1,0,1,82.78,20,2666.513333,1,1,1,1,1,1,1,1,1,1,0,1,NA,NA,"1/3/2025","5/7/2025",-12.947,33.688,1070,"Rainfed","Ethiopian Institute of Agricultural Research EIAR","Public"
"Malawi",2024,"E0292","G056","L0138",2,0,141.3333333,70.66666667,45,"Purple","Grey",104,1,0,1,73.55666667,19.66666667,3515.67,1,1,1,1,1,1,1,1,1,1,0,1,NA,NA,"1/3/2025","5/7/2025",-12.947,33.688,1070,"Rainfed","ZamSeed","Private"
"Malawi",2024,"E0292","G063","L0138",2,0,158,79,53,"White","Mixed",115,4,0,1,104.11,20,3383.413333,1,1,1,1,1,1,1,1,1,1,0,1,NA,NA,"1/3/2025","5/7/2025",-12.947,33.688,1070,"Rainfed","Makerere University","Public"
"Malawi",2024,"E0292","G068","L0138",2,0,148,74,44,"White","Tawny",102,1,0,1,51.11,21.66666667,3445.29,1,1,1,1,1,1,1,1,1,1,0,1,NA,NA,"1/3/2025","5/7/2025",-12.947,33.688,1070,"Rainfed","Crop Breeding Institute CBI","Public"
"Malawi",2024,"E0292","G143","L0138",2,0,163.3333333,81.66666667,46,"White","Tawny",106,1,0,1,78.55666667,19.66666667,3523.41,1,1,1,1,1,1,1,1,1,1,0,1,NA,NA,"1/3/2025","5/7/2025",-12.947,33.688,1070,"Rainfed","SeedCo","Private"
"Malawi",2024,"E0292","G145","L0138",2,0,178.6666667,89.33333333,47,"Purple","Tawny",112.6666667,1,0,1,90.88666667,20,3649.886667,1,1,1,1,1,1,1,1,1,1,0,1,NA,NA,"1/3/2025","5/7/2025",-12.947,33.688,1070,"Rainfed","SeedCo","Private"
"Malawi",2024,"E0292","G182","L0138",2,0,130,65,54,"Purple","Mixed",112,3,0,1,68.77666667,16.96666667,3072.296667,1,1,1,1,1,1,1,1,1,1,0,1,NA,NA,"1/3/2025","5/7/2025",-12.947,33.688,1070,"Rainfed","International Institute of Tropical Agriculture IITA","Public"
"Malawi",2024,"E0292","G188","L0138",2,0,138.6666667,69.33333333,47,"Purple","Tawny",99,1,0,1,64,20,3551.76,1,1,1,1,1,1,1,1,1,1,0,1,NA,NA,"1/3/2025","5/7/2025",-12.947,33.688,1070,"Rainfed","International Institute of Tropical Agriculture IITA","Public"
"Malawi",2024,"E0292","G194","L0138",2,0,107.6666667,53.83333333,49,"Purple","Tawny",116,1,0,1,69.88666667,19,4368.313333,1,1,1,1,1,1,1,1,1,1,0,1,NA,NA,"1/3/2025","5/7/2025",-12.947,33.688,1070,"Rainfed","International Institute of Tropical Agriculture IITA","Public"
"Malawi",2024,"E0292","G196","L0138",2,0,121.3333333,60.66666667,45,"White","Mixed",106,1,0,1,73.44666667,19.66666667,3960.653333,1,1,1,1,1,1,1,1,1,1,0,1,NA,NA,"1/3/2025","5/7/2025",-12.947,33.688,1070,"Rainfed","International Institute of Tropical Agriculture IITA","Public"
"Malawi",2024,"E0292","G198","L0138",2,0,150.6666667,75.33333333,50,"Purple","Tawny",104,2,0,1,68.11,19.66666667,3625.326667,1,1,1,1,1,1,1,1,1,1,0,1,NA,NA,"1/3/2025","5/7/2025",-12.947,33.688,1070,"Rainfed","International Institute of Tropical Agriculture IITA","Public"
"Malawi",2024,"E0292","G199","L0138",2,0,6.333333333,3.166666667,50,"Purple","Mixed",70.66666667,2,0,0.666666667,56.33333333,12.66666667,1272.245,1,1,1,1,1,1,1,1,1,1,0,1,NA,NA,"1/3/2025","5/7/2025",-12.947,33.688,1070,"Rainfed","International Institute of Tropical Agriculture IITA","Public"
"Malawi",2024,"E0292","G204","L0138",2,0,106.3333333,53.16666667,47,"Purple","Grey",103,1,0,1,66,20,4188.58,1,1,1,1,1,1,1,1,1,1,0,1,NA,NA,"1/3/2025","5/7/2025",-12.947,33.688,1070,"Rainfed","International Institute of Tropical Agriculture IITA","Public"
"Malawi",2024,"E0292","G207","L0138",2,0,113.6666667,56.83333333,46,"Purple","Grey",106,2,0,1,88.66666667,20,3071.343333,1,1,1,1,1,1,1,1,1,1,0,1,NA,NA,"1/3/2025","5/7/2025",-12.947,33.688,1070,"Rainfed","International Institute of Tropical Agriculture IITA","Public"
"Malawi",2024,"E0292","G214","L0138",2,0,157.6666667,78.83333333,47,"Purple","Mixed",104,1,0,1,70.00333333,20,4620.613333,1,1,1,1,1,1,1,1,1,1,0,1,NA,NA,"1/3/2025","5/7/2025",-12.947,33.688,1070,"Rainfed","International Institute of Tropical Agriculture IITA","Public"
"Malawi",2024,"E0292","G215","L0138",2,0,134.6666667,67.33333333,50,"Purple","Tawny",102,3,0,1,63.88666667,19.66666667,3988.043333,1,1,1,1,1,1,1,1,1,1,0,1,NA,NA,"1/3/2025","5/7/2025",-12.947,33.688,1070,"Rainfed","International Institute of Tropical Agriculture IITA","Public"
"Malawi",2024,"E0292","G216","L0138",2,0,120,60,47,"White","Tawny",111,1,0,1,67.33,19.33333333,3310.383333,1,1,1,1,1,1,1,1,1,1,0,1,NA,NA,"1/3/2025","5/7/2025",-12.947,33.688,1070,"Rainfed","International Institute of Tropical Agriculture IITA","Public"
"Malawi",2024,"E0292","G219","L0138",2,0,150.3333333,75.16666667,44,"White","Tawny",104,1,0,1,67.55333333,20,2747.93,1,1,1,1,1,1,1,1,1,1,0,1,NA,NA,"1/3/2025","5/7/2025",-12.947,33.688,1070,"Rainfed","International Institute of Tropical Agriculture IITA","Public"
"Malawi",2024,"E0292","G233","L0138",2,0,99.66666667,49.83333333,44,"White","Tawny",105,3,0,1,79,19.66666667,3889.196667,1,1,1,1,1,1,1,1,1,1,0,1,NA,NA,"1/3/2025","5/7/2025",-12.947,33.688,1070,"Rainfed","International Institute of Tropical Agriculture IITA","Public"
"Malawi",2024,"E0292","G235","L0138",2,0,131.3333333,65.66666667,47,"Purple","Mixed",102,1,0,1,72.77666667,19.33333333,4813.026667,1,1,1,1,1,1,1,1,1,1,0,1,NA,NA,"1/3/2025","5/7/2025",-12.947,33.688,1070,"Rainfed","International Institute of Tropical Agriculture IITA","Public"
"Malawi",2024,"E0292","G238","L0138",2,0,128.3333333,64.16666667,46,"Purple","Mixed",104,1,0,1,71.11,20,4713.37,1,1,1,1,1,1,1,1,1,1,0,1,NA,NA,"1/3/2025","5/7/2025",-12.947,33.688,1070,"Rainfed","International Institute of Tropical Agriculture IITA","Public"
"Malawi",2024,"E0292","G244","L0138",2,0,112,56,48,"Purple","Grey",104,1,0,1,77.78,19,3744.52,1,1,1,1,1,1,1,1,1,1,0,1,NA,NA,"1/3/2025","5/7/2025",-12.947,33.688,1070,"Rainfed","International Institute of Tropical Agriculture IITA","Public"
"Malawi",2024,"E0292","G255","L0138",2,0,118.6666667,59.33333333,49,"Purple","Tawny",105,2,0,1,77.89,19.33333333,3085.593333,1,1,1,1,1,1,1,1,1,1,0,1,NA,NA,"1/3/2025","5/7/2025",-12.947,33.688,1070,"Rainfed","International Institute of Tropical Agriculture IITA","Public"
"Malawi",2024,"E0292","G263","L0138",2,0,136,68,48,"Purple","Grey",102,1,0,1,72.77666667,20,3676.553333,1,1,1,1,1,1,1,1,1,1,0,1,NA,NA,"1/3/2025","5/7/2025",-12.947,33.688,1070,"Rainfed","International Institute of Tropical Agriculture IITA","Public"
"Malawi",2024,"E0292","G308","L0138",2,0,99.33333333,49.66666667,49,"Purple","Tawny",115,1,0,1,80.55333333,19.33333333,3397.43,1,1,1,1,1,1,1,1,1,1,0,1,NA,NA,"1/3/2025","5/7/2025",-12.947,33.688,1070,"Rainfed","International Institute of Tropical Agriculture IITA","Public"
"Malawi",2024,"E0292","G310","L0138",2,0,73.33333333,36.66666667,50,"Purple","Tawny",112,1,0,1,108.4433333,20,3484.673333,1,1,1,1,1,1,1,1,1,1,0,1,NA,NA,"1/3/2025","5/7/2025",-12.947,33.688,1070,"Rainfed","International Institute of Tropical Agriculture IITA","Public"
"Malawi",2024,"E0292","G319","L0138",2,0,105.6666667,52.83333333,50,"Purple","Tawny",115,1,0,1,82.55333333,20,3229.233333,1,1,1,1,1,1,1,1,1,1,0,1,NA,NA,"1/3/2025","5/7/2025",-12.947,33.688,1070,"Rainfed","International Institute of Tropical Agriculture IITA","Public"
"Malawi",2024,"E0292","G320","L0138",2,0,144.6666667,72.33333333,48,"Purple","Mixed",103,1,0,1,107.5566667,18.66666667,4038.7,1,1,1,1,1,1,1,1,1,1,0,1,NA,NA,"1/3/2025","5/7/2025",-12.947,33.688,1070,"Rainfed","International Institute of Tropical Agriculture IITA","Public"
"Malawi",2024,"E0292","G321","L0138",2,0,92.66666667,46.33333333,134,"Purple","Tawny",111,1,0,1,112.6666667,20.66666667,3318.466667,1,1,1,1,1,1,1,1,1,1,0,1,NA,NA,"1/3/2025","5/7/2025",-12.947,33.688,1070,"Rainfed","International Institute of Tropical Agriculture IITA","Public"
"Malawi",2024,"E0292","G359","L0138",2,0,131.3333333,65.66666667,48,"White","Grey",111,1,0,1,116.2233333,22.66666667,3994.213333,1,1,1,1,1,1,1,1,1,1,0,1,NA,NA,"1/3/2025","5/7/2025",-12.947,33.688,1070,"Rainfed","International Institute of Tropical Agriculture IITA","Public"
"Malawi",2024,"E0292","G365","L0138",2,0,114,57,49,"Purple","Tawny",99,1,0,1.333333333,84.44666667,18,4056.553333,1,1,1,1,1,1,1,1,1,1,0,1,NA,NA,"1/3/2025","5/7/2025",-12.947,33.688,1070,"Rainfed","Department of Agricultural Research Services DARS","Public"
